索引1,词项1,索引2,词项2,索引3,词项3,索引4,词项4,索引5,词项5,索引6,词项6,索引7,词项7,索引8,词项8,索引9,词项9,索引10,词项10
0,一丁,5000,傲然,10000,周涛,15000,容奶,20000,成型,25000,本年度,30000,清炖,35000,石扉,40000,蓝天白云,45000,酸酸的
1,一丁点,5001,傲绣网,10001,周润发,15001,容容,20001,成堆,25001,本应,30001,清热,35001,石斑鱼,40001,蓝宇,45001,酿成
2,一万,5002,傲雪,10002,周游,15002,容忍,20002,成天,25002,本店,30002,清爽,35002,石星,40002,蓝宝石,45002,酿造
3,一万个,5003,傲骨,10003,周游世界,15003,容易接受,20003,成好,25003,本微博,30003,清理,35003,石景山,40003,蓝屏,45003,酿酒
4,一万倍,5004,傻乎乎,10004,周炜,15004,容祖儿,20004,成家,25004,本心,30004,清甜,35004,石景山游乐园,40004,蓝山,45004,酿酒师
5,一万元,5005,傻乐,10005,周猫,15005,容纳,20005,成就,25005,本性,30005,清白,35005,石板,40005,蓝帆,45005,醇厚
6,一万多,5006,傻傻,10006,周瑜,15006,容许,20006,成就感,25006,本想,30006,清盈,35006,石板路,40006,蓝本,45006,醇堂
7,一万年,5007,傻傻的,10007,周瑭,15007,容貌,20007,成年人,25007,本意,30007,清真,35007,石林,40007,蓝楹,45007,醇香
8,一万次,5008,傻冒,10008,周知,15008,容量,20008,成志笑,25008,本报,30008,清真寺,35008,石柱,40008,蓝波,45008,醉人
9,一万遍,5009,傻到,10009,周立波,15009,容错过,20009,成才,25009,本报记者,30009,清真馆,35009,石梅湾,40009,蓝海,45009,醉态
10,一丈,5010,傻呱,10010,周笔畅,15010,容颜,20010,成效,25010,本文,30010,清秀,35010,石楼,40010,蓝港,45010,醉房
11,一三五,5011,傻子,10011,周而复始,15011,宽和堂,20011,成文,25011,本是,30011,清科,35011,石榴,40011,蓝点,45011,醉汉
12,一上,5012,傻帽,10012,周舫,15012,宽姐,20012,成日,25012,本月,30012,清空,35012,石榴树,40012,蓝牙,45012,醉漫
13,一上午,5013,傻瓜,10013,周董,15013,宽容,20013,成本,25013,本月底,30013,清纯,35013,石沉大海,40013,蓝瓶,45013,醉生梦死
14,一上台,5014,傻眼,10014,周虾,15014,宽宽,20014,成林,25014,本朝,30014,清肺,35014,石油,40014,蓝眼睛,45014,醉眼
15,一下下,5015,傻笑,10015,周要,15015,宽带,20015,成果,25015,本期,30015,清茶,35015,石湖,40015,蓝米子,45015,醉美
16,一下子,5016,傻蛋,10016,周贱,15016,宽广,20016,成正比,25016,本本,30016,清茶淡饭,35016,石狮,40016,蓝粉,45016,醉翁
17,一下子把,5017,像不像,10017,周转,15017,宽度,20017,成泪,25017,本条,30017,清荷,35017,石破天,40017,蓝精宁,45017,醉街
18,一不小心,5018,像是,10018,周边,15018,宽心,20018,成浩,25018,本来,30018,清莱,35018,石磊,40018,蓝精灵,45018,醉语
19,一不留神,5019,像样,10019,周边游,15019,宽怀,20019,成灾,25019,本杰,30019,清蒸,35019,石磨,40019,蓝紫色,45019,醉过
20,一世,5020,像素,10020,周迅,15020,宽恕,20020,成熟,25020,本次,30020,清蒸鱼,35020,石祖,40020,蓝翔,45020,醉酒
21,一丝,5021,僧人,10021,周遭,15021,宽慰,20021,成片,25021,本溪,30021,清补凉,35021,石膏,40021,蓝色,45021,醉金刚
22,一丝不苟,5022,僵尸,10022,周铁东,15022,宽敞,20022,成真,25022,本片,30022,清迈,35022,石讷,40022,蓝花,45022,醋业
23,一丝丝,5023,僵硬,10023,周长,15023,宽松,20023,成立,25023,本狼,30023,清远,35023,石运君,40023,蓝莓,45023,醋溜
24,一两,5024,儒雅,10024,周雪梅,15024,宽窄,20024,成精,25024,本班,30024,清透,35024,石述,40024,蓝莲花,45024,醍醐
25,一两个,5025,儿们,10025,周静平,15025,宽粉,20025,成绩,25025,本田,30025,清道夫,35025,石锅,40025,蓝蓝,45025,醍醐灌顶
26,一个个,5026,儿儿,10026,周颖,15026,宽街,20026,成绩单,25026,本真,30026,清酒,35026,石门,40026,蓝蓝的,45026,醒悟
27,一个劲,5027,儿别,10027,周飞,15027,宽阔,20027,成群,25027,本科,30027,清醒,35027,石阶,40027,蓝调,45027,醒来
28,一个包,5028,儿去,10028,周鸿,15028,宾利,20028,成色,25028,本职工作,30028,清闲,35028,石雕,40028,蓝迦,45028,醒目
29,一个半,5029,儿大,10029,周黑,15029,宾客,20029,成行,25029,本能,30029,清除,35029,石鸡,40029,蓝领,45029,醒过来
30,一个多,5030,儿太,10030,呱呱,15030,宾得,20030,成语,25030,本色,30030,清雅,35030,矽鼎,40030,蓝风,45030,醒醒
31,一个多月,5031,儿女,10031,呱唧,15031,宾朋,20031,成败,25031,本该,30031,清零,35031,矿工,40031,蓝驰,45031,醪糟
32,一个天,5032,儿好,10032,味儿,15032,宾果,20032,成都,25032,本该如此,30032,清霜,35032,矿泉水,40032,蓝鲸,45032,采买
33,一个头,5033,儿妈,10033,味全,15033,宾格,20033,成都市,25033,本质,30033,清静,35033,矿泉水瓶,40033,蓝鸟,45033,采儿
34,一个打,5034,儿媳,10034,味十足,15034,宾至如归,20034,成都王,25034,本赛季,30034,清音,35034,矿物质,40034,蓝黑,45034,采摘
35,一个月,5035,儿媳妇,10035,味好,15035,宾馆,20035,成都电视台,25035,本轮,30035,清韵,35035,码农,40035,蓟县,45035,采撷
36,一个样,5036,儿子,10036,味妙,15036,宿主,20036,成钢,25036,本金,30036,清颜,35036,码头,40036,蓟小豚,45036,采用
37,一个点,5037,儿孙,10037,味精,15037,宿务,20037,成长,25037,本钱,30037,清风,35037,码字,40037,蓦然,45037,采纳
38,一个班,5038,儿张,10038,味美,15038,宿命,20038,成问题,25038,本镜,30038,清风明月,35038,砂劳越,40038,蓦然回首,45038,采花
39,一个男孩,5039,儿怒,10039,味蕾,15039,宿舍,20039,成隆行,25039,本院,30039,清香,35039,砂拉越,40039,蓬勃,45039,采茶
40,一个顶,5040,儿戏,10040,味觉,15040,宿迁,20040,成音,25040,本领,30040,清高,35040,砂糖,40040,蓬头垢面,45040,采薇
41,一中,5041,儿时,10041,味道,15041,宿醉,20041,成龙,25041,札幌,30041,渊博,35041,砂锅,40041,蔑视,45041,采蘑菇
42,一串,5042,儿有,10042,味道鲜美,15042,寂寞,20042,我七雨,25042,术后,30042,渊源,35042,砍价,40042,蔓延,45042,采蝶轩
43,一举,5043,儿来,10043,呵呵哈,15043,寂寥,20043,我下,25043,术庆,30043,渐变,35043,砍伐,40043,蔓越莓,45043,采血
44,一乐,5044,儿歌,10044,呵护,15044,寂静,20044,我个,25044,朱丹,30044,渐渐,35044,砍掉,40044,蔚县,45044,采访
45,一九,5045,儿求,10045,呵斥,15045,寂静岭,20045,我乐,25045,朱丽倩,30045,渐行,35045,砍杀,40045,蔚蓝,45045,采购
46,一九四二,5046,儿汗,10046,呻吟,15046,寄予,20046,我亲,25046,朱丽叶,30046,渐行渐,35046,砍柴,40046,蔚蓝色,45046,采购员
47,一书,5047,儿泪,10047,呼伦贝尔,15047,寄养,20047,我人,25047,朱丽帆,30047,渐近,35047,砍死,40047,蔡丽娜,45047,采采
48,一事,5048,儿滴,10048,呼叫,15048,寄出,20048,我付,25048,朱云侠,30048,渐远,35048,砒霜,40048,蔡依林,45048,采集
49,一二,5049,儿爱,10049,呼吁,15049,寄到,20049,我以,25049,朱亚,30049,渔业,35049,研习,40049,蔡兄,45049,采风
50,一二三,5050,儿真,10050,呼吸,15050,寄回,20050,我们仨,25050,朱亚文,30050,渔人,35050,研制,40050,蔡先生,45050,释不归
51,一五,5051,儿童,10051,呼吸困难,15051,寄存,20051,我份,25051,朱令,30051,渔具,35051,研发,40051,蔡军,45051,释义
52,一亩,5052,儿童医院,10052,呼吸系统,15052,寄情,20052,我会,25052,朱令案,30052,渔唱,35052,研子,40052,蔡卓妍,45052,释怀
53,一亮,5053,儿童节,10053,呼吸道,15053,寄托,20053,我信,25053,朱俊,30053,渔夫,35053,研所,40053,蔡国平,45053,释放
54,一人,5054,儿纸,10054,呼呼,15054,寄来,20054,我俩,25054,朱元璋,30054,渔家,35054,研磨,40054,蔡小,45054,释然
55,一人份,5055,儿行,10055,呼呼大睡,15055,寄生,20055,我儿,25055,朱先生,30055,渔府,35055,研究,40055,蔡小岑,45055,释迦
56,一亿,5056,儿行千里母担忧,10056,呼和浩特,15056,寄生虫,20056,我先,25056,朱兔,30056,渔政,35056,研究会,40056,蔡小爆,45056,释迦牟尼
57,一仁王,5057,儿要,10057,呼唤,15057,寄相思,20057,我党,25057,朱八贱,30057,渔村,35057,研究员,40057,蔡少芬,45057,释道
58,一付,5058,儿赞,10058,呼啸,15058,寄给,20058,我全,25058,朱军萍,30058,渔樵,35058,研究成果,40058,蔡尹,45058,里个
59,一仙,5059,儿过,10059,呼啸而过,15059,寄语,20059,我关,25059,朱力,30059,渔民,35059,研究所,40059,蔡康永,45059,里会
60,一代,5060,儿郎,10060,呼喊,15060,寄过来,20060,我养,25060,朱力安,30060,渔船,35060,研究生,40060,蔡文军,45060,里加
61,一代人,5061,儿里,10061,呼噜,15061,寄送,20061,我册,25061,朱发东,30061,渗人,35061,研究院,40061,蔡文冰,45061,里士满
62,一代宗师,5062,儿马,10062,呼声,15062,密云,20062,我军,25062,朱古力,30062,渗透,35062,研讨,40062,蔡文胜,45062,里外
63,一件,5063,兀鹏辉,10063,呼应,15063,密切接触,20063,我出,25063,朱哥,30063,渗透到,35063,研讨会,40063,蔡明,45063,里头
64,一份,5064,元书小白,10064,呼朋唤友,15064,密友,20064,我切,25064,朱哲琴,30064,渝州,35064,研食,40064,蔡景晖,45064,里存
65,一休,5065,元人,10065,呼死你,15065,密室,20065,我刚,25065,朱啸,30065,渠道,35065,砖头,40065,蔡杰,45065,里尼
66,一休哥,5066,元代,10066,命中注定,15066,密密,20066,我别,25066,朱坤岭,30066,渡假,35066,砖家,40066,蔡澜,45066,里屋
67,一众,5067,元位,10067,命令,15067,密密麻麻,20067,我前,25067,朱妈,30067,渡口,35067,砖雕,40067,蔡烨,45067,里弄
68,一伙,5068,元元,10068,命名,15068,密封,20068,我加,25068,朱姐,30068,渡江,35068,砰砰,40068,蔡生,45068,里德
69,一会,5069,元元溪,10069,命格,15069,密探,20069,我勒,25069,朱威廉,30069,渡边,35069,破事,40069,蔡紫芬,45069,里拉
70,一会儿,5070,元凶,10070,命案,15070,密斯,20070,我勒个,25070,朱子,30070,渡过,35070,破五,40070,蔡舟,45070,里斯本
71,一位,5071,元子,10071,命理,15071,密码,20071,我包,25071,朱学,30071,渣怒,35071,破产,40071,蔡英元,45071,里昂
72,一住,5072,元宝,10072,命脉,15072,密语,20072,我发,25072,朱学东,30072,渣浪,35072,破例,40072,蔡蔡,45072,里格
73,一体,5073,元宵,10073,命苦,15073,密谋,20073,我受,25073,朱宁杰,30073,渣滓,35073,破冰,40073,蔡诗要,45073,里泪
74,一体化,5074,元宵节,10074,命运,15074,密钥,20074,我司,25074,朱家角,30074,渤海,35074,破发,40074,蔡避,45074,里游
75,一例,5075,元帅,10075,命题,15075,密闭,20075,我命,25075,朱小,30075,温习,35075,破口大骂,40075,蔡骏,45075,里瓦
76,一侧,5076,元年,10076,咀嚼,15076,密集,20076,我哈,25076,朱小燕,30076,温和,35076,破嘴,40076,蔡鸿岩,45076,里程
77,一倍,5077,元张,10077,咆哮,15077,富人,20077,我哥,25077,朱平,30077,温哥华,35077,破坏,40077,蔫儿,45077,里程碑
78,一健气,5078,元斤,10078,咋个,15078,富冠铭,20078,我困,25078,朱彤,30078,温商,35078,破壳,40078,蔬果,45078,里约热内卢
79,一元,5079,元旦,10079,咋办,15079,富力,20079,我国,25079,朱德,30079,温妮,35079,破天荒,40079,蔬菜,45079,里脊
80,一入,5080,元春,10080,咋啦,15080,富可敌国,20080,我大,25080,朱思行,30080,温婉,35080,破戒,40080,蔬菜水果,45080,里脊肉
81,一八,5081,元月,10081,咋整,15081,富含,20081,我天,25081,朱情,30081,温存,35081,破损,40081,蔬菜汤,45081,里装
82,一共,5082,元气,10082,咋样,15082,富商,20082,我太爱,25082,朱惑,30082,温室,35082,破晓,40082,蔬食,45082,里边
83,一关,5083,元泪,10083,咋活,15083,富士,20083,我头,25083,朱振莹,30083,温家宝,35083,破案,40083,蔷薇,45083,里闻雨
84,一具,5084,元猫,10084,和亲,15084,富士山,20084,我妈,25084,朱文,30084,温岭,35084,破泪,40084,蔺小晶,45084,重了
85,一再,5085,元素,10085,和和美美,15085,富士康,20085,我妹,25085,朱斌,30085,温州,35085,破灭,40085,蔺德刚,45085,重于泰山
86,一冰,5086,元老,10086,和善,15086,富婆,20086,我姐,25086,朱旭琪,30086,温州人,35086,破烂,40086,蕃茄,45086,重任
87,一决,5087,元芳,10087,和尚,15087,富宇,20087,我姓,25087,朱明,30087,温差,35087,破烂儿,40087,蕃茄酱,45087,重伤
88,一冷,5088,元起,10088,和平,15088,富平,20088,我娘,25088,朱明华,30088,温度,35088,破破,40088,蕉叶,45088,重修
89,一准,5089,元飞,10089,和悦,15089,富强,20089,我学,25089,朱晏,30089,温度计,35089,破碎,40089,蕨菜,45089,重典
90,一准儿,5090,兄台,10090,和田,15090,富强粉,20090,我定,25090,朱晓,30090,温德姆,35090,破纪录,40090,蕴于,45090,重写
91,一凡,5091,兄妹,10091,和田玉,15091,富态,20091,我宝,25091,朱晓剑,30091,温总理,35091,破肚,40091,蕴含,45091,重出江湖
92,一出,5092,兄弟,10092,和睦,15092,富敏荣,20092,我害,25092,朱晓红,30092,温情,35092,破茧,40092,蕴含着,45092,重刑
93,一击,5093,兄弟姐妹,10093,和睦家,15093,富有,20093,我家,25093,朱朱,30093,温暖,35093,破蛋,40093,蕴德堂,45093,重创
94,一刀,5094,充值,10094,和蔼可亲,15094,富比,20094,我局,25094,朱杰,30094,温暖如春,35094,破裂,40094,蕴藏,45094,重力
95,一刀切,5095,充值卡,10095,和解,15095,富田,20095,我岁,25095,朱林,30095,温柔,35095,破解,40095,蕾丝,45095,重发
96,一分,5096,充公,10096,和谐,15096,富翁,20096,我帅,25096,朱桦,30096,温水,35096,破财,40096,薄小荷,45096,重叠
97,一分钟,5097,充分证明,10097,和谐社会,15097,富蕴,20097,我带,25097,朱梓骁,30097,温江,35097,破败,40097,薄弱,45097,重口
98,一分钱,5098,充分说明,10098,和顺,15098,富裕,20098,我常,25098,朱毅,30098,温泉,35098,破费,40098,薄熙来,45098,重名
99,一切正常,5099,充实,10099,咏梅,15099,富豪,20099,我常去,25099,朱江,30099,温泉水,35099,破车,40099,薄片,45099,重启
100,一切都在,5100,充当,10100,咒泪,15100,富豪榜,20100,我开,25100,朱江宏,30100,温润,35100,破门,40100,薄王,45100,重回
101,一切都是,5101,充斥,10101,咒语,15101,富贵,20101,我弟,25101,朱泉,30101,温美,35101,破鞋,40101,薄脆,45101,重在
102,一切顺利,5102,充气,10102,咒骂,15102,富顺,20102,我弱,25102,朱波,30102,温莎,35102,砸掉,40102,薄荷,45102,重型
103,一列,5103,充满,10103,咔嚓,15103,寒一,20103,我待,25103,朱浩,30103,温雅,35103,砸死,40103,薄荷糖,45103,重塑
104,一刚,5104,充满希望,10104,咕咕,15104,寒假,20104,我得,25104,朱润润,30104,温顺,35104,砸烂,40104,薄薄的,45104,重复
105,一到,5105,充满活力,10105,咕咚,15105,寒冬,20105,我心,25105,朱煦,30105,温馨,35105,砸碎,40105,薄雾,45105,重大新闻
106,一刹那,5106,充电,10106,咕嘟,15106,寒冷,20106,我忍,25106,朱爷,30106,港中旅,35106,砸车,40106,薄饼,45106,重头
107,一刻,5107,充电器,10107,咕噜,15107,寒塘鹤影,20107,我快,25107,朱牧朗玛,30107,港丽,35107,砸锅,40107,薇薇安,45107,重头戏
108,一剑,5108,充足,10108,咕噜咕噜,15108,寒夜,20108,我怒,25108,朱玉博,30108,港人,35108,砸锅卖铁,40108,薏米,45108,重工
109,一副,5109,充饥,10109,咕噜噜,15109,寒心,20109,我怕,25109,朱珠,30109,港元,35109,硅胶,40109,薛丰,45109,重庆
110,一动,5110,兆头,10110,咖哩,15110,寒性,20110,我思,25110,朱皓,30110,港口,35110,硅谷,40110,薛先生,45110,重庆晚报
111,一动不动,5111,先上,10111,咖啡,15111,寒意,20111,我悲,25111,朱皓毅,30111,港台,35111,硕士,40111,薛凯,45111,重庆晨报
112,一勺,5112,先下手为强,10112,咖啡厅,15112,寒战,20112,我情,25112,朱红,30112,港城,35112,硕士学位,40112,薛好,45112,重庆火锅
113,一包,5113,先不说,10113,咖啡吧,15113,寒暄,20113,我想,25113,朱自,30113,港币,35113,硕大,40113,薛定谔,45113,重度
114,一匹,5114,先为,10114,咖啡因,15114,寒暑假,20114,我意,25114,朱莉,30114,港式,35114,硕果累累,40114,薛小白,45114,重建
115,一十八,5115,先买,10115,咖啡屋,15115,寒梅,20115,我愿,25115,朱虹,30115,港曼,35115,硕硕,40115,薛强,45115,重张
116,一千,5116,先交,10116,咖啡师,15116,寒正轩,20116,我成,25116,朱诗悦,30116,港港,35116,硕硕哟,40116,薛文,45116,重心
117,一千元,5117,先人,10117,咖啡店,15117,寒气,20117,我手,25117,朱锋,30117,港湾,35117,硝烟,40117,薛明辉,45117,重情
118,一千多,5118,先例,10118,咖啡机,15118,寒江,20118,我招,25118,朱门酒肉臭,30118,港澳,35118,硫酸,40118,薛晓棠,45118,重感冒
119,一千遍,5119,先到,10119,咖啡杯,15119,寒江雪,20119,我换,25119,朱雀,30119,港澳台,35119,硬件,40119,薛晓路,45119,重拍
120,一半,5120,先前,10120,咖啡猫,15120,寒流,20120,我撑,25120,朱静雅,30120,港澳游,35120,硬伤,40120,薛欣,45120,重拾
121,一单,5121,先去,10121,咖啡粉,15121,寒烟,20121,我操,25121,朱颜,30121,港片,35121,硬壳,40121,薛涌,45121,重振旗鼓
122,一卡通,5122,先天,10122,咖啡色,15122,寒碜,20122,我收,25122,朱麦,30122,港版,35122,硬币,40122,薛炜,45122,重排
123,一卷,5123,先存,10123,咖啡豆,15123,寒腿,20123,我教,25123,朴儿,30123,港龙,35123,硬度,40123,薛皓垠,45123,重播
124,一去,5124,先富,10124,咖啡馆,15124,寒舍,20124,我敢,25124,朴实,30124,渲染,35124,硬座,40124,薛继业,45124,重新考虑
125,一去不回,5125,先带,10125,咖喱,15125,寒酸,20125,我数,25125,朴实无华,30125,渴望,35125,硬撑,40125,薛老,45125,重新认识
126,一去不复返,5126,先得,10126,咖喱鸡,15126,寒雨,20126,我整,25126,朴成,30126,渴求,35126,硬是,40126,薛荣民,45126,重来
127,一双,5127,先拍,10127,咖灰,15127,寒露,20127,我方,25127,朴抱,30127,渴渴,35127,硬朗,40127,薛蟠,45127,重查
128,一反,5128,先收,10128,咖秀,15128,寒颤,20128,我无语,25128,朴施,30128,游七洲,35128,硬气,40128,薛辉,45128,重样
129,一发,5129,先救,10129,咖秀微,15129,寒风,20129,我明,25129,朴有,30129,游丽敏,35129,硬汉,40129,薪水,45129,重案
130,一叠,5130,先是,10130,咚咚,15130,寒食,20130,我晕,25130,朴树,30130,游乐,35130,硬派,40130,薪酬,45130,重温
131,一口,5131,先晕,10131,咚隆,15131,寓意,20131,我服,25131,朴海镇,30131,游乐园,35131,硬生生,40131,薯条,45131,重游
132,一口气,5132,先替,10132,咧咧,15132,寓教于乐,20132,我朝,25132,朴素,30132,游乐场,35132,硬盘,40132,薯片,45132,重演
133,一句,5133,先有,10133,咨询,15133,寓言,20133,我木,25133,朴质,30133,游云弋,35133,硬着头皮,40133,薰衣草,45133,重灾区
134,一只,5134,先来,10134,咨询电话,15134,寝室,20134,我木有,25134,朵儿,30134,游人,35134,硬硬,40134,藏不住,45134,重点
135,一叫,5135,先森,10135,咪咪,15135,察觉,20135,我本,25135,朵朵,30135,游人如织,35135,硬菜,40135,藏书,45135,重现
136,一台,5136,先泪,10136,咬一口,15136,寡人,20136,我来,25136,朵朵开,30136,游侠,35136,硬货,40136,藏书家,45136,重生
137,一叶,5137,先点,10137,咬了一口,15137,寡哥,20137,我查,25137,朵玫瑰,30137,游兵,35137,硬道理,40137,藏书票,45137,重用
138,一叶知秋,5138,先照,10138,咬春,15138,寡妇,20138,我梦到,25138,朵花,30138,游击队,35138,确保,40138,藏传佛教,45138,重症
139,一号,5139,先用,10139,咬牙,15139,寡淡,20139,我次,25139,机上,30139,游到,35139,确信,40139,藏兵,45139,重看
140,一号线,5140,先看,10140,咬破,15140,寥寥,20140,我求,25140,机不可失,30140,游南岸,35140,确切,40140,藏区,45140,重磅
141,一吃,5141,先睡,10141,咯吱,15141,寨主,20141,我泪,25141,机会,30141,游历,35141,确实,40141,藏匿,45141,重组
142,一同,5142,先睹为快,10142,咯吱咯吱,15142,寰宇,20142,我泪泪,25142,机会难得,30142,游吟,35142,确幸,40142,藏地,45142,重罚
143,一名,5143,先知,10143,咯咯,15143,寰球,20143,我活,25143,机位,30143,游味,35143,确是,40143,藏头诗,45143,重置
144,一向,5144,先祝,10144,咯噔,15144,寸步不离,20144,我浪,25144,机关,30144,游园,35144,确立,40144,藏家,45144,重聚
145,一吨,5145,先给,10145,咯太,15145,寸步难行,20145,我涛,25145,机制,30145,游在,35145,确认,40145,藏布,45145,重色轻友
146,一听,5146,先行,10146,咯晕,15146,对不上,20146,我游,25146,机动,30146,游子,35146,确诊,40146,藏心亭,45146,重装
147,一吻,5147,先要,10147,咯泪,15147,对不住,20147,我滴,25147,机动车,30147,游学,35147,硼砂,40147,藏族,45147,重装系统
148,一员,5148,先见之明,10148,咯爱,15148,对不起,20148,我滴个,25148,机卡分离,30148,游客,35148,碉堡,40148,藏有,45148,重要性
149,一周,5149,先订,10149,咯给力,15149,对个,20149,我演,25149,机取,30149,游客量,35149,碉楼,40149,藏民,45149,重视
150,一周岁,5150,先说,10150,咯衰,15150,对人,20150,我点,25150,机器,30150,游局,35150,碌碌,40150,藏獒,45150,重读
151,一周年,5151,先谢,10151,咱两,15151,对付,20151,我照,25151,机器人,30151,游弋,35151,碎嘴子,40151,藏珍,45151,重谢
152,一味,5152,先转,10152,咱住,15152,对偶,20152,我爱你,25152,机器猫,30152,游得,35152,碎尸万段,40152,藏红花,45152,重贴
153,一命,5153,先辈,10153,咱俩,15153,对儿,20153,我爱大,25153,机场,30153,游戏,35153,碎念,40153,藏羚羊,45153,重赏
154,一品,5154,先进,10154,咱厝人,15154,对内,20154,我爱记,25154,机型,30154,游戏吧,35154,碎片,40154,藏袍,45154,重走
155,一品堂,5155,先锋,10155,咱去,15155,对决,20155,我爱返,25155,机头,30155,游戏机,35155,碎玻璃,40155,藏语,45155,重返
156,一哈,5156,光临,10156,咱在,15156,对准,20156,我爸,25156,机子,30156,游戏规则,35156,碎石,40156,藏青,45156,重逢
157,一响,5157,光临指导,10157,咱大,15157,对口,20157,我爹,25157,机密,30157,游方,35157,碎碎,40157,藏餐,45157,重重
158,一哥,5158,光之影者,10158,咱妈,15158,对号入座,20158,我特,25158,机房,30158,游无依,35158,碎碎念,40158,藏香,45158,重重的
159,一哭,5159,光亮,10159,咱家,15159,对味,20159,我玩过,25159,机晕,30159,游水,35159,碎碎念儿,40159,藏龙卧虎,45159,重量
160,一唱,5160,光伏,10160,咱得,15160,对唱,20160,我生,25160,机智,30160,游泳,35160,碎糖,40160,藐视,45160,重量级
161,一喜,5161,光光,10161,咱是,15161,对外,20161,我用,25161,机机,30161,游泳圈,35161,碎花,40161,藕片,45161,重金
162,一嘴,5162,光华,10162,咱真,15162,对外开放,20162,我画,25162,机构,30162,游泳池,35162,碎觉,40162,藤原,45162,重金属
163,一回,5163,光华路,10163,咱能,15163,对天发誓,20163,我留,25163,机枪,30163,游泳馆,35163,碗筷,40163,藤藤,45163,重阳
164,一团,5164,光合,10164,咱要,15164,对头,20164,我病,25164,机械,30164,游游,35164,碗面,40164,藿香,45164,重阳节
165,一国,5165,光合作用,10165,咳咳,15165,对家,20165,我省,25165,机械故障,30165,游游君,35165,碗饭,40165,蘅色,45165,野三坡
166,一国两制,5166,光园,10166,咳嗽,15166,对岸,20166,我社,25166,机模,30166,游点,35166,碟中谍,40166,蘑小菇,45166,野人
167,一图,5167,光圈,10167,咳得,15167,对得起,20167,我算,25167,机油,30167,游牧,35167,碧云,40167,蘑菇,45167,野兔
168,一圈,5168,光复,10168,咳晕,15168,对我讲,20168,我管,25168,机滤,30168,游牧民族,35168,碧映,40168,虎丝,45168,野兽
169,一土,5169,光大,10169,咸了,15169,对手,20169,我米,25169,机灵,30169,游王,35169,碧桂园,40169,虎儒,45169,野兽派
170,一地,5170,光天化日,10170,咸味,15170,对手戏,20170,我系,25170,机猫,30170,游玩,35170,碧水,40170,虎列,45170,野千寻
171,一地泪,5171,光头,10171,咸水,15171,对抗,20171,我累,25171,机率,30171,游着,35171,碧波,40171,虎叔,45171,野史
172,一场,5172,光子,10172,咸菜,15172,对折,20172,我练,25172,机甲,30172,游离,35172,碧浪,40172,虎哥,45172,野味
173,一坐,5173,光山,10173,咸蛋,15173,对接,20173,我肿,25173,机电,30173,游网,35173,碧海,40173,虎啸,45173,野外
174,一块,5174,光年,10174,咸香,15174,对攻,20174,我能,25174,机票,30174,游者,35174,碧玉,40174,虎坊桥,45174,野夫
175,一块儿,5175,光强,10175,咸鱼,15175,对此,20175,我脚,25175,机组,30175,游船,35175,碧玺,40175,虎头,45175,野孩子
176,一块钱,5176,光彩,10176,咸鸭蛋,15176,对滴,20176,我花,25176,机组人员,30176,游艇,35176,碧绿,40176,虎头虎脑,45176,野导
177,一坨,5177,光影,10177,咽喉,15177,对焦,20177,我草,25177,机缘,30177,游荡,35177,碧莲,40177,虎妞,45177,野山
178,一城,5178,光明,10178,咽炎,15178,对照,20178,我行,25178,机缘巧合,30178,游行,35178,碧落,40178,虎子,45178,野心
179,一堂,5179,光明正大,10179,咿呀,15179,对白,20179,我衰,25179,机舱,30179,游览,35179,碧蓝,40179,虎将,45179,野性
180,一堆,5180,光晕,10180,咿晴,15180,对称,20180,我见,25180,机身,30180,游记,35180,碧螺春,40180,虎毒不食子,45180,野战军
181,一塌糊涂,5181,光景,10181,哀伤,15181,对立,20181,我订,25181,机车,30181,游走,35181,碰上,40181,虎牙,45181,野树
182,一声,5182,光标,10182,哀嚎,15182,对策,20182,我认,25182,机遇,30182,游踪,35182,碰到,40182,虎王,45182,野比
183,一壶,5183,光棍,10183,哀家,15183,对联,20183,我试,25183,机锋,30183,游轮,35183,碰撞,40183,虎皮,45183,野渡
184,一处,5184,光棍节,10184,哀怨,15184,对胃口,20184,我该,25184,机长,30184,游过,35184,碰次,40184,虎航,45184,野火烧不尽
185,一夏,5185,光泽,10185,哀悼,15185,对虾,20185,我语,25185,机顶盒,30185,游过去,35185,碰瓷,40185,虎虎,45185,野牛
186,一夜,5186,光滑,10186,哀求,15186,对视,20186,我读,25186,杀人,30186,游遍,35186,碰碰,40186,虎贲,45186,野狗
187,一夜之间,5187,光照,10187,品位,15187,对话,20187,我象,25187,杀人偿命,30187,游鱼,35187,碰碰运气,40187,虎门,45187,野狼
188,一夜情,5188,光环,10188,品味,15188,对象,20188,我败,25188,杀人犯,30188,游龙,35188,碰见,40188,虎鲨,45188,野猪
189,一大,5189,光盘,10189,品品,15189,对酒当歌,20189,我赛,25189,杀人狂,30189,渺小,35189,碰过,40189,虐人,45189,野猫
190,一大半,5190,光看,10190,品尚,15190,对错,20190,我起,25190,杀伤力,30190,渺渺,35190,碰运气,40190,虐到,45190,野玫瑰
191,一大口,5191,光碟,10191,品尝,15191,对门,20191,我超,25191,杀伤性,30191,渺茫,35191,碰面,40191,虐待,45191,野生
192,一大块,5192,光纤,10192,品德,15192,对阵,20192,我车,25192,杀入,30192,湖上,35192,碱性,40192,虐心,45192,野生动物
193,一大堆,5193,光线,10193,品格,15193,对面,20193,我辈,25193,杀到,30193,湖中,35193,碳粉,40193,虐杀,45193,野田
194,一大帮,5194,光耀,10194,品牌,15194,对齐,20194,我过,25194,杀婴,30194,湖人,35194,碳酸,40194,虐泪,45194,野百合
195,一大批,5195,光脚,10195,品相,15195,寺庙,20195,我进,25195,杀害,30195,湖光,35195,碾压,40195,虐狗,45195,野老
196,一大早,5196,光膀子,10196,品着,15196,寺里,20196,我选,25196,杀怒,30196,湖光山色,35196,碾过,40196,虐猫,45196,野花
197,一大步,5197,光芒,10197,品种,15197,寺院,20197,我醒,25197,杀戮,30197,湖北,35197,磁器,40197,虐童,45197,野茫茫
198,一大群,5198,光荣,10198,品类,15198,寻个,20198,我重,25198,杀手,30198,湖北省,35198,磁带,40198,虔诚,45198,野茶
199,一天两天,5199,光荣榜,10199,品致,15199,寻亲,20199,我错,25199,杀手锏,30199,湖南,35199,磁石,40199,虚伪,45199,野菌
200,一天到晚,5200,光谷,10200,品茗,15200,寻人,20200,我长,25200,杀掉,30200,湖南人,35200,磁铁,40200,虚假,45200,野菜
201,一天天,5201,光辉,10201,品茶,15201,寻人启事,20201,我闻,25201,杀无赦,30201,湖南卫视,35201,磊哥,40201,虚幻,45201,野营
202,一夫,5202,光远,10202,品蟹员,15202,寻到,20202,我限号,25202,杀机,30202,湖南省,35202,磊磊,40202,虚度,45202,野蛮
203,一头,5203,光速,10203,品行,15203,寻味,20203,我顶,25203,杀死,30203,湖南菜,35203,磐基,40203,虚弱,45203,野蛮女友
204,一头雾水,5204,光阴,10204,品读,15204,寻回,20204,我馆,25204,杀气,30204,湖州,35204,磕头,40204,虚心,45204,野食
205,一套,5205,光靠,10205,品质,15205,寻址,20205,戒不掉,25205,杀狗,30205,湖景,35205,磨刀,40205,虚惊一场,45205,野餐
206,一女,5206,光顺,10206,品酒,15206,寻宝,20206,戒戒,25206,杀猪,30206,湖水,35206,磨刀霍霍,40206,虚拟,45206,野马
207,一好,5207,光顾,10207,品鉴,15207,寻寻觅觅,20207,戒指,25207,杀猪刀,30207,湖泊,35207,磨剑,40207,虚数,45207,野驴
208,一如,5208,光鲜,10208,哄哄,15208,寻常,20208,戒掉,25208,杀生,30208,湖海,35208,磨叽,40208,虚构,45208,野鸟
209,一如既往,5209,克丽丝,10209,哄抢,15209,寻常百姓,20209,戒烟,25209,杀虫剂,30209,湖湖,35209,磨合,40209,虚汗,45209,野鸡
210,一姐,5210,克制,10210,哆嗦,15210,寻常路,20210,戒色,25210,杀身之祸,30210,湖湘,35210,磨坊,40210,虚竹,45210,野鸭
211,一子,5211,克勒,10211,哇哇,15211,寻思,20211,戒酒,25211,杀青,30211,湖滨,35211,磨成,40211,虚脱,45211,量产
212,一字,5212,克尔,10212,哇啦,15212,寻找,20212,或者说,25212,杀鸡,30212,湖畔,35212,磨房,40212,虚荣,45212,量刑
213,一季,5213,克拉,10213,哇啦哇啦,15213,寻摸,20213,战争,25213,杂七杂八,30213,湖边,35213,磨损,40213,虚荣心,45213,量力而行
214,一学,5214,克拉克,10214,哇噻,15214,寻暖,20214,战况,25214,杂乱,30214,湖里,35214,磨掉,40214,虞姬,45214,量化
215,一宝,5215,克星,10215,哇塞,15215,寻梦,20215,战利品,25215,杂事,30215,湖面,35215,磨灭,40215,虞棋逢,45215,量子
216,一审,5216,克服,10216,哇泪,15216,寻求,20216,战友,25216,杂交,30216,湘下琼,35216,磨炼,40216,虞记,45216,量身
217,一客,5217,克林斯曼,10217,哇要,15217,寻物,20217,战国,25217,杂役,30217,湘人,35217,磨牙,40217,虞钧,45217,量身定做
218,一家,5218,克瑞思,10218,哈伦,15218,寻租,20218,战地,25218,杂志,30218,湘元,35218,磨砂,40218,虫儿,45218,量过大
219,一家亲,5219,克罗地亚,10219,哈佛,15219,寻美,20219,战场,25219,杂志社,30219,湘夫人,35219,磨破,40219,虫子,45219,金一宁
220,一家人,5220,克莱尔,10220,哈佛大学,15220,寻至,20220,战士,25220,杂技,30220,湘妹子,35220,磨砺,40220,虫眼,45220,金三
221,一家子,5221,克里斯,10221,哈儿,15221,寻芳,20221,战役,25221,杂物,30221,湘房,35221,磨磨,40221,虫草,45221,金三角
222,一宿,5222,克里米亚,10222,哈利,15222,寻衅滋事,20222,战战兢兢,25222,杂碎,30222,湘旺,35222,磨练,40222,虫虫,45222,金丝
223,一寸,5223,克鲁斯,10223,哈利波,15223,寻觅,20223,战斗力,25223,杂种,30223,湘楚,35223,磨西,40223,虱子,45223,金丝猴
224,一对,5224,免俗,10224,哈吉,15224,寻路,20224,战斗机,25224,杂粮,30224,湘江,35224,磨蹭,40224,虹口,45224,金中
225,一对一,5225,免单,10225,哈哈哈,15225,寻踪,20225,战术,25225,杂耍,30225,湘潭,35225,磨铁,40225,虹吸,45225,金乾生
226,一封,5226,免得,10226,哈哈哈哈,15226,导丝,20226,战果,25226,杂草,30226,湘菜,35226,磨难,40226,虹桥,45226,金亮
227,一封信,5227,免收,10227,哈哈大笑,15227,导向,20227,战火,25227,杂记,30227,湘菜馆,35227,示人,40227,虹桥机场,45227,金价
228,一小,5228,免灾,10228,哈哈笑,15228,导师,20228,战略,25228,杂论,30228,湘西,35228,示众,40228,虹色,45228,金伟
229,一小块,5229,免疫,10229,哈哈镜,15229,导弹,20229,战神,25229,杂谈,30229,湘鄂,35229,示威,40229,虽好,45229,金佛
230,一小撮,5230,免疫力,10230,哈哥,15230,导报,20230,战线,25230,杂货,30230,湛庐,35230,示威游行,40230,虽小,45230,金佳映
231,一尺,5231,免票,10231,哈喇子,15231,导播,20231,战绩,25231,杂货店,30231,湛江,35231,示弱,40231,虽易,45231,金像奖
232,一尾,5232,免税,10232,哈士奇,15232,导游,20232,战群,25232,杂货铺,30232,湛蓝,35232,示意,40232,虾仁,45232,金光
233,一局,5233,免税店,10233,哈太,15233,导演,20233,战胜,25233,杂质,30233,湮灭,35233,示意图,40233,虾子,45233,金光大道
234,一层,5234,免签,10234,哈好,15234,导演组,20234,战舰,25234,杂面,30234,湾仔,35234,示爱,40234,虾片,45234,金光闪闪
235,一届,5235,免职,10235,哈妮,15235,导盲犬,20235,战袍,25235,权利,30235,湾子,35235,示范,40235,虾球,45235,金凤
236,一山,5236,免费,10236,哈密,15236,导致,20236,战车,25236,权力,30236,湾康,35236,礼仪,40236,虾皮,45236,金刚
237,一岁,5237,免费发,10237,哈密瓜,15237,导航,20237,战队,25237,权势,30237,湿兄,35237,礼券,40237,虾米,45237,金剑辉
238,一峰,5238,免费大餐,10238,哈尔,15238,导读,20238,战马,25238,权味,30238,湿地,35238,礼包,40238,虾肉,45238,金华
239,一巴掌,5239,免费送,10239,哈尔滨,15239,导购,20239,戚戚,25239,权威,30239,湿巾,35239,礼品,40239,虾酱,45239,金卡
240,一帆风顺,5240,兑奖,10240,哈尔滨人,15240,寿与天,20240,戚薇,25240,权当,30240,湿度,35240,礼堂,40240,虾面,45240,金发
241,一带,5241,兑换,10241,哈尔滨市,15241,寿司,20241,戚风,25241,权益,30241,湿气,35241,礼士路,40241,虾饺,45241,金句
242,一席,5242,兑换券,10242,哈尼,15242,寿命,20242,戛纳,25242,权聆,30242,湿润,35242,礼宾,40242,蚂蚁,45242,金台
243,一席话,5243,兑现,10243,哈尼族,15243,寿喜,20243,截图,25243,权贵,30243,湿滑,35243,礼尚往来,40243,蚂蚱,45243,金台路
244,一帮,5244,兔儿,10244,哈德,15244,寿星,20244,截屏,25244,权钱交易,30244,湿漉漉,35244,礼志,40244,蚂蜂,45244,金叹
245,一帮人,5245,兔兔,10245,哈心,15245,寿桃,20245,截止,25245,权限,30245,湿热,35245,礼拜,40245,蚂非,45245,金喜善
246,一幅,5246,兔号,10246,哈挖,15246,寿比南山,20246,截稿,25246,权静,30246,湿疹,35246,礼拜一,40246,蚊子,45246,金国
247,一幕,5247,兔哥,10247,哈文,15247,寿终正寝,20247,截肢,25247,杆儿,30247,湿身,35247,礼拜五,40247,蚊帐,45247,金城
248,一年,5248,兔头,10248,哈斯,15248,封上,20248,戳伤,25248,杆子,30248,湿透,35248,礼拜六,40248,蚊虫,45248,金城武
249,一年一度,5249,兔娘,10249,哈是,15249,封为,20249,戳戳,25249,杉口媛,30249,溃疡,35249,礼拜四,40249,蚊香,45249,金天
250,一年到头,5250,兔子,10250,哈晕,15250,封信,20250,戳戳看,25250,杉杉,30250,溃败,35250,礼服,40250,蚌埠,45250,金太
251,一年四季,5251,兔崽子,10251,哈有,15251,封口,20251,戴上,25251,李一,30251,源于,35251,礼物,40251,蚌外,45251,金奖
252,一年级,5252,兔年,10252,哈林,15252,封口费,20252,戴个,25252,李一白,30252,源头,35252,礼盒,40252,蚕蛹,45252,金妮
253,一并,5253,兔斯基,10253,哈根达斯,15253,封号,20253,戴假发,25253,李三哥,30253,源泉,35253,礼盒装,40253,蚕豆,45253,金姐
254,一床,5254,兔森色,10254,哈欠,15254,封嘴,20254,戴军,25254,李不凯,30254,源源,35254,礼篮,40254,蚕食,45254,金娜
255,一应俱全,5255,兔泪,10255,哈气,15255,封存,20255,戴可儿,25255,李东,30255,源源不断,35255,礼节,40255,蚜虫,45255,金婚
256,一店,5256,兔爷,10256,哈泪,15256,封尘,20256,戴嘉忆,25256,李东霖,30256,源自,35256,礼花,40256,蚝油,45256,金子
257,一度,5257,兔纸,10257,哈爱,15257,封山,20257,戴妮,25257,李丹,30257,溜溜,35257,礼让,40257,蚝爷,45257,金字塔
258,一座,5258,兔美酱,10258,哈皮,15258,封建,20258,戴尔,25258,李丹太悲,30258,溜走,35258,礼貌,40258,蚯蚓,45258,金宝
259,一开,5259,兔肉,10259,哈苏,15259,封建社会,20259,戴帽子,25259,李丹妮,30259,溜达,35259,礼赞,40259,蛀牙,45259,金宝汇
260,一弛,5260,兔里,10260,哈萨克,15260,封杀,20260,戴平,25260,李丹翼,30260,溢出,35260,礼遇,40260,蛀虫,45260,金宝街
261,一张,5261,党中央,10261,哈萨克族,15261,封箱,20261,戴政,25261,李久东,30261,溢齿,35261,礼金,40261,蛆虫,45261,金家
262,一弹,5262,党们,10262,哈要,15262,封肖丽,20262,戴斌,25262,李义,30262,溥仪,35262,社交,40262,蛇口,45262,金小
263,一影,5263,党员,10263,哈赞,15263,封装,20263,戴晨达,25263,李二丫,30263,溧水,35263,社会,40263,蛇肉,45263,金小夕
264,一律,5264,党员干部,10264,哈达,15264,封路,20264,戴林龙,25264,李云义,30264,溧阳,35264,社会保障,40264,蛇蝎,45264,金小帅
265,一德,5265,党和政府,10265,哈都,15265,封锁,20265,戴眼镜,25265,李云威,30265,溪水,35265,社会化,40265,蛊惑,45265,金小狮
266,一心,5266,党国,10266,哈酒,15266,封锁消息,20266,戴着,25266,李云彬,30266,溪溪,35266,社会各界,40266,蛋儿,45266,金屋藏娇
267,一心一意,5267,党委,10267,哈里,15267,封门,20267,戴艺,25267,李云迪,30267,溪谷,35267,社会学,40267,蛋卷,45267,金属
268,一忘,5268,党性,10268,哈锅,15268,封闭,20268,戴辉琴,25268,李云飞,30268,溪边,35268,社会底层,40268,蛋壳,45268,金山
269,一忘景宏,5269,党报,10269,哈雷,15269,封面,20269,戴过,25269,李亚南,30269,溶洞,35269,社会福利,40269,蛋定,45269,金山岭
270,一快,5270,党支部,10270,哈黄,15270,封面人物,20270,户口,25270,李亚玲,30270,溺水,35270,社会阶层,40270,蛋怒,45270,金山词霸
271,一念,5271,党校,10271,响亮,15271,封面设计,20271,户口本,25271,李亚鹏,30271,溺爱,35271,社会风气,40271,蛋挞,45271,金巍
272,一怒,5272,党费,10272,响叮当,15272,封顶,20272,户口簿,25272,李亮,30272,滇东,35272,社保,40272,蛋汤,45272,金川
273,一思,5273,兜儿,10273,响应,15273,射击,20273,户外,25273,李代沫,30273,滇剧,35273,社区,40273,蛋液,45273,金币
274,一惊,5274,兜兜,10274,响当当,15274,射手,20274,户外活动,25274,李仲亮,30274,滇菜,35274,社员,40274,蛋清,45274,金布
275,一惊蕾,5275,兜里,10275,响起,15275,射手座,20275,户外运动,25275,李会,30275,滇越铁路,35275,社哥,40275,蛋炒饭,45275,金希澈
276,一想,5276,兜风,10276,响马,15276,射球,20276,户籍,25276,李会革,30276,滇雪,35276,社唯嘉,40276,蛋爷,45276,金平
277,一战,5277,入世,10277,哎呀呀,15277,射箭,20277,房东,25277,李伟,30277,滋养,35277,社团,40277,蛋生,45277,金店
278,一户,5278,入伍,10278,哎大,15278,射门,20278,房事,25278,李伟建,30278,滋味,35278,社有,40278,蛋疼,45278,金庸
279,一房,5279,入伙,10279,哎晕,15279,射雕,20279,房产,25279,李伯,30279,滋味儿,35279,社朱琦,40279,蛋白,45279,金志
280,一所,5280,入住,10280,哎泪,15280,将会,20280,房产税,25280,李伯清,30280,滋润,35280,社田小爽,40280,蛋白粉,45280,金戒指
281,一扇,5281,入侵,10281,哎衰,15281,将军,20281,房价,25281,李佐军,30281,滋滋,35281,社的,40281,蛋白质,45281,金扣
282,一扇门,5282,入党,10282,哑口无言,15282,将动保,20282,房券,25282,李佳,30282,滋生,35282,社科,40282,蛋糕,45282,金文
283,一手,5283,入内,10283,哑巴,15283,将士,20283,房卡,25283,李佳山,30283,滋补,35283,社科院,40283,蛋糕店,45283,金斗
284,一扎,5284,入冬,10284,哗众取宠,15284,将就一下,20284,房叔,25284,李佳念,30284,滑个,35284,社老,40284,蛋蛋,45284,金日成
285,一打,5285,入口,10285,哗哗,15285,将心比心,20285,房地产,25285,李佳航,30285,滑倒,35285,社范清堂,40285,蛋酱,45285,金昌
286,一扫,5286,入口处,10286,哗啦啦,15286,将息,20286,房型,25286,李依晓,30286,滑冰,35286,社要,40286,蛋饼,45286,金星
287,一扫而光,5287,入台证,10287,哥们,15287,将来,20287,房奴,25287,李俊,30287,滑动,35287,社长,40287,蛋黄,45287,金曲
288,一批,5288,入味,10288,哥们儿,15288,将进酒,20288,房妹,25288,李信军,30288,滑坡,35288,祈愿,40288,蛋黄酱,45288,金朝
289,一把,5289,入围,10289,哥伦比亚,15289,将错就错,20289,房姐,25289,李信玲,30289,滑板,35289,祈求,40289,蛏子,45289,金朝顺
290,一把手,5290,入场,10290,哥伦比亚大学,15290,尉迟,20290,房子,25290,李修,30290,滑梯,35290,祈祷,40290,蛐蛐,45290,金条
291,一折,5291,入场券,10291,哥俩,15291,尊严,20291,房客,25291,李倩,30291,滑溜,35291,祈福,40291,蛐蛐儿,45291,金杯
292,一抹,5292,入境,10292,哥儿,15292,尊享,20292,房屋,25292,李倩玲,30292,滑稽,35292,祖传,40292,蛔虫,45292,金枪鱼
293,一拍,5293,入夜,10293,哥儿们,15293,尊好,20293,房山,25293,李健,30293,滑落,35293,祖佳,40293,蛙泳,45293,金桔
294,一招,5294,入学,10294,哥儿俩,15294,尊尊,20294,房市,25294,李元胜,30294,滑行,35294,祖先,40294,蛟龙,45294,金桥
295,一拜,5295,入室,10295,哥哥,15295,尊敬,20295,房源,25295,李先生,30295,滑雪,35295,祖国,40295,蛤蜊,45295,金梅央
296,一拨,5296,入库,10296,哥大,15296,尊旅,20296,房爷,25296,李克强,30296,滑雪场,35296,祖孙三代,40296,蛤蟆,45296,金榜
297,一拳,5297,入得,10297,哥姐,15297,尊称,20297,房租,25297,李公堤,30297,滔天,35297,祖宗,40297,蛮准,45297,金橘
298,一指,5298,入戏,10298,哥张,15298,尊老爱幼,20298,房网,25298,李兰萍,30298,滔滔,35298,祖山,40298,蛮子,45298,金正恩
299,一挥,5299,入手,10299,哥怒,15299,尊贵,20299,房费,25299,李军,30299,滔滔不绝,35299,祖母,40299,蛮有意思,45299,金正日
300,一换,5300,入春,10300,哥斯拉,15300,尊重,20300,房车,25300,李冬君,30300,滕竹,35300,祖母绿,40300,蛮横,45300,金毛
301,一掌,5301,入梦,10301,哥是,15301,小七,20301,房门,25301,李冰,30301,滕飞,35301,祖籍,40301,蛰伏,45301,金毛狗
302,一排,5302,入海,10302,哥晕,15302,小七石磊,20302,房间,25302,李冰冰,30302,滚出,35302,祛斑,40302,蛾子,45302,金氏
303,一探,5303,入狱,10303,哥来,15303,小万,20303,房间内,25303,李冲,30303,滚出去,35303,祛痘,40303,蜀国,45303,金水
304,一控,5304,入眠,10304,哥林,15304,小三,20304,房顶,25304,李准,30304,滚出来,35304,祛除,40304,蜀山,45304,金汤
305,一提,5305,入睡,10305,哥波子,15305,小三儿,20305,所为,25305,李凤茂,30305,滚动,35305,祝亲,40305,蜀汉,45305,金沙
306,一摊,5306,入秋,10306,哥泪,15306,小不点,20306,所剩无几,25306,李刚,30306,滚回,35306,祝亲们,40306,蜀黍,45306,金沙江
307,一摸,5307,入耳,10307,哥爱,15307,小不点儿,20307,所受,25307,李力,30307,滚开,35307,祝你们,40307,蜂业,45307,金沛
308,一支,5308,入职,10308,哥特,15308,小丑,20308,所在地,25308,李勇,30308,滚怒,35308,祝你好运,40308,蜂农,45308,金泰
309,一改,5309,入股,10309,哥看,15309,小丑鱼,20309,所处,25309,李勇平,30309,滚梯,35309,祝你幸福,40309,蜂巢,45309,金浩
310,一放,5310,入选,10310,哥要,15310,小东,20310,所属,25310,李医生,30310,滚滚,35310,祝你快乐,40310,蜂窝,45310,金海
311,一整夜,5311,入镜,10311,哥顿,15311,小东西,20311,所建,25311,李华,30311,滚烫,35311,祝你成功,40311,蜂蜜,45311,金海心
312,一整天,5312,入门,10312,哥香,15312,小东邪,20312,所得,25312,李华良,30312,滚石,35312,祝俊鬼,40312,蜂蜜水,45312,金涛
313,一整套,5313,入院,10313,哦哦哦,15313,小两口,20313,所思,25313,李南,30313,滚蛋,35313,祝大卖,40313,蜂鸟,45313,金源
314,一斗,5314,入驻,10314,哨子,15314,小个子,20314,所指,25314,李博,30314,滞后,35314,祝好,40314,蜈蚣,45314,金满
315,一斤,5315,入骨,10315,哩个,15315,小丫,20315,所有人,25315,李博士,30315,滞留,35315,祝寿,40315,蜕变,45315,金满楼
316,一新,5316,入魔,10316,哪一天,15316,小丫头,20316,所欲,25316,李卫,30316,滞纳金,35316,祝小,40316,蜕皮,45316,金满达
317,一方,5317,全世界,10317,哪一年,15317,小丸,20317,所求,25317,李厚霖,30317,满仓,35317,祝志军,40317,蜗壳,45317,金澄顺
318,一旁,5318,全中,10318,哪件,15318,小丸子,20318,所用,25318,李可墙,30318,满元,35318,祝您,40318,蜗居,45318,金灿灿
319,一族,5319,全中泪,10319,哪位,15319,小丸家,20319,所致,25319,李吉锋,30319,满分,35319,祝愿,40319,蜗牛,45319,金牌
320,一无所有,5320,全了,10320,哪像,15320,小丸漫,20320,所见,25320,李向,30320,满到,35320,祝捷,40320,蜘蛛,45320,金牙
321,一无所知,5321,全人类,10321,哪出,15321,小主,20321,所说,25321,李君,30321,满口,35321,祝新,40321,蜘蛛侠,45321,金牛
322,一日,5322,全会,10322,哪去,15322,小丽,20322,所迫,25322,李咏,30322,满含,35322,祝福,40322,蜘蛛精,45322,金牛座
323,一日三餐,5323,全伟,10323,哪句,15323,小么司,20323,所长,25323,李响,30323,满员,35323,祝词,40323,蜜丝,45323,金猪
324,一日游,5324,全免,10324,哪吒,15324,小乐,20324,扁头,25324,李哥,30324,满嘴,35324,祝贺,40324,蜜思,45324,金玉
325,一早,5325,全全,10325,哪国,15325,小乔,20325,扁桃体,25325,李哲,30325,满园,35325,神交,40325,蜜斯,45325,金球奖
326,一时半会儿,5326,全剧,10326,哪壶,15326,小乖,20326,扁豆,25326,李嘉欣,30326,满园春色,35326,神人,40326,蜜月,45326,金璐
327,一时间,5327,全副武装,10327,哪家,15327,小予,20327,扁食,25327,李嘉诚,30327,满地,35327,神仙,40327,蜜月旅行,45327,金瓜
328,一明,5328,全力以赴,10328,哪怒,15328,小事,20328,扇子,25328,李国,30328,满场,35328,神仙姐姐,40328,蜜桃,45328,金瓶梅
329,一星,5329,全力支持,10329,哪敢,15329,小事儿,20329,扇贝,25329,李国柱,30329,满坑满谷,35329,神伤,40329,蜜桔,45329,金白银
330,一是,5330,全勇,10330,哪有,15330,小二,20330,扉页,25330,李坤益,30330,满城,35330,神似,40330,蜜汁,45330,金百万
331,一晃,5331,全单,10331,哪有什么,15331,小二黑,20331,手上,25331,李多海,30331,满堂,35331,神作,40331,蜜瓜,45331,金石
332,一晃眼,5332,全国,10332,哪有卖,15332,小于,20332,手下,25332,李大,30332,满堂彩,35332,神侃,40332,蜜甜,45332,金矿
333,一晒,5333,全国政协,10333,哪本,15333,小云,20333,手下留情,25333,李大仁,30333,满墙,35333,神偷,40333,蜜粉,45333,金砖
334,一晚,5334,全在,10334,哪条,15334,小五,20334,手中,25334,李大眼,30334,满大街,35334,神六,40334,蜜糖,45334,金碧辉煌
335,一景,5335,全场,10335,哪来,15335,小五金,20335,手串,25335,李大霄,30335,满天,35335,神兽,40335,蜜蜂,45335,金磊
336,一智,5336,全城,10336,哪次,15336,小井,20336,手举,25336,李天,30336,满天星,35336,神农,40336,蜜蜜,45336,金秀
337,一曲,5337,全天,10337,哪款,15337,小亚,20337,手会,25337,李天羽,30337,满天飞,35337,神农架,40337,蜜蜜嘎儿,45337,金秀贤
338,一月,5338,全套,10338,哪泪,15338,小亨妈,20338,手作,25338,李天阳,30338,满头,35338,神准,40338,蜜蜡,45338,金秋
339,一月份,5339,全好,10339,哪泪泪,15339,小京,20339,手信,25339,李太太,30339,满头大汗,35339,神功,40339,蜜语,45339,金童玉女
340,一有,5340,全宇宙,10340,哪种,15340,小亭,20340,手册,25340,李太白,30340,满屋,35340,神勇,40340,蜡像,45340,金箍棒
341,一望无际,5341,全家,10341,哪管,15341,小亮,20341,手写,25341,李奇,30341,满屋子,35341,神医,40341,蜡像馆,45341,金线
342,一朝,5342,全家人,10342,哪能,15342,小亲,20342,手切,25342,李奕萱,30342,满屏,35342,神十,40342,蜡笔,45342,金继辉
343,一期,5343,全家福,10343,哪般,15343,小人,20343,手刹,25343,李奕迅,30343,满山,35343,神厨,40343,蜡笔小新,45343,金羊网
344,一木,5344,全对,10344,哪路,15344,小人儿,20344,手动,25344,李如斯,30344,满岁,35344,神叨,40344,蜥蜴,45344,金翅鸟
345,一本,5345,全市,10345,哪道,15345,小人物,20345,手势,25345,李妍,30345,满床,35345,神右,40345,蜷缩,45345,金色
346,一本正经,5346,全店,10346,哪部,15346,小仔,20346,手包,25346,李姐,30346,满座,35346,神吐槽,40346,蜻蜓,45346,金花
347,一朵,5347,全开,10347,哪里找,15347,小仕子,20347,手哥,25347,李威,30347,满心,35347,神呐,40347,蜿蜒,45347,金茂
348,一朵花,5348,全当,10348,哪门子,15348,小付,20348,手头,25348,李娜,30348,满心欢喜,35348,神器,40348,蝈蝈,45348,金茂府
349,一杆,5349,全心全意,10349,哭声,15349,小仙,20349,手套,25349,李婷,30349,满怀,35349,神团,40349,蝌蚪,45349,金莎
350,一村,5350,全忘,10350,哭死了,15350,小代,20350,手工,25350,李媚玲,30350,满意,35350,神图,40350,蝎子,45350,金蛇
351,一束,5351,全成,10351,哭泣,15351,小伊伊,20351,手工艺,25351,李媛,30351,满意度,35351,神圣,40351,蝙蝠,45351,金蛋
352,一条,5352,全手工,10352,哭泪,15352,小伍,20352,手工艺品,25352,李子,30352,满房,35352,神奇,40352,蝙蝠侠,45352,金融
353,一条条,5353,全才,10353,哭点,15353,小众,20353,手帕,25353,李孟城,30353,满族,35353,神女,40353,蝴哥,45353,金融业
354,一条街,5354,全收,10354,哭盈,15354,小伙,20354,手店,25354,李孟夏,30354,满是,35354,神威,40354,蝴蝶,45354,金融学
355,一条龙,5355,全攻略,10355,哭笑不得,15355,小伙伴,20355,手心,25355,李学君军,30355,满月,35355,神娜,40355,蝴蝶效应,45355,金融家
356,一杯,5356,全文,10356,哭腔,15356,小伙儿,20356,手忙脚乱,25356,李学尧,30356,满有,35356,神婆,40356,蝴蝶结,45356,金融街
357,一枕,5357,全新,10357,哭诉,15357,小伙子,20357,手快,25357,李宁,30357,满格,35357,神少,40357,蝴蝶花,45357,金表
358,一枚,5358,全方位,10358,哭醒,15358,小住,20358,手怒,25358,李宇,30358,满楼,35358,神山,40358,蝶儿,45358,金角
359,一枝,5359,全无,10359,哭闹,15359,小何,20359,手感,25359,李宇春,30359,满汉全席,35359,神州,40359,蝶恋花,45359,金边
360,一枝花,5360,全是,10360,哲哲,15360,小余,20360,手手,25360,李安,30360,满江,35360,神州行,40360,蝶舞,45360,金逸
361,一枪,5361,全景,10361,哲学,15361,小佛,20361,手抄报,25361,李宏青,30361,满洲,35361,神庙,40361,蝾螈,45361,金金
362,一架,5362,全智贤,10362,哲学家,15362,小佰,20362,手把手,25362,李宗,30362,满洲国,35362,神往,40362,螃蟹,45362,金鑫
363,一柄,5363,全曼午,10363,哲理,15363,小佳,20363,手抖,25363,李宗伟,30363,满清,35363,神态,40363,融为一体,45363,金针
364,一查,5364,全有,10364,哲言,15364,小佳宝,20364,手拉手,25364,李宗昂,30364,满溢,35364,神情,40364,融入,45364,金针菇
365,一栋,5365,全款,10365,哼哼,15365,小侄女,20365,手持,25365,李宗瑞,30365,满满,35365,神户,40365,融化,45365,金钉
366,一株,5366,全毁,10366,哼哼哈哈,15366,小侠,20366,手指,25366,李宗盛,30366,满满的,35366,神技,40366,融合,45366,金钊
367,一根,5367,全民,10367,哼哼唧唧,15367,小侨,20367,手指头,25367,李宗翰,30367,满百,35367,神掌,40367,融洽,45367,金钟
368,一格,5368,全没,10368,哽咽,15368,小便,20368,手指甲,25368,李宝儿,30368,满目,35368,神探,40368,融绘,45368,金钢
369,一案,5369,全泽强,10369,唇彩,15369,小俊,20369,手掌,25369,李宝库,30369,满目疮痍,35369,神明,40369,融融,45369,金钩
370,一桌,5370,全片,10370,唇腭裂,15370,小俏,20370,手提,25370,李家,30370,满眼,35370,神曲,40370,融资,45370,金钱
371,一档,5371,全班,10371,唇膏,15371,小俏家,20371,手握,25371,李家大,30371,满福楼,35371,神来,40371,螨虫,45371,金钱豹
372,一桩,5372,全班同学,10372,唇齿,15372,小俐,20372,手札,25372,李导,30372,满篇,35372,神来之笔,40372,螳螂,45372,金银
373,一桶,5373,全球,10373,唉呀,15373,小候,20373,手术,25373,李小,30373,满脑子,35373,神棍,40373,螺丝,45373,金银花
374,一梦,5374,全球排名,10374,唏嘘,15374,小倩,20374,手术刀,25374,李小四和漠,30374,满脸,35374,神武,40374,螺旋,45374,金链
375,一棵,5375,全用,10375,唐九虎,15375,小假,20375,手术室,25375,李小妮,30375,满血,35375,神气,40375,螺旋桨,45375,金错
376,一棵树,5376,全盘,10376,唐亮,15376,小偷,20376,手机,25376,李小姐,30376,满街,35376,神泪,40376,螺蛳,45376,金门
377,一楼,5377,全省,10377,唐人,15377,小儿,20377,手机信号,25377,李小娜,30377,满街跑,35377,神浮哈,40377,蟑螂,45377,金阁
378,一概,5378,全票,10378,唐人街,15378,小儿子,20378,手机卡,25378,李小榕,30378,满记,35378,神清气爽,40378,蟒蛇,45378,金阳
379,一模一样,5379,全称,10379,唐僧,15379,小元,20379,手机号,25379,李小泥,30379,满足感,35379,神游,40379,蟹壳,45379,金陵
380,一次性,5380,全程,10380,唐僧肉,15380,小兄弟,20380,手机号码,25380,李小犁,30380,满身,35380,神灯,40380,蟹粉,45380,金隅
381,一次次,5381,全篇,10381,唐古拉,15381,小兔,20381,手机游戏,25381,李小璐,30381,满载,35381,神灵,40381,蟹肉,45381,金雪航
382,一款,5382,全线,10382,唐唐,15382,小兔兔,20382,手机用户,25382,李小白,30382,满载而归,35382,神烦,40382,蟹黄,45382,金雷
383,一步,5383,全经,10383,唐嫣,15383,小兔子,20383,手机电池,25383,李小美,30383,满达,35383,神父,40383,蠕动,45383,金霏曦
384,一步之遥,5384,全经联,10384,唐家,15384,小党,20384,手机短信,25384,李小萌,30384,满面,35384,神物,40384,蠢事,45384,金鞭
385,一步步,5385,全给,10385,唐小,15385,小八,20385,手枪,25385,李小蛙,30385,滤网,35385,神码,40385,蠢到,45385,金额
386,一死,5386,全网,10386,唐小平,15386,小兰,20386,手柄,25386,李小龙,30386,滤镜,35386,神社,40386,蠢蠢欲动,45386,金饭碗
387,一段,5387,全职,10387,唐小玲,15387,小关,20387,手榴弹,25387,李少,30387,滥情,35387,神神,40387,蠢货,45387,金马
388,一段时间,5388,全聚,10388,唐山,15388,小兵,20388,手模,25388,李少伟,30388,滥权,35388,神神神,40388,血压,45388,金马奖
389,一段话,5389,全聚德,10389,唐山大,15389,小兽,20389,手欠,25389,李岩,30389,滥用,35389,神神秘秘,40389,血型,45389,金骏眉
390,一段路,5390,全能,10390,唐岩,15390,小内,20390,手段,25390,李峰,30390,滨州,35390,神秘,40390,血小板,45390,金鱼
391,一比,5391,全能王,10391,唐师曾,15391,小冉,20391,手气,25391,李嵩波,30391,滨江,35391,神秘色彩,40391,血性,45391,金鸡
392,一毛,5392,全自动,10392,唐建,15392,小冷,20392,手法,25392,李帅,30392,滨海,35392,神童,40392,血战,45392,金鸡湖
393,一毛不拔,5393,全裸,10393,唐建光,15393,小凌,20393,手泪,25393,李帆,30393,滩涂,35393,神级,40393,血拼,45393,金鹰
394,一毛钱,5394,全要,10394,唐拉雅秀,15394,小凡,20394,手游,25394,李平,30394,滴个,35394,神经,40394,血本,45394,金黄
395,一气,5395,全说,10395,唐晓白,15395,小凤,20395,手牵手,25395,李幸,30395,滴乖,35395,神经兮兮,40395,血案,45395,金黄色
396,一气呵成,5396,全身,10396,唐朝,15396,小凯,20396,手环,25396,李广,30396,滴人,35396,神经病,40396,血汗,45396,金鼎轩
397,一水,5397,全身上下,10397,唐润华,15397,小刀,20397,手电,25397,李庄,30397,滴们,35397,神经衰弱,40397,血汗钱,45397,金龙
398,一汤,5398,全车,10398,唐烨,15398,小分队,20398,手电筒,25398,李庆宇,30398,滴嘘,35398,神经质,40398,血泪,45398,金龙鱼
399,一汽大众,5399,全过,10399,唐玮,15399,小刚,20399,手留,25399,李延亮,30399,滴孩纸,35399,神经错乱,40399,血泪史,45399,金龟子
400,一泓,5400,全过程,10400,唐米,15400,小创,20400,手痒,25400,李建民,30400,滴心,35400,神翼,40400,血流,45400,釜山
401,一泡,5401,全运会,10401,唐绣儿,15401,小利,20401,手稿,25401,李开复,30401,滴晕,35401,神舟,40401,血流成河,45401,鉴别
402,一波,5402,全送,10402,唐老鸭,15402,小别,20402,手笔,25402,李强,30402,滴有,35402,神色,40402,血液,45402,鉴定
403,一波三折,5403,全部都是,10403,唐蕾,15403,小到,20403,手纸,25403,李彦,30403,滴水,35403,神药,40403,血液循环,45403,鉴证
404,一波接,5404,全钻,10404,唐装,15404,小剧场,20404,手绘,25404,李彦宏,30404,滴水之恩,35404,神行,40404,血液科,45404,鉴赏
405,一泻千里,5405,全长,10405,唐诗,15405,小动作,20405,手绢,25405,李彦玲,30405,滴汗,35405,神评,40405,血淋淋,45405,鉴赏家
406,一洗,5406,全队,10406,唐达天,15406,小勇,20406,手续,25406,李彬,30406,滴油,35406,神话,40406,血管,45406,鉴韬
407,一派,5407,全集,10407,唐震,15407,小勒,20407,手续费,25407,李影影,30407,滴泪,35407,神起,40407,血糖,45407,鑫鑫
408,一流,5408,全雷真,10408,唐韵,15408,小勺,20408,手背,25408,李征,30408,滴滴,35408,神车,40408,血统,45408,鑫雨
409,一海莲,5409,全靠,10409,唠叨,15409,小包,20409,手脚,25409,李微,30409,滴滴答答,35409,神迹,40409,血肉,45409,针孔
410,一淫,5410,全额,10410,唠嗑,15410,小北,20410,手脚冰凉,25410,李德,30410,滴爱,35410,神通,40410,血肉模糊,45410,针对性
411,一溜,5411,全鱼,10411,唤起,15411,小区,20411,手腕,25411,李心洁,30411,滴神,35411,神速,40411,血腥,45411,针扎
412,一溜儿,5412,全鸭季,10412,唤醒,15412,小千,20412,手臂,25412,李志刚,30412,滴粉,35412,神道,40412,血色,45412,针灸
413,一滩,5413,全麦,10413,唧唧,15413,小华,20413,手艺,25413,李志起,30413,滴给力,35413,神采,40413,血花,45413,针管
414,一滴,5414,全齐,10414,售书,15414,小卒,20414,手艺人,25414,李忠,30414,滴菇,35414,神采奕奕,40414,血迹,45414,针线
415,一滴水,5415,八一,10415,售价,15415,小卖,20415,手表,25415,李忠华,30415,滴血,35415,神雕侠侣,40415,行不行,45415,针织
416,一点,5416,八三,10416,售出,15416,小卖部,20416,手袋,25416,李忠海,30416,滴要,35416,神韵,40416,行不通,45416,针织衫
417,一点一点,5417,八世,10417,售卖,15417,小南,20417,手要,25417,李思哲,30417,滴话,35417,神风,40417,行且,45417,钉子
418,一点儿,5418,八两,10418,售后,15418,小博,20418,手记,25418,李总,30418,滴转,35418,神饼,40418,行业,45418,钓上
419,一点半,5419,八个,10419,售完,15419,小博女,20419,手贱,25419,李悦,30419,滴酒,35419,神马,40419,行中,45419,钓到
420,一点多,5420,八仙,10420,售票,15420,小卡,20420,手足无措,25420,李想,30420,滴酷,35420,神魔,40420,行为学,45420,钓台
421,一点点,5421,八代,10421,售票员,15421,小卢,20421,手软,25421,李慧,30421,滴须,35421,神鹰,40421,行为艺术,45421,钓鱼
422,一热,5422,八位,10422,售罄,15422,小卷,20422,手边,25422,李慧珍,30422,漂中,35422,神龙,40422,行么,45422,钓鱼台
423,一熊,5423,八十,10423,售货员,15423,小原,20423,手造,25423,李成,30423,漂亮,35423,祥云,40423,行事,45423,钓鱼岛
424,一爱,5424,八十岁,10424,唯一,15424,小厨,20424,手部,25424,李扬,30424,漂在,35424,祥兴,40424,行人,45424,钙片
425,一爽,5425,八十年代,10425,唯众,15425,小厨房,20425,手里,25425,李承鹏,30425,漂姐,35425,祥和,40425,行使,45425,钞票
426,一片片,5426,八千,10426,唯冠,15426,小友,20426,手铐,25426,李振盛,30426,漂族,35426,祥子,40426,行僧,45426,钟丽缇
427,一片狼藉,5427,八卦,10427,唯恐天下,15427,小受,20427,手链,25427,李振龙,30427,漂泊,35427,祥林,40427,行军,45427,钟南山
428,一片空白,5428,八号,10428,唯爱,15428,小口,20428,手镯,25428,李敏,30428,漂洋过海,35428,祥瑞,40428,行凶,45428,钟声
429,一版,5429,八周年,10429,唯独,15429,小叮当,20429,手霜,25429,李敖,30429,漂流,35429,祥鹏,40429,行列,45429,钟头
430,一物,5430,八哥,10430,唯美,15430,小可,20430,才会赢,25430,李文,30430,漂流瓶,35430,票价,40430,行到,45430,钟山
431,一物降,5431,八喜,10431,唱个,15431,小可爱,20431,才刚,25431,李斌,30431,漂浮,35431,票务,40431,行哈,45431,钟情
432,一特,5432,八国联军,10432,唱作,15432,小史,20432,才华,25432,李斯,30432,漂漂,35432,票友,40432,行善,45432,钟意
433,一玩,5433,八块,10433,唱出,15433,小右,20433,才华横溢,25433,李方,30433,漂漂亮亮,35433,票子,40433,行囊,45433,钟斌华
434,一班,5434,八大,10434,唱出来,15434,小叶,20434,才女,25434,李昀,30434,漂移,35434,票房,40434,行在,45434,钟晖
435,一球,5435,八天,10435,唱功,15435,小号,20435,才子,25435,李昂,30435,漂罗旭友,35435,票据,40435,行墨墨,45435,钟楚红
436,一瓢,5436,八套,10436,唱响,15436,小吃,20436,才干,25436,李明,30436,漂酿,35436,票数,40436,行大运,45436,钟楼
437,一瓣,5437,八字,10437,唱唱,15437,小吃店,20437,才情,25437,李明依,30437,漆匠,35437,票根,40437,行天下,45437,钟楼怪人
438,一瓶,5438,八宝,10438,唱得,15438,小吃街,20438,才气,25438,李明启,30438,漆洪波,35438,票泪,40438,行头,45438,钟汉良
439,一生,5439,八宝山,10439,唱歌,15439,小吉,20439,才艺,25439,李明旭,30439,漆皮,35439,票爷,40439,行客,45439,钟泪
440,一生一世,5440,八宝粥,10440,唱歌跳舞,15440,小同,20440,才行,25440,李明霞,30440,漆线,35440,票票,40440,行宫,45440,钟点
441,一用,5441,八家,10441,唱法,15441,小名,20441,扎克,25441,李明顺,30441,漆黑,35441,票贩子,40441,行家,45441,钟点工
442,一男,5442,八小时,10442,唱片,15442,小吵,20442,扎啤,25442,李易,30442,漏掉,35442,票选,40442,行尸,45442,钟爱
443,一男一女,5443,八岁,10443,唱着歌,15443,小呆,20443,扎堆,25443,李昕,30443,漏气,35443,祭司,40443,行尸走肉,45443,钟秋
444,一番滋味,5444,八年,10444,唱红,15444,小命,20444,扎堆儿,25444,李星,30444,漏水,35444,祭奠,40444,行当,45444,钟立风
445,一白张,5445,八强,10445,唱腔,15445,小哀,20445,扎实,25445,李星文,30445,漏洞,35445,祭灶,40445,行径,45445,钟萍
446,一百,5446,八戒,10446,唱起,15446,小品,20446,扎巴,25446,李星陆,30446,漏电,35446,祭祀,40446,行心,45446,钟表
447,一百万,5447,八折,10447,唱起来,15447,小哈,20447,扎根,25447,李映,30447,漏雨,35447,祷告,40447,行情,45447,钟钟
448,一百个,5448,八斗,10448,唱首,15448,小哥,20448,扎西,25448,李昱轩,30448,漓江,35448,祸害,40448,行摄,45448,钟风彩
449,一百倍,5449,八斤,10449,唾弃,15449,小哥儿,20449,扎西德勒,25449,李晓东,30449,演个,35449,禁不住,40449,行政,45449,钟鼎文
450,一百元,5450,八方,10450,唾沫,15450,小哲别,20450,扎起,25450,李晓军,30450,演义,35450,禁不起,40450,行星,45450,钟鼓楼
451,一百分,5451,八星,10451,啃着,15451,小商品,20451,扎进,25451,李晓南,30451,演了,35451,禁区,40451,行晕,45451,钢丝
452,一百块,5452,八月,10452,商业,15452,小商贩,20452,扑倒,25452,李晓君,30452,演出,35452,禁售,40452,行智,45452,钢儿
453,一百多,5453,八本坊,10453,商业化,15453,小喇叭,20453,扑克,25453,李晓楼,30453,演出成功,35453,禁得住,40453,行李,45453,钢子
454,一百天,5454,八条,10454,商业地产,15454,小器,20454,扑克牌,25454,李晓琪,30454,演变,35454,禁得起,40454,行李架,45454,钢拳
455,一百年,5455,八楼,10455,商业模式,15455,小四,20455,扑哧,25455,李晓非,30455,演员,35455,禁忌,40455,行李牌,45455,钢琴
456,一百遍,5456,八点,10456,商人,15456,小四儿,20456,扑灭,25456,李晓龙,30456,演员阵容,35456,禁止,40456,行李箱,45456,钢琴伴奏
457,一盆,5457,八点半,10457,商众,15457,小四爱,20457,扑腾,25457,李晗,30457,演唱,35457,禁止入,40457,行程,45457,钢琴家
458,一盏,5458,八爪,10458,商会,15458,小囡,20458,扑街,25458,李晟,30458,演唱会,35458,禁烟,40458,行者,45458,钢琴师
459,一盒,5459,八爷,10459,商务,15459,小囡子,20459,扑面而来,25459,李晨,30459,演奏,35459,禁狗令,40459,行行,45459,钢琴曲
460,一盘,5460,八百,10460,商务酒店,15460,小团,20460,扑鼻,25460,李晶,30460,演奏会,35460,禁用,40460,行行好,45460,钢盔
461,一盘菜,5461,八碗,10461,商厦,15461,小园,20461,扒开,25461,李智,30461,演奏家,35461,禁绝,40461,行衰,45461,钢笔
462,一目,5462,八神,10462,商品,15462,小国,20462,扒房,25462,李智强,30462,演完,35462,禁行,40462,行装,45462,钢笔画
463,一目了然,5463,八级,10463,商圈,15463,小图,20463,扒拉,25463,李有,30463,演得,35463,禁言,40463,行货,45463,钢筋水泥
464,一看,5464,八脚,10464,商场,15464,小圆,20464,扒皮,25464,李未,30464,演戏,35464,禅宗,40464,行走,45464,钢管
465,一眨眼,5465,八角,10465,商城,15465,小圆宝,20465,扒鸡,25465,李本勇,30465,演技,35465,禅师,40465,行路,45465,钢蹦儿
466,一眼,5466,八路,10466,商学,15466,小圈,20466,打一,25466,李权,30466,演技派,35466,禅心,40466,行踪,45466,钢身
467,一睹,5467,八路军,10467,商学院,15467,小土豆,20467,打下手,25467,李李,30467,演播厅,35467,禅意,40467,行车,45467,钢针
468,一瞥,5468,八辈,10468,商家,15468,小地,20468,打不开,25468,李杰,30468,演播室,35468,禅猫,40468,行进,45468,钢铁
469,一瞬,5469,八达岭,10469,商店,15469,小型,20469,打不着,25469,李林,30469,演矿,35469,禅茶,40469,行迹,45469,钥匙
470,一瞬间,5470,八过,10470,商户,15470,小城,20470,打不起,25470,李果,30470,演示,35470,禅语,40470,行长,45470,钥匙扣
471,一砣,5471,八通,10471,商报,15471,小墨,20471,打个,25471,李枫,30471,演练,35471,福万卿,40471,行驶,45471,钥匙链
472,一碗,5472,八错,10472,商旅,15472,小墩,20472,打个招呼,25472,李桑,30472,演绎,35472,福中,40472,衍生,45472,钦佩
473,一碟,5473,八闽,10473,商标,15473,小声,20473,打乱,25473,李梓庭,30473,演职人员,35473,福临,40473,衔接,45473,钦点
474,一磅,5474,八零后,10474,商榷,15474,小夕,20474,打了个,25474,李梦,30474,演艺,35474,福克斯,40474,街上,45474,钩子
475,一票,5475,八顿,10475,商河,15475,小多,20475,打交道,25475,李楠,30475,演艺圈,35475,福冈,40475,街区,45475,钩钩
476,一种,5476,公一兵,10476,商演,15476,小夜,20476,打人,25476,李樯,30476,演艺界,35476,福分,40476,街口,45476,钮祜禄
477,一秒,5477,公主,10477,商界,15477,小夜曲,20477,打人者,25477,李欣,30477,演讲,35477,福利,40477,街坊,45477,钱别
478,一秒钟,5478,公主坟,10478,商虹,15478,小大,20478,打仗,25478,李欣芸,30478,演说,35478,福利社,40478,街头,45478,钱包
479,一程,5479,公交,10479,商讨,15479,小天,20479,打伞,25479,李正,30479,演过,35479,福利院,40479,街头巷尾,45479,钱后
480,一窍不通,5480,公交站,10480,商贩,15480,小天使,20480,打伤,25480,李正曦,30480,漠北,35480,福到,40480,街旁,45480,钱嘉伟
481,一窝,5481,公交线路,10481,商贸,15481,小头,20481,打倒,25481,李正熙,30481,漠河,35481,福华,40481,街景,45481,钱场
482,一站,5482,公交车,10482,商量,15482,小女,20482,打假,25482,李正虎泪,30482,漠漠,35482,福地,40482,街舞,45482,钱塘
483,一站式,5483,公交车站,10483,商量一下,15483,小女儿,20483,打入,25483,李毅,30483,漩涡,35483,福大,40483,街角,45483,钱多人
484,一笑,5484,公仆,10484,商铺,15484,小女子,20484,打出,25484,李氏,30484,漫天,35484,福如东海,40484,街边,45484,钱学森
485,一笑而过,5485,公仔,10485,啊啊啊,15485,小女孩,20485,打击,25485,李永忠,30485,漫天要价,35485,福娃,40485,街道,45485,钱宇
486,一笔,5486,公众,10486,啤酒,15486,小女巫,20486,打击乐,25486,李永林,30486,漫子,35486,福字,40486,衙门,45486,钱宇杰
487,一等,5487,公会,10487,啤酒节,15487,小女生,20487,打分,25487,李江,30487,漫山遍野,35487,福宝,40487,衡山,45487,钱家
488,一等奖,5488,公元,10488,啥事,15488,小女警,20488,打到,25488,李池,30488,漫步,35488,福寿,40488,衡水,45488,钱庄
489,一筐,5489,公公,10489,啥子,15489,小奴,20489,打动,25489,李沁,30489,漫步者,35489,福寿康宁,40489,衡量,45489,钱怒
490,一算,5490,公共,10490,啥意思,15490,小奶,20490,打劫,25490,李沫,30490,漫游,35490,福尔,40490,衡阳,45490,钱文忠
491,一管,5491,公共交通,10491,啥时候,15491,小妇人,20491,打包,25491,李治廷,30491,漫游者,35491,福尔摩斯,40491,衢州,45491,钱文忠怒
492,一箩筐,5492,公共关系,10492,啥样,15492,小妈,20492,打包带,25492,李泉,30492,漫漫,35492,福山,40492,衢州市,45492,钱文忠泪
493,一箱,5493,公共厕所,10493,啥样子,15493,小妍,20493,打卡,25493,李泓蕴,30493,漫漫长夜,35493,福岛,40493,衣帽间,45493,钱方
494,一篇,5494,公共场合,10494,啦啦队,15494,小妖,20494,打卤面,25494,李波,30494,漫画,35494,福州,40494,衣服,45494,钱晕
495,一米,5495,公共场所,10495,啧啧,15495,小妖怪,20495,打印,25495,李波儿,30495,漫画书,35495,福州市,40495,衣柜,45495,钱来
496,一米阳光,5496,公共汽车,10496,啪啦,15496,小妖精,20496,打印机,25496,李泪,30496,漫画家,35496,福州路,40496,衣橱,45496,钱枫
497,一类,5497,公共频道,10497,啪啪,15497,小妙,20497,打压,25497,李泽清,30497,漫画版,35497,福布斯,40497,衣物,45497,钱柜
498,一粒,5498,公关,10498,啪嗒,15498,小妞,20498,打发,25498,李洁,30498,漫话,35498,福建,40498,衣着,45498,钱永俊
499,一粥,5499,公关部,10499,啸虎,15499,小妞儿,20499,打听,25499,李洋,30499,漫道,35499,福建厦门,40499,衣衫,45499,钱江晚报
500,一系列,5500,公分,10500,喀什,15500,小妮妮,20500,打呼,25500,李浩,30500,漫长,35500,福建省,40500,衣装,45500,钱泪
501,一红,5501,公务员,10501,喀纳斯,15501,小妮子,20501,打呼噜,25501,李海,30501,漱口,35501,福报,40501,衣裳,45501,钱皓
502,一级,5502,公务舱,10502,喂养,15502,小妲,20502,打哈,25502,李海涛,30502,漳州,35502,福旺财,40502,衣锦夜行,45502,钱粮
503,一纸,5503,公升,10503,喂喂,15503,小妹,20503,打哈哈,25503,李海清,30503,漳州市,35503,福星,40503,衣食父母,45503,钱红
504,一线,5504,公厕,10504,喂奶,15504,小妹妹,20504,打哈欠,25504,李海鹏,30504,漳浦,35504,福朋,40504,补一补,45504,钱能
505,一组,5505,公司,10505,喂狗,15505,小妹子,20505,打响,25505,李涛,30505,潇予,35505,福来,40505,补丁,45505,钱花
506,一经,5506,公司员工,10506,喂食,15506,小姐,20506,打喷嚏,25506,李添,30506,潇姐,35506,福歌席,40506,补上,45506,钱芳
507,一绝,5507,公司老总,10507,喂饭,15507,小姐姐,20507,打嗝,25507,李淼,30507,潇月,35507,福气,40507,补个,45507,钱蕾
508,一统,5508,公告,10508,喂饱,15508,小姑,20508,打四黑,25508,李清,30508,潇洒,35508,福泉,40508,补习,45508,钱袋
509,一缕,5509,公园,10509,喃们,15509,小姑姑,20509,打坐,25509,李湘,30509,潇湘,35509,福清,40509,补偿,45509,钱财
510,一罐,5510,公国,10510,喃喃,15510,小姑娘,20510,打声,25510,李源潮,30510,潇湘晨报,35510,福照,40510,补充,45510,钱途
511,一网,5511,公婆,10511,善举,15511,小姨,20511,打头,25511,李溪昶,30511,潇潇,35511,福特,40511,补全,45511,钱钟书
512,一网打尽,5512,公子,10512,善事,15512,小姨妈,20512,打字,25512,李潇,30512,潇王,35512,福禄寿,40512,补办,45512,钳子
513,一群,5513,公孙,10513,善于,15513,小姬,20513,打官司,25513,李然,30513,潍坊,35513,福蛙,40513,补助,45513,钻头
514,一聚,5514,公安,10514,善人,15514,小姿,20514,打小,25514,李煜,30514,潘一恒,35514,福袋,40514,补发,45514,钻戒
515,一肚子,5515,公安厅,10515,善变,15515,小威,20515,打小爱,25515,李爱米,30515,潘为,35515,福记,40515,补图,45515,钻石
516,一肚子气,5516,公安局,10516,善后,15516,小娃,20516,打屁股,25516,李爽,30516,潘争,35516,福运,40516,补完,45516,钻石戒指
517,一股,5517,公安局长,10517,善哉,15517,小娇,20517,打工,25517,李牛,30517,潘启雯,35517,福长,40517,补水,45517,钻研
518,一胖,5518,公安机关,10518,善待,15518,小娘们,20518,打工仔,25518,李特,30518,潘哒,35518,福音,40518,补牙,45518,钻进
519,一脉相承,5519,公安部,10519,善心,15519,小娜,20519,打平,25519,李犁,30519,潘坤,35519,福顺,40519,补看,45519,铁丐
520,一脚,5520,公安部门,10520,善恶,15520,小婕,20520,打广告,25520,李献,30520,潘多拉,35520,禚洪梅,40520,补给,45520,铁丝
521,一脸,5521,公寓,10521,善意,15521,小婷,20521,打底,25521,李玉刚,30521,潘大,35521,离不开,40521,补考,45521,铁人
522,一腔,5522,公布,10522,善款,15522,小媛,20522,打开,25522,李玟,30522,潘太,35522,离世,40522,补色,45522,铁军
523,一腿,5523,公布出来,10523,善用,15523,小媛儿,20523,打开方式,25523,李玩,30523,潘姐,35523,离京,40523,补药,45523,铁匠
524,一般来说,5524,公平,10524,善缘,15524,小媳妇,20524,打开门,25524,李珊珊,30524,潘婕,35524,离别,40524,补血,45524,铁去
525,一般般,5525,公开,10525,善良,15525,小子,20525,打得,25525,李琛,30525,潘婷,35525,离去,40525,补补,45525,铁哥
526,一艘,5526,公开课,10526,善莫大焉,15526,小孔,20526,打怒,25526,李琦,30526,潘宇,35526,离场,40526,补觉,45526,铁哥们
527,一色,5527,公开赛,10527,善行,15527,小字,20527,打情骂俏,25527,李琳,30527,潘安,35527,离奇,40527,补课,45527,铁块
528,一节,5528,公式,10528,善解人意,15528,小孙,20528,打成,25528,李琼,30528,潘少,35528,离婚,40528,补货,45528,铁塔
529,一节课,5529,公德,10529,喇叭,15529,小季,20529,打手,25529,李瑞,30529,潘币,35529,离婚率,40529,补贴,45529,铁娘子
530,一花,5530,公德心,10530,喇嘛,15530,小学,20530,打打,25530,李璨,30530,潘总,35530,离子,40530,补过,45530,铁定
531,一茜,5531,公投,10531,喉咙,15531,小学同学,20531,打扫,25531,李甲,30531,潘文大,35531,离家,40531,补钙,45531,铁山
532,一茶,5532,公放,10532,喉咙痛,15532,小学校长,20532,打扫卫生,25532,李男,30532,潘斌,35532,离家出走,40532,表再,45532,铁岭
533,一菲,5533,公敌,10533,喉舌,15533,小学生,20533,打扮,25533,李白,30533,潘旭苗,35533,离家近,40533,表决,45533,铁幕
534,一行,5534,公斤,10534,喊冤,15534,小孩,20534,打扰,25534,李磊,30534,潘昕,35534,离席,40534,表叔,45534,铁律
535,一袋,5535,公映,10535,喊话,15535,小孩儿,20535,打折,25535,李礼,30535,潘昶,35535,离开,40535,表哥,45535,铁心兰
536,一袭,5536,公权,10536,喘气,15536,小孩子,20536,打折扣,25536,李秋芬,30536,潘显宏,35536,离异,40536,表妹,45536,铁扇
537,一要,5537,公权力,10537,喜不喜欢,15537,小宁,20537,打拐,25537,李立,30537,潘晓东,35537,离得,40537,表姐,45537,铁扇公主
538,一见,5538,公桉雯,10538,喜乐,15538,小宇,20538,打招呼,25538,李笑,30538,潘晓婷,35538,离离,40538,表嫂,45538,铁打
539,一见如故,5539,公款,10539,喜事,15539,小宇头,20539,打拼,25539,李继宏,30539,潘晴,35539,离线,40539,表弟,45539,铁杆
540,一见钟情,5540,公正,10540,喜人,15540,小安,20540,打捆机,25540,李维嘉,30540,潘梓,35540,离职,40540,表态,45540,铁板
541,一视同仁,5541,公民,10541,喜儿,15541,小宝,20541,打捞,25541,李羊,30541,潘梓含,35541,离谱,40541,表怒,45541,铁板烧
542,一览,5542,公爵,10542,喜出望外,15542,小宝妈,20542,打探,25542,李美,30542,潘欣,35542,禽兽,40542,表情,45542,铁柱
543,一觉,5543,公牛,10543,喜剧,15543,小宝宝,20543,打搅,25543,李翔,30543,潘泺,35543,禽兽不如,40543,表情丰富,45543,铁棍
544,一角,5544,公猪,10544,喜剧片,15544,小宝贝,20544,打文,25544,李老师,30544,潘泺蔓,35544,禽流感,40544,表扬,45544,铁环
545,一触即发,5545,公猫,10545,喜力,15545,小宫,20545,打断,25545,李老板,30545,潘洁,35545,禽类,40545,表扬信,45545,铁球
546,一言为定,5546,公理,10546,喜喜,15546,小家,20546,打机,25546,李老湿,30546,潘溶融,35546,禾琦,40546,表格,45546,铁甲
547,一言难尽,5547,公益,10547,喜堂,15547,小家伙,20547,打杂,25547,李耕,30547,潘潘,35547,禾苗,40547,表演,45547,铁皮
548,一记,5548,公益事业,10548,喜大普奔,15548,小宽,20548,打来,25548,李臻,30548,潘潘猫,35548,禾行,40548,表演艺术家,45548,铁粉
549,一试,5549,公益广告,10549,喜天,15549,小密,20549,打架,25549,李良,30549,潘猫,35549,禾页,40549,表现,45549,铁老大
550,一语,5550,公益活动,10550,喜好,15550,小寒,20550,打款,25550,李艾,30550,潘石屹,35550,秀丽,40550,表白,45550,铁臂
551,一语中的,5551,公知,10551,喜宴,15551,小将,20551,打死,25551,李芳,30551,潘祥,35551,秀低,40551,表皮,45551,铁花
552,一说,5552,公示,10552,喜庆,15552,小小,20552,打气,25552,李茜,30552,潘莹斌,35552,秀出,40552,表示感谢,45552,铁血
553,一说到,5553,公社,10553,喜得,15553,小小子,20553,打油诗,25553,李莉,30553,潘西,35553,秀发,40553,表示祝贺,45553,铁观音
554,一读,5554,公立,10554,喜怒哀乐,15554,小小年纪,20554,打法,25554,李莎莎,30554,潘越云,35554,秀喻舟,40554,表象,45554,铁路
555,一课,5555,公蟹,10555,喜悦,15555,小小的,20555,打浦桥,25555,李莹,30555,潘达,35555,秀场,40555,表达,45555,铁路线
556,一贯,5556,公视,10556,喜感,15556,小小说,20556,打渔,25556,李菁,30556,潘采夫,35556,秀外慧中,40556,表达方式,45556,铁路网
557,一赠,5557,公认,10557,喜来登,15557,小小鱼,20557,打游戏,25557,李萍,30557,潘金莲,35557,秀才,40557,表述,45557,铁蹄
558,一趟,5558,公费,10558,喜极而泣,15558,小少爷,20558,打湿,25558,李蒙,30558,潘长江,35558,秀气,40558,表错,45558,铁轨
559,一跃,5559,公路,10559,喜欢,15559,小尹,20559,打滑,25559,李蓉,30559,潘阳,35559,秀水,40559,表面,45559,铁通
560,一路,5560,公车,10560,喜气,15560,小尾寒羊,20560,打滚,25560,李虎,30560,潘雷,35560,秀版,40560,衬得,45560,铁道
561,一路上,5561,公车上,10561,喜气洋洋,15561,小尾巴,20561,打火机,25561,李虹,30561,潘顺吉,35561,秀秀,40561,衬托,45561,铁道部
562,一路平安,5562,公道,10562,喜洋洋,15562,小屁,20562,打点,25562,李西,30562,潜伏,35562,秀美,40562,衬衣,45562,铁链
563,一路顺风,5563,公道话,10563,喜爱,15563,小屁孩,20563,打点滴,25563,李记,30563,潜入,35563,秀色,40563,衬衫,45563,铁锅
564,一身,5564,公里,10564,喜琳,15564,小屋,20564,打烊,25564,李象群,30564,潜力,35564,秀色可餐,40564,衰一,45564,铁门
565,一车,5565,公馆,10565,喜碧,15565,小山,20565,打爆,25565,李败,30565,潜力股,35565,私下,40565,衰三儿,45565,铁靠
566,一转,5566,公鸡,10566,喜糖,15566,小山村,20566,打牌,25566,李败山,30566,潜台词,35566,私事,40566,衰中,45566,铁马
567,一轮,5567,六一,10567,喜羊羊,15567,小岛,20567,打狗,25567,李超,30567,潜在,35567,私享,40567,衰为,45567,铁鸟
568,一辆,5568,六七,10568,喜获,15568,小岳,20568,打猎,25568,李轶,30568,潜客,35568,私人,40568,衰于,45568,铂尔曼
569,一辆车,5569,六两,10569,喜讯,15569,小峡,20569,打球,25569,李轶群,30569,潜心,35569,私企,40569,衰亲,45569,铂金
570,一辆辆,5570,六个,10570,喜达屋,15570,小峻,20570,打理,25570,李辉,30570,潜心研究,35570,私信,40570,衰任,45570,铃兰
571,一辈,5571,六个月,10571,喜迎,15571,小崽子,20571,打电话,25571,李进荣,30571,潜意识,35571,私募,40571,衰何,45571,铃声
572,一辈子,5572,六六,10572,喜酒,15572,小川,20572,打盹,25572,李连杰,30572,潜水,35572,私厨,40572,衰傅,45572,铃子
573,一辣,5573,六十,10573,喜闻乐见,15573,小工,20573,打着,25573,李迪,30573,潜水员,35573,私塾,40573,衰写,45573,铃木
574,一辣周,5574,六十年,10574,喜马拉雅,15574,小巧,20574,打瞌睡,25574,李逵,30574,潜水服,35574,私奔,40574,衰别,45574,铃铛
575,一过,5575,六十年代,10575,喜马拉雅山,15575,小巫,20575,打破,25575,李遥波,30575,潜水艇,35575,私家,40575,衰北,45575,铅笔
576,一进,5576,六千,10576,喜鹊,15576,小差,20576,打砸,25576,李金,30576,潜艇,35576,私家侦探,40576,衰只,45576,铅笔刀
577,一连,5577,六只,10577,喝一杯,15577,小巴,20577,打砸抢,25577,李金铭,30577,潜行,35577,私家车,40577,衰嘘,45577,铆钉
578,一连串,5578,六号,10578,喝上,15578,小巷,20578,打碎,25578,李金龙,30578,潜规则,35578,私密,40578,衰图,45578,铛铛
579,一通,5579,六合,10579,喝下去,15579,小市民,20579,打算,25579,李钟,30579,潜质,35579,私密性,40579,衰在,45579,铜像
580,一遇,5580,六周年,10580,喝个,15580,小布,20580,打篮球,25580,李钰,30580,潜逃,35580,私心,40580,衰大,45580,铜牌
581,一遍,5581,六味地黄,10581,喝了酒,15581,小帅,20581,打结,25581,李铁,30581,潜镜,35581,私情,40581,衰天,45581,铜艺
582,一道,5582,六哥,10582,喝光,15582,小帅哥,20582,打网球,25582,李铭,30582,潜龙,35582,私房,40582,衰太,45582,铜钱
583,一遭,5583,六喜,10583,喝到,15583,小帅帅,20583,打翻,25583,李铭建,30583,潦草,35583,私房话,40583,衰好,45583,铜锅
584,一郎,5584,六块,10584,喝口,15584,小帆,20584,打蛋,25584,李锋,30584,潭柘寺,35584,私房钱,40584,衰孙,45584,铜锣湾
585,一部,5585,六大,10585,喝咖啡,15585,小常识,20585,打要,25585,李锐,30585,潮人,35585,私有化,40585,衰家,45585,铜陵
586,一部分,5586,六天,10586,喝啤酒,15586,小平,20586,打败,25586,李锦记,30586,潮商,35586,私有财产,40586,衰小,45586,铭心
587,一醉,5587,六宗,10587,喝喝,15587,小年,20587,打赌,25587,李雨儿,30587,潮女,35587,私汤,40587,衰尾,45587,铭蔚
588,一醉方休,5588,六家,10588,喝多,15588,小年夜,20588,打起,25588,李雪主,30588,潮妈,35588,私生子,40588,衰年,45588,铭记
589,一醒,5589,六小时,10589,喝大,15589,小幻,20589,打起精神,25589,李霁,30589,潮州,35589,私立,40589,衰张,45589,铮子
590,一针,5590,六岁,10590,喝奶,15590,小库,20590,打车,25590,李霖,30590,潮州人,35590,私聊,40590,衰弱,45590,铮铮
591,一针一线,5591,六年,10591,喝完,15591,小店,20591,打过,25591,李霞,30591,潮州菜,35591,私自,40591,衰微,45591,铮铮铁骨
592,一针见血,5592,六年级,10592,喝小酒,15592,小康,20592,打通,25592,李青,30592,潮来,35592,私藏,40592,衰快,45592,铲子
593,一锅,5593,六折,10593,喝彩,15593,小建,20593,打造,25593,李静,30593,潮歌,35593,私语,40593,衰怒,45593,银丝
594,一锅粥,5594,六斤,10594,喝得,15594,小开,20594,打醒,25594,李韬,30594,潮水,35594,秃头,40594,衰悲,45594,银两
595,一键,5595,六星级,10595,喝掉,15595,小异,20595,打针,25595,李项,30595,潮水般,35595,秃子,40595,衰情,45595,银们
596,一门,5596,六月,10596,喝晕,15596,小弟,20596,打铁,25596,李颖,30596,潮汐,35596,秃顶,40596,衰挖,45596,银儿
597,一闪,5597,六月天,10597,喝杯,15597,小弟弟,20597,打错,25597,李颜,30597,潮汕,35597,秉承,40597,衰擦,45597,银去
598,一闭,5598,六本木,10598,喝水,15598,小张,20598,打错字,25598,李颜嘴,30598,潮汕人,35598,秋儿,40598,衰新,45598,银发
599,一问,5599,六楼,10599,喝汤,15599,小强,20599,打闹,25599,李飒,30599,潮流,35599,秋冬,40599,衰是,45599,银子
600,一间,5600,六次,10600,喝泪,15600,小影,20600,打雷,25600,李飞,30600,潮湿,35600,秋冬季,40600,衰晕,45600,银家
601,一队,5601,六点,10601,喝点,15601,小彻,20601,打靶,25601,李骁,30601,潮潮,35601,秋凉,40601,衰有,45601,银川
602,一阵,5602,六点半,10602,喝牛奶,15602,小径,20602,打颤,25602,李鬼,30602,潮爆,35602,秋刀鱼,40602,衰来,45602,银币
603,一阵子,5603,六爷,10603,喝粥,15603,小徐,20603,打飞,25603,李鲆,30603,潮猪,35603,秋千,40603,衰杨,45603,银幕
604,一阵阵,5604,六环,10604,喝美,15604,小微,20604,打高尔夫,25604,李鸣,30604,潮童,35604,秋叶,40604,衰求,45604,银座
605,一阵风,5605,六级,10605,喝茶,15605,小德,20605,打鱼,25605,李鸣宇,30605,潮菜,35605,秋夜,40605,衰汗,45605,银杏
606,一集,5606,六翼,10606,喝西北风,15606,小心,20606,打鸣,25606,李鸣智,30606,潸然泪下,35606,秋天,40606,衰汗泪,45606,银杏叶
607,一雯,5607,六耳,10607,喝过,15607,小心眼,20607,打麻将,25607,李鸣生,30607,潺潺,35607,秋季,40607,衰泪,45607,银杏树
608,一面之缘,5608,六角,10608,喝酒,15608,小心眼儿,20608,打鼓,25608,李鹏,30608,澄清,35608,秋实,40608,衰爱,45608,银条
609,一页,5609,六里桥,10609,喝醉,15609,小心翼翼,20609,扔下,25609,李鹤,30609,澄迈,35609,秋山,40609,衰王,45609,银杯
610,一顶,5610,六间房,10610,喝高,15610,小忆,20610,扔掉,25610,李黎,30610,澎湃,35610,秋岛,40610,衰看,45610,银桑
611,一项,5611,六零,10611,喧哗,15611,小志,20611,扔给,25611,李黛了,30611,澎湖,35611,秋微,40611,衰真,45611,银河
612,一顿,5612,兮兮,10612,喧嚣,15612,小忙,20612,扔进,25612,李龙,30612,澜沧江,35612,秋意,40612,衰神,45612,银河系
613,一顿饭,5613,兰二毛,10613,喧闹,15613,小怡,20613,托人,25613,杏仁,30613,澜茵山,35613,秋日,40613,衰老,45613,银河证券
614,一颗,5614,兰亭,10614,喷出来,15614,小怪,20614,托儿,25614,杏仁豆腐,30614,澡盆,35614,秋月,40614,衰能,45614,银泪
615,一飞冲天,5615,兰会,10615,喷发,15615,小悦,20615,托克,25615,杏儿,30615,澳大利亚,35615,秋有,40615,衰薛,45615,银泰
616,一餐,5616,兰佩,10616,喷喷,15616,小惠,20616,托尼,25616,杏子,30616,澳方,35616,秋末,40616,衰衰,45616,银泰网
617,一饭,5617,兰兰,10617,喷嚏,15617,小意思,20617,托尼滴,25617,杏眼,30617,澳洲,35617,秋梦,40617,衰衰怒,45617,银滩
618,一饱眼福,5618,兰博,10618,喷子,15618,小愚,20618,托托,25618,杏花,30618,澳网,35618,秋毫,40618,衰衰衰,45618,银牌
619,一首,5619,兰博基尼,10619,喷水,15619,小憩,20619,托斯卡纳,25619,杏花村,30619,澳芒,35619,秋水,40619,衰要,45619,银狐
620,一首歌,5620,兰卡威,10620,喷水池,15620,小懒,20620,托比,25620,杏蓬,30620,澳门,35620,秋游,40620,衰许,45620,银石
621,一马,5621,兰州,10621,喷泉,15621,小戴子,20621,托福,25621,杏鲍菇,30621,澳际,35621,秋生,40621,衰话,45621,银耳
622,一马当先,5622,兰心,10622,喷火,15622,小户,20622,托管,25622,材料,30622,激光,35622,秋田,40622,衰转,45622,银耳汤
623,一骑,5623,兰斯,10623,喷点,15623,小房,20623,托运,25623,材质,30623,激动,35623,秋秋,40623,衰退,45623,银联
624,一鱼,5624,兰楚,10624,喷血,15624,小手,20624,托雷斯,25624,村上,30624,激动不已,35624,秋竹,40624,衰都,45624,银联卡
625,一鸣,5625,兰色,10625,喷雾,15625,小手指,20625,托马斯,25625,村上春树,30625,激动人心,35625,秋群,40625,衰酷,45625,银色
626,一麻,5626,兰花,10626,喷饭,15626,小扎,20626,扛不住,25626,村儿,30626,激励,35626,秋色,40626,衰金,45626,银芽
627,一齐,5627,兰花花,10627,喷香,15627,小护士,20627,扛着,25627,村口,30627,激发,35627,秋葵,40627,衰韦恩,45627,银行
628,丁丁,5628,兰若,10628,喻小,15628,小报,20628,扛过去,25628,村夫,30628,激增,35628,秋衣,40628,衰马,45628,银行卡
629,丁书斌,5629,兰蔻,10629,喻江,15629,小拔,20629,扣儿,25629,村妇,30629,激怒,35629,秋裤,40629,衰魏,45629,银装素裹
630,丁俊晖,5630,兰陵王,10630,喽太,15630,小指,20630,扣分,25630,村姑,30630,激情,35630,秋阳,40630,衰黄,45630,银锭
631,丁儿,5631,兰陵笑笑,10631,喽子,15631,小排,20631,扣子,25631,村委,30631,激情戏,35631,秋雨,40631,衰黑,45631,银鱼
632,丁启阵,5632,共乐,10632,喽泪,15632,小提琴,20632,扣扣,25632,村子,30632,激愤,35632,秋静,40632,衷心,45632,银龙
633,丁子,5633,共事,10633,喽爱,15633,小提示,20633,扣款,25633,村官,30633,激昂,35633,秋风,40633,衷心感谢,45633,铸造
634,丁字,5634,共产,10634,嗅到,15634,小摇,20634,扣肉,25634,村小,30634,激活,35634,秋高气爽,40634,衷心祝福,45634,铺会
635,丁宁,5635,共产主义,10635,嗅觉,15635,小摊,20635,扣钱,25635,村干部,30635,激活码,35635,种别,40635,衷柏夷,45635,铺嘻哈
636,丁小丁杰静,5636,共产党,10636,嗑瓜子,15636,小摩,20636,执勤,25636,村庄,30636,激浪,35636,种地,40636,衷肠,45636,铺垫
637,丁晨,5637,共产党员,10637,嗓子,15637,小撒,20637,执子之手,25637,村店,30637,激灵,35637,种子,40637,袁伟,45637,铺天盖地
638,丁来峰,5638,共享,10638,嗓子疼,15638,小敏,20638,执导,25638,村支书,30638,激烈,35638,种族,40638,袁健雄,45638,铺婷子
639,丁林,5639,共创,10639,嗓子眼儿,15639,小散,20639,执手,25639,村村,30639,激素,35639,种族歧视,40639,袁先生,45639,铺子
640,丁爷,5640,共勉,10640,嗓门,15640,小数点,20640,执政,25640,村民,30640,激荡,35640,种树,40640,袁咏仪,45640,铺安鸣
641,丁磊,5641,共同努力,10641,嗓音,15641,小文,20641,执法,25641,村炮,30641,激萌,35641,种植,40641,袁娅维,45641,铺安鸣杰
642,丁茂生,5642,共同完成,10642,嗖嗖,15642,小斌斌,20642,执法人员,25642,村落,30642,激起,35642,种病,40642,袁媛,45642,铺小泽
643,丁辰灵,5643,共同进步,10643,嗜吃慧,15643,小料,20643,执法权,25643,村里,30643,瀑布,35643,种种,40643,袁学娅,45643,铺张
644,丁锦昊,5644,共和,10644,嗜睡,15644,小斯,20644,执法犯法,25644,村长,30644,瀚堂,35644,种种原因,40644,袁岳,45644,铺满
645,丁香,5645,共和国,10645,嗜血,15645,小新,20645,执法者,25645,杜一诺,30645,瀚景,35645,种类,40645,袁弘,45645,铺筱雅
646,丁香花,5646,共存,10646,嗷嗷,15646,小旗,20646,执着,25646,杜丹,30646,灌满,35646,种群,40646,袁总,45646,铺能
647,丁鸣君,5647,共度,10647,嗷嗷待哺,15647,小日子,20647,执缨,25647,杜二,30647,灌篮高手,35647,种花,40647,袁成杰,45647,铺苑
648,丁鹏,5648,共性,10648,嘀咕,15648,小旭,20648,执著,25648,杜伟,30648,灌肠,35648,种草,40648,袁晓澜,45648,铺菁制
649,七一,5649,共振,10649,嘀嗒,15649,小时,20649,执行,25649,杜兴,30649,灌蛋,35649,种菜,40649,袁楚,45649,铺路
650,七七,5650,共有,10650,嘀嘀,15650,小时候,20650,执行力,25650,杜军,30650,灌装,35650,种豆,40650,袁歆,45650,铺队
651,七上八下,5651,共用,10651,嘈杂,15651,小时工,20651,执行官,25651,杜利勇,30651,灌输,35651,种颜色,40651,袁泉,45651,铺陈
652,七个,5652,共舞,10652,嘉上,15652,小昆,20652,执飞,25652,杜华辉,30652,灌醉,35652,种麦子,40652,袁涛,45652,链吨
653,七仙女,5653,共计,10653,嘉不喜,15653,小昊子,20653,扩展,25653,杜奔,30653,灌饼,35653,科伦坡,40653,袁祖文,45653,链子
654,七八,5654,共识,10654,嘉义,15654,小明,20654,扩张,25654,杜女,30654,火上浇油,35654,科大,40654,袁莉,45654,链接
655,七八个,5655,共赏,10655,嘉乐会,15655,小昕,20655,扩散,25655,杜娟,30655,火候,35655,科学,40655,袁裕来,45655,铿铿
656,七八年,5656,共赢,10656,嘉人,15656,小昕昕,20656,扫一扫,25656,杜子,30656,火光,35656,科学依据,40656,袁超,45656,铿锵
657,七分,5657,共进,10657,嘉佳,15657,小星,20657,扫出,25657,杜子建,30657,火冒三丈,35657,科学家,40657,袁野,45657,铿锵有力
658,七剑,5658,共青团,10658,嘉儿,15658,小星星,20658,扫地,25658,杜宏新,30658,火凤凰,35658,科学技术,40658,袅娜,45658,销号
659,七十,5659,共鸣,10659,嘉兴,15659,小春,20659,扫墓,25659,杜家,30659,火力,35659,科学杂志,40659,袅袅,45659,销售
660,七千,5660,关上,10660,嘉品,15660,小是,20660,扫射,25660,杜小,30660,火势,35660,科学院,40660,袋子,45660,销售员
661,七叶,5661,关东,10661,嘉善,15661,小晓萌,20661,扫帚,25661,杜小虎,30661,火化,35661,科室,40661,袋装,45661,销售部
662,七号,5662,关东煮,10662,嘉定,15662,小晔,20662,扫把,25662,杜局,30662,火华哥,35662,科尔沁,40662,袋鼠,45662,销售额
663,七周年,5663,关中,10663,嘉宾,15663,小晨,20663,扫描,25663,杜康,30663,火大,35663,科幻,40663,袖子,45663,销毁
664,七哥,5664,关乎,10664,嘉年华,15664,小普,20664,扫盲,25664,杜撰,30664,火大怒,35664,科幻世界,40664,袖珍,45664,销量
665,七喜,5665,关了,10665,嘉桦,15665,小景,20665,扫荡,25665,杜晓,30665,火太,35665,科幻小说,40665,袜子,45665,销魂
666,七块,5666,关了灯,10666,嘉汇,15666,小智,20666,扫街,25666,杜杜,30666,火娃,35666,科幻片,40666,被关,45666,锁上
667,七夕,5667,关云长,10667,嘉玲,15667,小曦,20667,扫货,25667,杜桥,30667,火宴,35667,科技,40667,被划,45667,锁住
668,七夕节,5668,关健,10668,嘉睿,15668,小曲,20668,扫除,25668,杜楠,30668,火山,35668,科技馆,40668,被删,45668,锁好
669,七夜,5669,关关,10669,嘉禾,15669,小曲儿,20669,扫雪,25669,杜比,30669,火山岩,35669,科教,40669,被判,45669,锁定
670,七大,5670,关切,10670,嘉美猫,15670,小曼,20670,扫黄,25670,杜汶泽,30670,火山爆发,35670,科斯,40670,被动,45670,锁骨
671,七大姑八大姨,5671,关在,10671,嘉里,15671,小月,20671,扬子,25671,杜淳,30671,火影,35671,科普,40671,被劫持,45671,锃亮
672,七天,5672,关太家,10672,嘉陵江,15672,小朋友,20672,扬子晚报,25672,杜猛,30672,火怒,35672,科比,40672,被叫,45672,锄头
673,七妙,5673,关小悦,10673,嘉鱼,15673,小朋雨,20673,扬州,25673,杜琳,30673,火情,35673,科目,40673,被告,45673,锅上
674,七宝,5674,关山,10674,嘎兰,15674,小朗,20674,扬帆,25674,杜甫,30674,火把,35674,科研,40674,被困,45674,锅中
675,七尺,5675,关岛,10675,嘎啦,15675,小木,20675,扬扬,25675,杜磊,30675,火拼,35675,科级,40675,被套,45675,锅仔
676,七层,5676,关庆伟,10676,嘎子,15676,小木屋,20676,扬是,25676,杜绝,30676,火旺,35676,科莫,40676,被子,45676,锅们
677,七年,5677,关店,10677,嘘嘘,15677,小末,20677,扬波,25677,杜胖,30677,火星,35677,科长,40677,被害,45677,锅儿
678,七彩,5678,关心,10678,嘟嘟,15678,小本儿,20678,扬琴,25678,杜芝富,30678,火星人,35678,科隆,40678,被害人,45678,锅包肉
679,七成,5679,关怀,10679,嘟噜,15679,小朴,20679,扬眉,25679,杜莎,30679,火星车,35679,秒杀,40679,被忽视,45679,锅子
680,七折,5680,关思宇,10680,嘟囔,15680,小朵,20680,扬眉吐气,25680,杜蔚,30680,火柴,35680,秒针,40680,被扣,45680,锅巴
681,七日,5681,关押,10681,嘱咐,15681,小权,20681,扬言,25681,杜蕾斯,30681,火气,35681,秒钟,40681,被捕,45681,锅底
682,七星,5682,关掉,10682,嘲笑,15682,小李,20682,扬起,25682,杜辉,30682,火泪,35682,秘书,40682,被淹,45682,锅汤
683,七月,5683,关机,10683,嘴上,15683,小李飞刀,20683,扬长而去,25683,杜阿呆,30683,火火,35683,秘书处,40683,被盗,45683,锅泪
684,七楼,5684,关注,10684,嘴儿,15684,小杯,20684,扭伤,25684,杜雪,30684,火火火,35684,秘书长,40684,被称作,45684,锅炉
685,七次,5685,关灯,10685,嘴唇,15685,小杰,20685,扭到,25685,杜青,30685,火灾,35685,秘制,40685,被窝,45685,锅盔
686,七洲,5686,关照,10686,嘴嘴,15686,小林,20686,扭头,25686,杜飞,30686,火炉,35686,秘境,40686,被罩,45686,锅盖
687,七点,5687,关爱,10687,嘴巴,15687,小林子,20687,扭扭,25687,杜鹃,30687,火炎,35687,秘密,40687,被誉为,45687,锅贴
688,七熙,5688,关玲,10688,嘴皮子,15688,小枣,20688,扭曲,25688,杜鹃花,30688,火炬,35688,秘密武器,40688,被迫,45688,锅边
689,七爷,5689,关窗,10689,嘴硬,15689,小柒,20689,扭秧歌,25689,杜鹏,30689,火炮,35689,秘方,40689,被遗弃,45689,锅里
690,七种,5690,关系,10690,嘴脸,15690,小柔,20690,扭腰,25690,杜鹏硕,30690,火烈鸟,35690,秘晓荔,40690,袭人,45690,锅锅
691,七色,5691,关羽,10691,嘴角,15691,小柳,20691,扮成,25691,束河,30691,火烧,35691,秘笈,40691,袭击,45691,锋利
692,七道,5692,关联,10692,嘴记,15692,小柳菁,20692,扮演,25692,束焕,30692,火烧云,35692,秘籍,40692,袭来,45692,锐子
693,七队,5693,关节,10693,嘴边,15693,小柳菁儿,20693,扮演者,25693,杠杠,30693,火热,35693,秘诀,40693,袭警,45693,锐客
694,七零八落,5694,关进,10694,嘴里,15694,小栈,20694,扮相,25694,杠铃,30694,火焰,35694,秘语,40694,裁判,45694,锐意
695,万万,5695,关键,10695,嘴馋,15695,小树,20695,扮萌,25695,条件,30695,火焰山,35695,租个,40695,裁缝,45695,错乱
696,万万不可,5696,关键字,10696,嘶吼,15696,小树林,20696,扯扯,25696,条例,30696,火爆,35696,租借,40696,裂开,45696,错位
697,万万岁,5697,关键时刻,10697,嘻哈,15697,小样,20697,扯淡,25697,条儿,30697,火牛,35697,租出去,40697,裂缝,45697,错别字
698,万丈,5698,关键词,10698,嘻嘻,15698,小样儿,20698,扯皮,25698,条命,30698,火狐,35698,租户,40698,装上,45698,错失
699,万不得已,5699,关门,10699,嘻嘻哈哈,15699,小格子,20699,扯蛋,25699,条子,30699,火狐狸,35699,租房,40699,装不下,45699,错字
700,万个,5700,关闭,10700,嘿咻,15700,小桃,20700,扰乱,25700,条幅,30700,火王,35700,租房子,40700,装个,45700,错峰
701,万丽,5701,兴义,10701,嘿哈吼,15701,小桥,20701,扰民,25701,条形码,30701,火电,35701,租期,40701,装作,45701,错开
702,万事,5702,兴冲冲,10702,嘿嘿嘿,15702,小桥流水,20702,扶墙,25702,条微博,30702,火石,35702,租用,40702,装修,45702,错怪
703,万事俱备,5703,兴国,10703,噗嗤,15703,小桶,20703,扶持,25703,条条,30703,火种,35703,租界,40703,装傻,45703,错泪
704,万事如意,5704,兴奋,10704,器具,15704,小梁,20704,扶梯,25704,条款,30704,火箭,35704,租给,40704,装入,45704,错综复杂
705,万亩,5705,兴奋不已,10705,器官,15705,小梅,20705,批准,25705,条汤,30705,火红,35705,租赁,40705,装包,45705,错行
706,万人,5706,兴奋剂,10706,器材,15706,小梦,20706,批判,25706,条狗,30706,火线,35706,租车,40706,装呆,45706,错觉
707,万人次,5707,兴文,10707,器械,15707,小楠,20707,批发,25707,条石,30707,火罐,35707,租金,40707,装备,45707,错话
708,万人迷,5708,兴旺,10708,器皿,15708,小楼,20708,批发市场,25708,条码,30708,火腿,35708,秤子,40708,装嫩,45708,错误
709,万亿,5709,兴致,10709,噩梦,15709,小樱,20709,批斗,25709,条约,30709,火腿肠,35709,秤砣,40709,装孙子,45709,错路
710,万件,5710,兴许,10710,噩耗,15710,小欣,20710,批示,25710,条纹,30710,火花,35710,秦代,40710,装完,45710,错车
711,万众,5711,兴起,10711,噪点,15711,小歇,20711,批萨,25711,条线,30711,火苗,35711,秦假,40711,装扮,45711,错过
712,万俟,5712,兴趣,10712,噪音,15712,小正,20712,批评,25712,条虫,30712,火药,35712,秦哲星,40712,装有,45712,错过机会
713,万元,5713,兴趣小组,10713,噱头,15713,小步,20713,批评家,25713,条街,30713,火葬场,35713,秦天,40713,装满,45713,错错
714,万公里,5714,兴隆,10714,噶玛巴千诺,15714,小武,20714,批量,25714,条路,30714,火警,35714,秦妍,40714,装潢,45714,锡伯族
715,万军,5715,兵人,10715,噼里啪啦,15715,小毒,20715,批量生产,25715,条鱼,30715,火车,35715,秦小蜓,40715,装点,45715,锡恩
716,万分,5716,兵发,10716,嚎叫,15716,小毛,20716,扼杀,25716,来世,30716,火车票,35716,秦岚,40716,装甲,45716,锡纸
717,万千,5717,兵器,10717,嚎啕大哭,15717,小毛驴,20717,找不出,25717,来个,30717,火车站,35717,秦岭,40717,装盘,45717,锣鼓
718,万古,5718,兵团,10718,嚣张,15718,小民,20718,找不着,25718,来串,30718,火辣,35718,秦州,40718,装着,45718,锤子
719,万国,5719,兵曹,10719,嚷嚷,15719,小气,20719,找不着北,25719,来临,30719,火辣辣,35719,秦庆瑞,40719,装置,45719,锥子
720,万圣,5720,兵锋,10720,囊中,15720,小气鬼,20720,找个,25720,来之不易,30720,火速,35720,秦时,40720,装蒜,45720,锦上添花
721,万圣节,5721,兵马俑,10721,囊括,15721,小水,20721,找乐,25721,来京,30721,火锅,35721,秦昊,40721,装订,45721,锦儿
722,万块,5722,其乐,10722,囚徒,15722,小江江,20722,找事,25722,来份,30722,火锅店,35722,秦晨,40722,装进,45722,锦囊
723,万多,5723,其乐无穷,10723,四下,15723,小池,20723,找些,25723,来会,30723,火鸟,35723,秦桑,40723,装逼,45723,锦堂
724,万好,5724,其乐融融,10724,四世,15724,小汤,20724,找人,25724,来信,30724,火鸡,35724,秦汉,40724,装配,45724,锦尚阁
725,万子,5725,其他人,10725,四个,15725,小汽车,20725,找出,25725,来修,30725,火鹤,35725,秦洲,40725,装酷,45725,锦州
726,万字,5726,其他同学,10726,四九,15726,小沈洋,20726,找到,25726,来到,30726,火龙,35726,秦洲同,40726,装饰,45726,锦庭
727,万宁,5727,其弟,10727,四五,15727,小沙弥,20727,找到啦,25727,来劲,30727,火龙果,35727,秦海璐,40727,装饰品,45727,锦旗
728,万家,5728,其心,10728,四五个,15728,小沛沛,20728,找回,25728,来劲儿,30728,灭亡,35728,秦涛,40728,裙子,45728,锦时
729,万山,5729,其时,10729,四人,15729,小沫,20729,找家,25729,来华,30729,灭口,35729,秦淮,40729,裙摆,45729,锦标
730,万岁,5730,其父,10730,四人帮,15730,小河,20730,找对象,25730,来历,30730,灭掉,35730,秦淮河,40730,裤兜,45730,锦标赛
731,万峰,5731,其苦,10731,四件,15731,小泉,20731,找寻,25731,来去匆匆,30731,灭火,35731,秦皇岛,40731,裤头,45731,锦江
732,万州,5732,其道,10732,四件套,15732,小法,20732,找找看,25732,来取,30732,灭火器,35732,秦皇岛市,40732,裤子,45732,锦溪
733,万年,5733,其间,10733,四位,15733,小泡,20733,找来,25733,来台,30733,灭绝,35733,秦腔,40733,裤腰带,45733,锦玉
734,万幸,5734,具体位置,10734,四元,15734,小泪,20734,找死,25734,来回,30734,灭绝人性,35734,秦蕾,40734,裤衩,45734,锦瑟
735,万庆,5735,具体做法,10735,四公里,15735,小泰迪,20735,找点,25735,来园,30735,灯会,35735,秦诗隅,40735,裤裆,45735,锦生
736,万张,5736,具体地址,10736,四六级,15736,小洁,20736,找茬,25736,来场,30736,灯光,35736,秦超,40736,裱花,45736,锦绣
737,万怡,5737,具体情况,10737,四分之一,15737,小洋,20737,找遍,25737,来头,30737,灯光师,35737,秦邦,40737,裴小墨,45737,锦衣
738,万恶,5738,具备,10738,四十,15738,小洲,20738,找钱,25738,来学,30738,灯光设计,35738,秦风,40738,裴永日,45738,锦衣卫
739,万文志,5739,具晕,10739,四十分钟,15739,小派,20739,找零,25739,来客,30739,灯塔,35739,秦鹏,40739,裴虹,45739,锦鲤
740,万有,5740,具泪,10740,四十四,15740,小流氓,20740,承办,25740,来家,30740,灯市口,35740,秧子,40740,裸体,45740,锦龙
741,万柳,5741,典型,10741,四十岁,15741,小浪,20741,承包,25741,来宾,30741,灯影,35741,秧白,40741,裸奔,45741,键盘
742,万步,5742,典故,10742,四十年,15742,小海,20742,承受,25742,来店,30742,灯柱,35742,秩序,40742,裸戏,45742,锵锵
743,万民,5743,典礼,10743,四十度,15743,小海豚,20743,承受不住,25743,来张,30743,灯楼,35743,积分,40743,裸泳,45743,锻炼
744,万水千山,5744,典范,10744,四口,15744,小海龟,20744,承启楼,25744,来往,30744,灯泡,35744,积分换,40744,裸游,45744,锻炼身体
745,万爱,5745,典藏,10745,四只,15745,小涛,20745,承平,25745,来得,30745,灯湖,35745,积压,40745,裸照,45745,锻造
746,万物,5746,典雅,10746,四叶草,15746,小润,20746,承德,25746,来怒,30746,灯火,35746,积德,40746,裸男,45746,镀金
747,万科,5747,养不起,10747,四号,15747,小涵,20747,承担,25747,来换,30747,灯火辉煌,35747,积怨,40747,裸色,45747,镇上
748,万算,5748,养个,10748,四号线,15748,小淘气,20748,承担责任,25748,来接,30748,灯火阑珊,35748,积木,40748,裸露,45748,镇压
749,万米,5749,养乐多,10749,四合院,15749,小混混,20749,承接,25749,来日方长,30749,灯爷,35749,积极参与,40749,褒奖,45749,镇宅
750,万网,5750,养人,10750,四周,15750,小添,20750,承文妈,25750,来时,30750,灯盏,35750,积极向上,40750,褪色,45750,镇定
751,万美元,5751,养只,10751,四哥,15751,小淼,20751,承蒙,25751,来显,30751,灯笼,35751,积极响应,40751,褶子,45751,镇店
752,万美金,5752,养大,10752,四喜,15752,小清,20752,承认,25752,来晚,30752,灯饰,35752,积水,40752,襄樊,45752,镇江
753,万能,5753,养好,10753,四四,15753,小游,20753,承认错误,25753,来来,30753,灰土,35753,积水潭,40753,襄阳,45753,镇江人
754,万花筒,5754,养家,10754,四块,15754,小游戏,20754,承诺,25754,来来回回,30754,灰太狼,35754,积淀,40754,西三旗,45754,镇远
755,万英镑,5755,养家糊口,10755,四声,15755,小溪,20755,承载,25755,来来往往,30755,灰头土脸,35755,积点,40755,西三环,45755,镇长
756,万荣,5756,养心,10756,四处,15756,小满,20756,技巧,25756,来来来,30756,灰姑娘,35756,积累,40756,西丰,45756,镖局
757,万蒂妮,5757,养成,10757,四大,15757,小漂,20757,技师,25757,来杯,30757,灰射,35757,积蓄,40757,西丹桢,45757,镜享
758,万象,5758,养护,10758,四天,15758,小演员,20758,技术,25758,来查,30758,灰尘,35758,积重难返,40758,西二旗,45758,镜头
759,万豪,5759,养条狗,10759,四姑娘山,15759,小潘,20759,技术含量,25759,来此,30759,灰常,35759,积雪,40759,西二环,45759,镜头感
760,万辆,5760,养死,10760,四字,15760,小潘潘,20760,技术手段,25760,来气,30760,灰常好,35760,称为,40760,西亚,45760,镜子
761,万达,5761,养殖,10761,四季,15761,小火,20761,技术支持,25761,来水,30761,灰常想,35761,称之为,40761,西伯利亚,45761,镜框
762,万通,5762,养活,10762,四季豆,15762,小火柴,20762,技术活,25762,来泪,30762,灰常灰常,35762,称作,40762,西侧,45762,镜片
763,万里,5763,养牛,10763,四害,15763,小火锅,20763,技校,25763,来测,30763,灰心,35763,称号,40763,西便门,45763,镜界
764,万里无云,5764,养狗,10764,四家,15764,小灵仙,20764,技能,25764,来源,30764,灰暗,35764,称呼,40764,西兰花,45764,镜花
765,万里行,5765,养猪,10765,四射,15765,小灵通,20765,技艺,25765,来源于,30765,灰机,35765,称得上,40765,西关,45765,镜面
766,万里长征,5766,养猫,10766,四层,15766,小炉匠,20766,抄家,25766,来滴,30766,灰灰,35766,称职,40766,西冷,45766,镣铐
767,万马奔腾,5767,养生,10767,四岁,15767,小炒,20767,抄底,25767,来点,30767,灰熊,35767,称谓,40767,西凤酒,45767,镯子
768,丈夫,5768,养生之道,10768,四岛,15768,小炜,20768,抄手,25768,来瑶里,30768,灰狼,35768,称赞,40768,西化,45768,镰刀
769,丈母娘,5769,养生堂,10769,四川,15769,小炳刚,20769,抄袭,25769,来电,30769,灰白,35769,称重,40769,西北,45769,镶嵌
770,丈量,5770,养病,10770,四川人,15770,小点,20770,抄送,25770,来碗,30770,灰神,35770,称霸,40770,西北角,45770,长三角
771,三丁,5771,养眼,10771,四川火锅,15771,小点儿,20771,抉择,25771,来福,30771,灰色,35771,移动硬盘,40771,西北风,45771,长不大
772,三万,5772,养着,10772,四川省,15772,小点心,20772,把关,25772,来福士,30772,灰蒙蒙,35772,移情别恋,40772,西区,45772,长个
773,三下,5773,养老,10773,四川省旅游局,15773,小烧,20773,把头,25773,来福旺,30773,灰锅,35773,移植,40773,西医,45773,长久
774,三世,5774,养老金,10774,四川话,15774,小熊,20774,把姐,25774,来福旺财,30774,灰霾,35774,移步,40774,西华,45774,长乐
775,三两,5775,养老院,10775,四年,15775,小熊猫,20775,把子,25775,来者,30775,灰飞烟灭,35775,移民,40775,西单,45775,长乐市
776,三个,5776,养肥,10776,四年级,15776,小燕儿,20776,把守,25776,来袭,30776,灵丹妙药,35776,移送,40776,西南,45776,长乐路
777,三个代表,5777,养育,10777,四座,15777,小燕子,20777,把手,25777,来要,30777,灵儿,35777,稀土,40777,西南地区,45777,长些
778,三中,5778,养胃,10778,四张,15778,小爪,20778,把持,25778,来访,30778,灵光,35778,稀奇,40778,西南风,45778,长假
779,三九,5779,养花,10779,四惠,15779,小爱,20779,把握,25779,来试,30779,灵动,35779,稀奇古怪,40779,西去,45779,长兄
780,三五,5780,养足,10780,四斤,15780,小爷,20780,把玩,25780,来趟,30780,灵基,35780,稀少,40780,西双版纳,45780,长出
781,三五天,5781,养身,10781,四方,15781,小片,20781,把盏,25781,来路,30781,灵宝,35781,稀有,40781,西口,45781,长到
782,三井,5782,养过,10782,四日,15782,小牙,20782,把酒,25782,来过,30782,灵山,35782,稀碎,40782,西四,45782,长发
783,三亚,5783,养颜,10783,四时,15783,小牛,20783,把酒言欢,25783,来酷,30783,灵岁,35783,稀缺,40783,西四环,45783,长叹
784,三亚市,5784,养鱼,10784,四星,15784,小牛肉,20784,把门,25784,来长,30784,灵异,35784,稀罕,40784,西城,45784,长命
785,三亚旅游,5785,养鸡,10785,四星级,15785,小狐,20785,抑制,25785,来顿,30785,灵性,35785,稀里哗啦,40785,西城区,45785,长命百岁
786,三亚湾,5786,兼修,10786,四晚,15786,小狗,20786,抑郁,25786,来领,30786,灵感,35786,稀里糊涂,40786,西域,45786,长城
787,三人,5787,兼备,10787,四月,15787,小狗狗,20787,抑郁症,25787,杨一,30787,灵敏,35787,稀饭,40787,西塘,45787,长夜
788,三人行,5788,兼容,10788,四月份,15788,小狮,20788,抒情,25788,杨东平,30788,灵机一动,35788,程中,40788,西夏,45788,长大
789,三人间,5789,兼得,10789,四本,15789,小狮子,20789,抓不住,25789,杨丞琳,30789,灵气,35789,程乔漉,40789,西天,45789,长天
790,三代,5790,兼职,10790,四条,15790,小狸,20790,抓人,25790,杨丽萍,30790,灵活,35790,程坤,40790,西头,45790,长子
791,三代人,5791,兼顾,10791,四样,15791,小狼,20791,抓住,25791,杨乐,30791,灵犀,35791,程序,40791,西子,45791,长存
792,三件,5792,兽医,10792,四楼,15792,小猪,20792,抓住机会,25792,杨乐乐,30792,灵药,35792,程序员,40792,西子湖畔,45792,长宁
793,三份,5793,兽易,10793,四次,15793,小猪猪,20793,抓到,25793,杨亚,30793,灵通,35793,程度,40793,西宁,45793,长宁区
794,三伏,5794,内个,10794,四正,15794,小猫,20794,抓拍,25794,杨亚天,30794,灵额,35794,程浩,40794,西安,45794,长安
795,三伏天,5795,内乱,10795,四步,15795,小猫儿,20795,抓捕,25795,杨代胜,30795,灵验,35795,程程,40795,西安市,45795,长安城
796,三位,5796,内人,10796,四毛,15796,小猫咪,20796,抓狂,25796,杨伟,30796,灵魂,35796,程诗然,40796,西宋健,45796,长安街
797,三体,5797,内伤,10797,四海,15797,小猴,20797,抓紧,25797,杨伟庆,30797,灵魂深处,35797,程钰,40797,西客站,45797,长寿
798,三俗,5798,内位,10798,四海为家,15798,小猴子,20798,抓紧时间,25798,杨伯,30798,灶具,35798,稍作,40798,西屋,45798,长寿面
799,三儿,5799,内侧,10799,四溢,15799,小玉,20799,抓耳挠腮,25799,杨佩昌,30799,灶台,35799,稍后,40799,西山,45799,长峰
800,三元,5800,内内,10800,四点,15800,小王,20800,抓获,25800,杨佳,30800,灶王爷,35800,稍安,40800,西岭雪,45800,长崎
801,三全,5801,内分泌,10801,四爷,15801,小王子,20801,抓走,25801,杨依志,30801,灼伤,35801,稍微,40801,西岳,45801,长工
802,三八,5802,内切圆,10802,四环,15802,小玩子,20802,抓起,25802,杨健,30802,灼灼,35802,稍稍,40802,西岸,45802,长帝
803,三八妇女节,5803,内功,10803,四瓣,15803,小玩意,20803,抓饭,25803,杨兄,30803,灾区,35803,税制,40803,西式,45803,长度
804,三八节,5804,内参,10804,四百,15804,小玩意儿,20804,投一票,25804,杨先生,30804,灾害,35804,税务,40804,西方,45804,长廊
805,三公,5805,内含,10805,四眼,15805,小玮,20805,投上,25805,杨光,30805,灾情,35805,税后,40805,西方人,45805,长征
806,三六九等,5806,内在,10806,四种,15806,小玲,20806,投个,25806,杨全,30806,灾民,35806,税收,40806,西施,45806,长得
807,三军,5807,内地,10807,四级,15807,小珊,20807,投中,25807,杨全强,30807,灾祸,35807,税种,40807,西昌,45807,长得帅
808,三刀,5808,内外,10808,四维,15808,小珠,20808,投入,25808,杨军,30808,灾难,35808,税融,40808,西服,45808,长微博
809,三分,5809,内天,10809,四肢,15809,小班,20809,投奔,25809,杨凯,30809,灾难片,35809,稚嫩,40809,西林,45809,长恨歌
810,三分之一,5810,内奸,10810,四肢无力,15810,小球,20810,投币,25810,杨凯兰会,30810,灿灿,35810,稚气,40810,西柚,45810,长成
811,三分之二,5811,内存,10811,四菜,15811,小球童,20811,投影,25811,杨利爱,30811,灿烂,35811,稳住,40811,西栅,45811,长旭
812,三分钟,5812,内定,10812,四起,15812,小琪,20812,投放,25812,杨勇,30812,炉子,35812,稳健,40812,西栅台,45812,长时间
813,三剑客,5813,内容,10813,四轮,15813,小琳,20813,投机,25813,杨华,30813,炉火,35813,稳妥,40813,西樵,45813,长春
814,三包,5814,内幕,10814,四面,15814,小琳子,20814,投毒,25814,杨华民,30814,炉火纯青,35814,稳定,40814,西江,45814,长春市
815,三十,5815,内心,10815,四颗,15815,小琼,20815,投球,25815,杨博,30815,炊烟,35815,稳居,40815,西江月,45815,长期
816,三十三,5816,内心深处,10816,回不去,15816,小瑶,20816,投票,25816,杨同学,30816,炎亚纶,35816,稳当,40816,西沙,45816,长条
817,三十二,5817,内战,10817,回不来,15817,小璐,20817,投稿,25817,杨吟吟,30817,炎炎,35817,稳稳,40817,西沙群岛,45817,长枪
818,三十元,5818,内敛,10818,回个,15818,小璐璐,20818,投篮,25818,杨哥,30818,炎炎夏日,35818,稳赢,40818,西洋,45818,长楹
819,三十六,5819,内有,10819,回乡,15819,小瓜,20819,投给,25819,杨嘉松,30819,炎热,35819,稳重,40819,西海,45819,长款
820,三十多年,5820,内江,10820,回事,15820,小瓶,20820,投胎,25820,杨坤,30820,炎症,35820,稻城,40820,西海岸,45820,长毛
821,三十天,5821,内流,10821,回事儿,15821,小甜,20821,投行,25821,杨天,30821,炒个,35821,稻田,40821,西游,45821,长水
822,三十岁,5822,内测,10822,回京,15822,小甜甜,20822,投诉,25822,杨威,30822,炒作,35822,稻稻,40822,西游记,45822,长江
823,三十年,5823,内涵,10823,回到,15823,小生,20823,投诉无门,25823,杨婕娜,30823,炒年糕,35823,稻草,40823,西湖,45823,长江后浪推前浪
824,三十而立,5824,内牛,10824,回升,15824,小生意,20824,投资,25824,杨子,30824,炒栗子,35824,稻草人,40824,西溪,45824,长江日报
825,三千,5825,内环,10825,回去,15825,小用,20825,投资人,25825,杨孝文,30825,炒海,35825,稻香,40825,西点,45825,长沙
826,三千多,5826,内疚,10826,回合,15826,小田,20826,投资界,25826,杨学彬,30826,炒熟,35826,稻香村,40826,西班牙,45826,长海
827,三友,5827,内目,10827,回味,15827,小男孩,20827,投资者,25827,杨宇,30827,炒粉,35827,稿件,40827,西班牙语,45827,长满
828,三双,5828,内置,10828,回味无穷,15828,小男生,20828,投递,25828,杨安,30828,炒肉,35828,稿子,40828,西瓜,45828,长滩
829,三叔,5829,内胆,10829,回响,15829,小病,20829,投降,25829,杨宗伟,30829,炒肝,35829,稿费,40829,西瓜皮,45829,长点
830,三叠,5830,内脏,10830,回国,15830,小白,20830,抖动,25830,杨宗灵,30830,炒股,35830,稿酬,40830,西瓜籽,45830,长焦
831,三口,5831,内蒙,10831,回城,15831,小白兔,20831,抖抖,25831,杨宗纬,30831,炒菜,35831,穆斯林,40831,西皮,45831,长牙
832,三句话,5832,内蒙古,10832,回声,15832,小白泪,20832,抗争,25832,杨宝昆,30832,炒蛋,35832,穆晓夏,40832,西直门,45832,长物
833,三只,5833,内行,10833,回复人,15833,小白爱,20833,抗住,25833,杨家,30833,炒蟹,35833,穆杉伯,40833,西祠,45833,长生不老
834,三台,5834,内衣,10834,回天,15834,小白羊,20834,抗体,25834,杨小,30834,炒货,35834,穆熙妍,40834,西窗,45834,长生殿
835,三叶草,5835,内衬,10835,回头,15835,小白脸,20835,抗击,25835,杨小二,30835,炒青菜,35835,穆特,40835,西站,45835,长痘
836,三号,5836,内裤,10836,回头率,15836,小白菜,20836,抗战,25836,杨小兜,30836,炒面,35836,究极,40836,西米,45836,长痘痘
837,三名,5837,内部,10837,回娘家,15837,小白酱,20837,抗拒,25837,杨小兰,30837,炒饭,35837,穷人,40837,西米亚,45837,长白山
838,三周,5838,内陆,10838,回家,15838,小白鼠,20838,抗日,25838,杨小卓,30838,炒鸡蛋,35838,穷人的孩子早当家,40838,西米露,45838,长盛
839,三周年,5839,内需,10839,回家吧,15839,小白龙,20839,抗日战争,25839,杨小姐,30839,炖上,35839,穷死,40839,西红柿,45839,长相
840,三哥,5840,内页,10840,回家路上,15840,小皮,20840,抗洪抢险,25840,杨小洲,30840,炖化,35840,穷泪,40840,西罗,45840,长着
841,三哥席景,5841,冉冉,10841,回家途中,15841,小盆,20841,抗生素,25841,杨小混,30841,炖排骨,35841,穷游,40841,西芹,45841,长短
842,三四,5842,冉冉升起,10842,回屋,15842,小盆友,20842,抗癌,25842,杨小肉,30842,炖汤,35842,穷游网,40842,西药,45842,长空
843,三四个,5843,再三,10843,回帖,15843,小盆友们,20843,抗议,25843,杨小蕊,30843,炖牛肉,35843,穷苦,40843,西葫芦,45843,长篇
844,三回,5844,再不去,10844,回应,15844,小盒,20844,折上,25844,杨小贱,30844,炖肉,35844,空中,40844,西蒙周,45844,长缨
845,三国,5845,再不来,10845,回府,15845,小盒子,20845,折叠,25845,杨峰,30845,炖菜,35845,空中客车,40845,西藏,45845,长老
846,三地,5846,再世,10846,回弟,15846,小眉,20846,折合,25846,杨帅,30846,炖鱼,35846,空中飞人,40846,西行,45846,长肉
847,三场,5847,再也,10847,回归,15847,小看,20847,折后,25847,杨帆,30847,炖鸡,35847,空乘,40847,西街,45847,长肥
848,三块,5848,再也不会,10848,回忆,15848,小眼,20848,折射,25848,杨师傅,30848,炖鸡汤,35848,空亡线,40848,西装,45848,长胖
849,三声,5849,再也不能,10849,回忆录,15849,小睡,20849,折扇,25849,杨幂,30849,炙子,35849,空位,40849,西装革履,45849,长脸
850,三大,5850,再享,10850,回忆起,15850,小睿,20850,折扣,25850,杨庆,30850,炙手可热,35850,空儿,40850,西裤,45850,长腿
851,三天,5851,再会,10851,回想,15851,小瞧,20851,折服,25851,杨庆山,30851,炙热,35851,空军,40851,西西,45851,长臂猿
852,三天三夜,5852,再出,10852,回扣,15852,小矛,20852,折磨,25852,杨庚,30852,炫丽,35852,空前,40852,西西米,45852,长草
853,三太子,5853,再创,10853,回报,15853,小矮人,20853,折翼,25853,杨彦锋,30853,炫动,35853,空号,40853,西西里,45853,长虹
854,三夫,5854,再加,10854,回收,15854,小石,20854,折腾,25854,杨志刚,30854,炫富,35854,空地,40854,西西里岛,45854,长街
855,三头,5855,再发,10855,回收站,15855,小石头,20855,折花哥,25855,杨志波,30855,炫彩,35855,空城,40855,西语,45855,长衫
856,三头六臂,5856,再婚,10856,回放,15856,小石桥,20856,折返,25856,杨忠明,30856,炫影,35856,空域,40856,西贝,45856,长袖
857,三套,5857,再带,10857,回敬,15857,小破,20857,抚养,25857,杨忠海,30857,炫技,35857,空姐,40857,西贡,45857,长裙
858,三姐,5858,再度,10858,回旋,15858,小确,20858,抚州,25858,杨恭如,30858,炫目,35858,空客,40858,西路,45858,长裤
859,三婆,5859,再开,10859,回族,15859,小碎,20859,抚慰,25859,杨惠,30859,炫耀,35859,空少,40859,西边,45859,长见识
860,三字经,5860,再往,10860,回暖,15860,小碗,20860,抚摸,25860,杨惠宇,30860,炫腹,35860,空心,40860,西递,45860,长见识了
861,三宝,5861,再战,10861,回有,15861,小碟,20861,抚顺市,25861,杨扬,30861,炫酷,35861,空心菜,40861,西郊,45861,长调
862,三家,5862,再换,10862,回望,15862,小磨,20862,抛媚眼,25862,杨振宁,30862,炭火,35862,空房,40862,西部,45862,长跑
863,三少,5863,再接再励,10863,回本,15863,小票,20863,抛开,25863,杨文轩,30863,炭烤,35863,空投,40863,西里,45863,长辈
864,三尺,5864,再接再厉,10864,回来,15864,小福,20864,抛弃,25864,杨斌,30864,炮仗,35864,空旷,40864,西门,45864,长达
865,三层,5865,再搬,10865,回母校,15865,小种,20865,抛锚,25865,杨新宇,30865,炮儿,35865,空有,40865,西门子,45865,长进
866,三山,5866,再放,10866,回民,15866,小秘,20866,抠门,25866,杨新宇哥,30866,炮制,35866,空格,40866,西门庆,45866,长远
867,三岁,5867,再晚,10867,回泪,15867,小秘书,20867,抢个,25867,杨早,30867,炮台,35867,空档,40867,西门町,45867,长途
868,三峡,5868,再来,10868,回流,15868,小穗,20868,抢修,25868,杨旭,30868,炮响,35868,空气,40868,西雅图,45868,长途旅行
869,三年,5869,再来一个,10869,回炉,15869,小窍门,20869,抢先,25869,杨旺,30869,炮声,35869,空气污染,40869,西面,45869,长途汽车站
870,三年级,5870,再来点,10870,回眸,15870,小窝,20870,抢先一步,25870,杨明,30870,炮弹,35870,空气清新,40870,西风,45870,长途跋涉
871,三度,5871,再添,10871,回眸一笑,15871,小窝美,20871,抢光,25871,杨明娜,30871,炮灰,35871,空气质量,40871,西餐,45871,长长
872,三弟,5872,再游,10872,回程,15872,小站,20872,抢到,25872,杨晓丹,30872,炯炯,35872,空洞,40872,西餐厅,45872,长长的
873,三张,5873,再演,10873,回笼,15873,小童,20873,抢劫,25873,杨晓升,30873,炸天,35873,空港,40873,西黄泪,45873,长队
874,三思,5874,再点,10874,回笼觉,15874,小竹,20874,抢劫犯,25874,杨晓明,30874,炸开,35874,空游,40874,要不得,45874,长青
875,三思而后行,5875,再版,10875,回答,15875,小笑,20875,抢占,25875,杨晓春,30875,炸弹,35875,空灵,40875,要个,45875,长靴
876,三摩地,5876,再犯,10876,回粉,15876,小笨蛋,20876,抢吃,25876,杨晓燕,30876,炸掉,35876,空瓶,40876,要义,45876,长项
877,三支,5877,再现,10877,回老家,15877,小笼,20877,抢夺,25877,杨晖,30877,炸死,35877,空白,40877,要人命,45877,长颈鹿
878,三文,5878,再生,10878,回荡,15878,小笼包,20878,抢座,25878,杨晨,30878,炸油条,35878,空着,40878,要价,45878,长风
879,三文鱼,5879,再用,10879,回落,15879,小筑,20879,抢戏,25879,杨智,30879,炸糕,35879,空空,40879,要关,45879,长驱
880,三斤,5880,再穷,10880,回覆,15880,小米,20880,抢手,25880,杨曦,30880,炸药,35880,空腹,40880,要出,45880,长高
881,三无,5881,再累,10881,回访,15881,小米粥,20881,抢拍,25881,杨杨,30881,炸药包,35881,空荡荡,40881,要加,45881,长鼻
882,三日,5882,再续,10882,回话,15882,小米饭,20882,抢救,25882,杨杰,30882,炸豆腐,35882,空虚,40882,要发,45882,长龙
883,三明,5883,再美,10883,回购,15883,小粉,20883,抢来,25883,杨松波,30883,炸酱,35883,空调,40883,要变,45883,门上
884,三明治,5884,再聚,10884,回过,15884,小粒,20884,抢注,25884,杨枝,30884,炸酱面,35884,空调车,40884,要命,45884,门下
885,三星,5885,再苦,10885,回避,15885,小精灵,20885,抢眼,25885,杨枫,30885,炸锅,35885,空谈,40885,要块,45885,门儿
886,三昧,5886,再见,10886,回锅,15886,小糖,20886,抢票,25886,杨柳,30886,炸雷,35886,空谷,40886,要塞,45886,门兄
887,三是,5887,再见面,10887,回锅肉,15887,小糟,20887,抢答,25887,杨树,30887,炸鱼,35887,空车,40887,要备,45887,门前
888,三智,5888,再造,10888,回音,15888,小红,20888,抢购,25888,杨桃,30888,炸鸡,35888,空运,40888,要够,45888,门卫
889,三月,5889,再配,10889,回顾,15889,小红帽,20889,抢走,25889,杨梅,30889,炸鸡翅,35889,空闲,40889,要学,45889,门口
890,三月份,5890,再长,10890,回馈,15890,小红花,20890,抢走了,25890,杨梦涵,30890,点上,35890,空间,40890,要害,45890,门外
891,三月初,5891,再飞,10891,回首,15891,小红锅,20891,抢过来,25891,杨森,30891,点个,35891,空降,40891,要少,45891,门头沟
892,三月底,5892,冒个,10892,回龙观,15892,小纯,20892,抢钱,25892,杨樾,30892,点为,35892,空隙,40892,要常来,45892,门子
893,三期,5893,冒充,10893,因人,15893,小组,20893,抢镜,25893,杨毅,30893,点亮,35893,穿不下,40893,要开,45893,门店
894,三木,5894,冒出来,10894,因人而异,15894,小绒,20894,抢险,25894,杨江,30894,点低,35894,穿个,40894,要强,45894,门当户对
895,三本,5895,冒家,10895,因故,15895,小结,20895,抢饭碗,25895,杨沐春,30895,点儿,35895,穿件,40895,要换,45895,门徒
896,三条,5896,冒昧,10896,因有,15896,小绵羊,20896,抢鲜,25896,杨波,30896,点击,35896,穿厚,40896,要收,45896,门户
897,三杯,5897,冒死,10897,因果,15897,小绿,20897,护发素,25897,杨泪,30897,点击率,35897,穿帮,40897,要放,45897,门户网站
898,三柒,5898,冒汗,10898,因果报应,15898,小编,20898,护国寺,25898,杨洋,30898,点分,35898,穿成,40898,要敢,45898,门把手
899,三样,5899,冒泡,10899,因涉嫌,15899,小罗,20899,护城河,25899,杨浪泪,30899,点到,35899,穿插,40899,要来,45899,门框
900,三根,5900,冒烟,10900,因病,15900,小羊,20900,护士,25900,杨海,30900,点到点,35900,穿梭,40900,要死,45900,门楼
901,三楼,5901,冒牌,10901,因素,15901,小美,20901,护工,25901,杨海金,30901,点前,35901,穿点,40901,要泪,45901,门槛
902,三次,5902,冒犯,10902,因缘,15902,小美不姓,20902,护手,25902,杨淇羽,30902,点力,35902,穿着,40902,要活,45902,门牙
903,三款,5903,冒险,10903,因道,15903,小美女,20903,护手霜,25903,杨潇,30903,点半,35903,穿穿,40903,要火,45903,门神
904,三步,5904,冒雨,10904,囡囡,15904,小美妞,20904,护栏,25904,杨澜,30904,点半才,35904,穿行,40904,要点,45904,门票
905,三段,5905,写下,10905,团伙,15905,小羽,20905,护照,25905,杨烁,30905,点单,35905,穿衣,40905,要生,45905,门票价格
906,三毛,5906,写个,10906,团体,15906,小翠,20906,护理,25906,杨猫,30906,点卡,35906,穿衣服,40906,要用,45906,门禁
907,三水,5907,写作,10907,团儿,15907,小翼,20907,护肤,25907,杨玉琴,30907,点发,35907,穿越,40907,要管,45907,门窗
908,三江,5908,写信,10908,团去,15908,小老婆,20908,护肤品,25908,杨王,30908,点名,35908,穿越时空,40908,要素,45908,门罗
909,三洋,5909,写写,10909,团友,15909,小老虎,20909,护航,25909,杨珍囡,30909,点后,35909,穿过,40909,要紧,45909,门诊
910,三流,5910,写出,10910,团员,15910,小老鼠,20910,护花使者,25910,杨琛,30910,点唱机,35910,穿鞋,40910,要练,45910,门道
911,三清,5911,写字,10911,团团,15911,小而,20911,护院,25911,杨生,30911,点多,35911,突兀,40911,要脸,45911,门铃
912,三清山,5912,写字楼,10912,团圆,15912,小聚,20912,报上,25912,杨白劳,30912,点多起,35912,突击,40912,要花,45912,门锁
913,三湘,5913,写实,10913,团圆饭,15913,小聪明,20913,报业,25913,杨皓宇,30913,点头,35913,突发,40913,要试,45913,门面
914,三炮,5914,写得,10914,团委,15914,小肉,20914,报个,25914,杨真,30914,点好,35914,突发奇想,40914,要说,45914,闪亮
915,三点,5915,写意,10915,团子,15915,小肚儿,20915,报于,25915,杨磊,30915,点子,35915,突如其来,40915,要赞,45915,闪光
916,三爷,5916,写成,10916,团座,15916,小肚子,20916,报亭,25916,杨禹,30916,点开,35916,突尼斯,40916,要逆天,45916,闪光灯
917,三环,5917,写手,10917,团拜会,15917,小肚腩,20917,报人罗毅,25917,杨米琦,30917,点心,35917,突破,40917,要选,45917,闪姐
918,三瓶,5918,写文章,10918,团支部,15918,小肠,20918,报仇,25918,杨粉帅,30918,点心吃,35918,突突,40918,要配,45918,闪婚
919,三生,5919,写日记,10919,团来,15919,小肥,20919,报价,25919,杨红旭,30919,点怒,35919,突袭,40919,要钱,45919,闪开
920,三甲,5920,写本,10920,团结,15920,小肥羊,20920,报出,25920,杨继军,30920,点成,35920,窃以为,40920,要长,45920,闪烁
921,三百,5921,写法,10921,团结湖,15921,小胖,20921,报到,25921,杨维,30921,点才,35921,窃喜,40921,要饭,45921,闪现
922,三百万,5922,写满,10922,团结起来,15922,小胡子,20922,报名,25922,杨美虹,30922,点拨,35922,窃贼,40922,覆盆子,45922,闪电
923,三百多,5923,写滴,10923,团聚,15923,小脏,20923,报告,25923,杨菲朵,30923,点播,35923,窈窕,40923,覆盖,45923,闪电侠
924,三省,5924,写点,10924,团购,15924,小脚,20924,报喜,25924,杨蕾,30924,点整,35924,窍门,40924,覆盖率,45924,闪耀
925,三眼,5925,写照,10925,团费,15925,小脚丫,20925,报复,25925,杨议,30925,点明,35925,窑子,40925,见不着,45925,闪腰
926,三石,5926,写生,10926,团长,15926,小脚印,20926,报导,25926,杨诉,30926,点有,35926,窒息,40926,见义勇为,45926,闪辰晖
927,三石哥,5927,写真,10927,团队,15927,小脸,20927,报平安,25927,杨贵妃,30927,点来,35927,窗前,40927,见习,45927,闪过
928,三碗,5928,写真集,10928,囤货,15928,小脸儿,20928,报应,25928,杨超,30928,点歌,35928,窗口,40928,见分晓,45928,闪退
929,三秋,5929,写真馆,10929,囫囵,15929,小腹,20929,报废,25929,杨越程,30929,点水,35929,窗台,40929,见到,45929,闪闪
930,三种,5930,写稿,10930,园丁,15930,小腿,20930,报料,25930,杨过,30930,点泪,35930,窗台上,40930,见天,45930,闫京
931,三秒,5931,写篇,10931,园中,15931,小臣,20931,报案,25931,杨迪,30931,点滴,35931,窗外,40931,见心,45931,闫冰洁
932,三稻,5932,写给,10932,园主,15932,小舅,20932,报满,25932,杨钰莹,30932,点火,35932,窗子,40932,见怪不怪,45932,闫国栋
933,三笑,5933,写诗,10933,园内,15933,小舒,20933,报社,25933,杨铁锋,30933,点灯,35933,窗帘,40933,见笑,45933,闫彬
934,三等奖,5934,写过,10934,园区,15934,小舟,20934,报答,25934,杨铭珏,30934,点点,35934,窗户,40934,见者,45934,闫拍
935,三级,5935,写道,10935,园博苑,15935,小船,20935,报纸,25935,杨锦麟,30935,点点滴滴,35935,窗边,40935,见者有份,45935,闫晋萍
936,三线,5936,写错,10936,园园,15936,小色,20936,报考,25936,杨长,30936,点烟,35936,窜出,40936,见见,45936,闫洁
937,三组,5937,军中,10937,园子,15937,小艺,20937,报菜名,25937,杨阳,30937,点燃,35937,窝囊,40937,见解,45937,闫涛
938,三维,5938,军事,10938,园景逸,15938,小艾,20938,报警,25938,杨雅淇,30938,点爱,35938,窝子,40938,见证,45938,闫芳
939,三联,5939,军事冲突,10939,园林,15939,小艾蜜莉,20939,报道,25939,杨雅淇叶,30939,点球,35939,窝心,40939,见证者,45939,闫茵
940,三联书店,5940,军人,10940,园艺,15940,小芬儿,20940,报销,25940,杨雅雯,30940,点着,35940,窝火,40940,见识,45940,闭上
941,三聚氰胺,5941,军刀,10941,园里,15941,小芮,20941,报错,25941,杨雯,30941,点睛之笔,35941,窝窝,40941,见识一下,45941,闭上眼
942,三胖,5942,军功章,10942,园长,15942,小花,20942,披上,25942,杨霞清,30942,点算,35942,窝窝头,40942,见谅,45942,闭上眼睛
943,三脚架,5943,军博,10943,困了,15943,小花猫,20943,披头散发,25943,杨静,30943,点缀,35943,窝里,40943,见过,45943,闭关
944,三脚猫,5944,军哥,10944,困住,15944,小芳,20944,披肩,25944,杨颢,30944,点网,35944,窟窿,40944,见过世面,45944,闭嘴
945,三色,5945,军团,10945,困困,15945,小芳芳,20945,披萨,25945,杨骁,30945,点至,35945,窥探,40945,见长,45945,闭幕
946,三色堇,5946,军官,10946,困困困,15946,小苏,20946,披露,25946,杨鹏,30946,点菜,35946,窦唯,40946,见闻,45946,闭幕式
947,三菱,5947,军师,10947,困在,15947,小苏打,20947,抬举,25947,杨龙,30947,点行,35947,窦宇辉,40947,见面,45947,闭月羞花
948,三藏,5948,军方,10948,困境,15948,小苗,20948,抬头,25948,杭城,30948,点要,35948,窦智耀,40948,见面会,45948,闭目
949,三观,5949,军旗,10949,困得,15949,小英子,20949,抬杠,25949,杭州,30949,点解,35949,窦林卿,40949,见鬼,45949,闭眼
950,三角,5950,军演,10950,困惑,15950,小苹果,20950,抬爱,25950,杭州市,30950,点评,35950,立井,40950,观世音,45950,闭着
951,三角梅,5951,军火,10951,困意,15951,小范,20951,抬起,25951,杭州市区,30951,点货,35951,立交,40951,观众,45951,闭门
952,三角洲,5952,军牌,10952,困打,15952,小茜,20952,抬高,25952,杭帮菜,30952,点赞,35952,立交桥,40952,观众们,45952,闭门羹
953,三起,5953,军用,10953,困扰,15953,小茶,20953,抱个,25953,杭蔚,30953,点起,35953,立享,40953,观众席,45953,闭馆
954,三轮,5954,军装,10954,困晕,15954,小草,20954,抱住,25954,杭间,30954,点醒,35954,立体,40954,观光,45954,问一问
955,三轮车,5955,军警,10955,困死,15955,小荔哇,20955,抱团,25955,杯中,30955,点钟,35955,立冬,40955,观后感,45955,问下
956,三辆,5956,军训,10956,困泪,15956,小荣,20956,抱头痛哭,25956,杯具,30956,点钱,35956,立功,40956,观园,45956,问世
957,三遍,5957,军车,10957,困觉,15957,小荷,20957,抱怨,25957,杯子,30957,点飞,35957,立哥,40957,观察,45957,问个
958,三道,5958,军阀,10958,困难,15958,小莉,20958,抱恙,25958,杯杯,30958,点餐,35958,立场,40958,观察员,45958,问云
959,三部,5959,军队,10959,困难户,15959,小莎,20959,抱成一团,25959,杯水,30959,炼乳,35959,立夏,40959,观察报,45959,问候
960,三部曲,5960,农业,10960,围困,15960,小莫在,20960,抱抱,25960,杯水车薪,30960,炼成,35960,立得,40960,观察者,45960,问偶
961,三里屯,5961,农产品,10961,围场,15961,小莱,20961,抱歉,25961,杯酒,30961,炼狱,35961,立志,40961,观展,45961,问元芳
962,三重,5962,农人,10962,围城,15962,小莱坞,20962,抵不过,25962,杰作,30962,炼金,35962,立新,40962,观影,45962,问其
963,三金,5963,农历,10963,围堵,15963,小菇,20963,抵京,25963,杰克,30963,炽热,35963,立方,40963,观念,45963,问出
964,三金片,5964,农吼,10964,围墙,15964,小菜,20964,抵制,25964,杰克逊,30964,烂尾,35964,立春,40964,观战,45964,问到
965,三锅,5965,农场,10965,围巾,15965,小菜一碟,20965,抵御,25965,杰出,30965,烂掉,35965,立案,40965,观摩,45965,问卷
966,三门,5966,农场主,10966,围攻,15966,小菲,20966,抵抗,25966,杰哥,30966,烂泥,35966,立正,40966,观星,45966,问句
967,三门峡,5967,农大,10967,围棋,15967,小萌,20967,抵抗力,25967,杰哥吾酷,30967,烂漫,35967,立水桥,40967,观景,45967,问号
968,三队,5968,农夫,10968,围殴,15968,小萌娃,20968,抵押,25968,杰嘻哈,30968,烂片,35968,立法,40968,观景台,45968,问声
969,三阳,5969,农夫山泉,10969,围炉,15969,小萝莉,20969,抵挡,25969,杰士邦,30969,烈士,35969,立白,40969,观望,45969,问好
970,三陪,5970,农妇,10970,围着,15970,小萨,20970,抵挡不住,25970,杰夫,30970,烈女,35970,立秋,40970,观测,45970,问得
971,三集,5971,农家,10971,围绕,15971,小董,20971,抵用券,25971,杰子,30971,烈日,35971,立竿见影,40971,观海,45971,问怒
972,三面,5972,农家乐,10972,围脖儿,15972,小葱,20972,抵达,25972,杰尼,30972,烈火,35972,立花千,40972,观点,45972,问政
973,三项,5973,农家菜,10973,围裙,15973,小葵,20973,抹布,25973,杰微博,30973,烈酒,35973,立足,40973,观看,45973,问是
974,三顿,5974,农家院,10974,围观者,15974,小蔓,20974,抹抹,25974,杰杰,30974,烈风,35974,立项,40974,观行,45974,问有
975,三餐,5975,农庄,10975,围起来,15975,小蕙,20975,抹掉,25975,杰森,30975,烘培,35975,立顿,40975,观赏,45975,问津
976,三鲜,5976,农村,10976,固力果,15976,小蕾,20976,抹胸,25976,杰瑞,30976,烘干,35976,立马儿,40976,观音,45976,问答
977,三鹿,5977,农村妇女,10977,固定,15977,小薇,20977,抹黑,25977,杰西,30977,烘焙,35977,竖蛋,40977,观音山,45977,问能
978,上万,5978,农林,10978,固执,15978,小虎,20978,押金,25978,杰西卡,30978,烙饼,35978,竖起,40978,观音桥,45978,问苍天
979,上上下下,5979,农民,10979,固话,15979,小虎子,20979,押韵,25979,杰酒,30979,烛光,35979,站上,40979,规划,45979,问要
980,上下班,5980,农民工,10980,国丰维景,15980,小虎牙,20980,抽丝,25980,松下,30980,烟云,35980,站不起来,40980,规则,45980,问责
981,上不起,5981,农泪,10981,国事,15981,小虎菲菲,20981,抽个,25981,松仁,30981,烟台,35981,站住,40981,规律,45981,问起
982,上个,5982,农用,10982,国云,15982,小虎队,20982,抽中,25982,松原,30982,烟味,35982,站台,40982,规格,45982,问路
983,上个世纪,5983,农田,10983,国产,15983,小虫,20983,抽人,25983,松塘,30983,烟囱,35983,站岗,40983,规模,45983,问过
984,上个月,5984,农药,10984,国产品牌,15984,小虫子,20984,抽出,25984,松子,30984,烟圈,35984,站点,40984,规矩,45984,问道
985,上乘,5985,农行,10985,国产片,15985,小虾,20985,抽到,25985,松岩,30985,烟塘,35985,站票,40985,规范,45985,问问
986,上书,5986,冠中冠,10986,国人,15986,小蛇,20986,抽取,25986,松弛,30986,烟头,35986,站立,40986,规规矩矩,45986,问鼎
987,上交,5987,冠亚军,10987,国企,15987,小蛮,20987,抽型,25987,松懈,30987,烟斗,35987,站长,40987,觅食,45987,闯关
988,上京,5988,冠以,10988,国会,15988,小蜜,20988,抽奖,25988,松明,30988,烟民,35988,竞争,40988,视为,45988,闯祸
989,上人,5989,冠军,10989,国光,15989,小蜜蜂,20989,抽子,25989,松木,30989,烟波,35989,竞争力,40989,视力,45989,闯红灯
990,上任,5990,冠名,10990,国内,15990,小蝌蚪,20990,抽屉,25990,松本,30990,烟波浩淼,35990,竞争对手,40990,视听,45990,闯进
991,上传,5991,冠岩,10991,国内外,15991,小蟹,20991,抽怒,25991,松松,30991,烟消云散,35991,竞技,40991,视察,45991,闲不住
992,上位,5992,冠群,10992,国内机票,15992,小行星,20992,抽抽,25992,松林,30992,烟火,35992,竞猜,40992,视屏,45992,闲事
993,上别,5993,冠麟,10993,国内游,15993,小街,20993,抽搐,25993,松果,30993,烟灰,35993,竞相,40993,视感,45993,闲云
994,上前,5994,冤冤相报,10994,国军,15994,小衰,20994,抽时间,25994,松柏,30994,烟灰缸,35994,竞赛,40994,视点,45994,闲云野鹤
995,上加,5995,冤大头,10995,国务院,15995,小袋,20995,抽查,25995,松树,30995,烟熏,35995,竞选,40995,视界,45995,闲人
996,上千,5996,冤家,10996,国医,15996,小裙,20996,抽死,25996,松江,30996,烟瘾,35996,竟敢,40996,视线,45996,闲庭信步
997,上午,5997,冤枉,10997,国卿,15997,小西,20997,抽烟,25997,松涛,30997,烟盒,35997,竟是,40997,视网,45997,闲得
998,上半年,5998,冤枉钱,10998,国君,15998,小西天,20998,抽空,25998,松田,30998,烟花,35998,竟有,40998,视网膜,45998,闲心
999,上半身,5999,冤魂,10999,国土,15999,小要,20999,抽空去,25999,松禾,30999,烟花爆竹,35999,章丘,40999,视而不见,45999,闲情
1000,上台,6000,冥冥,11000,国外,16000,小视,21000,抽筋,26000,松绑,31000,烟草,36000,章子怡,41000,视若,46000,闲情逸致
1001,上吊,6001,冥想,11001,国奥,16001,小视频,21001,抽血,26001,松花,31001,烟蒂,36001,章宁,41001,视觉,46001,闲散
1002,上吐下泻,6002,冥王星,11002,国学,16002,小觞,21002,抽象,26002,松花江,31002,烟袋,36002,章立凡,41002,视觉效果,46002,闲时
1003,上周,6003,冬冬,11003,国安,16003,小记,21003,抽选,26003,松茸,31003,烟语,36003,章蓉娅,41003,视觉系,46003,闲暇
1004,上周五,6004,冬夏,11004,国安队,16004,小许,21004,抽风,26004,松软,31004,烟酒,36004,章诒,41004,视觉艺术,46004,闲来无事
1005,上周四,6005,冬夜,11005,国宏,16005,小试,21005,拂面,26005,松隆子,31005,烟雨,36005,章鱼,41005,视角,46005,闲着
1006,上周末,6006,冬天,11006,国宝,16006,小诗,21006,担任,26006,松露,31006,烟雾,36006,章鱼烧,41006,视讯,46006,闲置
1007,上品,6007,冬奥会,11007,国宝级,16007,小语,21007,担子,26007,松饼,31007,烟霞,36007,竣工,41007,视野,46007,闲耕
1008,上善若水,6008,冬姐,11008,国宴,16008,小说,21008,担当,26008,松鼠,31008,烟鬼,36008,童叟无欺,41008,视频,46008,闲聊
1009,上图,6009,冬季,11009,国家,16009,小诺,21009,担待,26009,板儿,31009,烤串,36009,童大焕,41009,觉厉,46009,闲话
1010,上场,6010,冬日,11010,国家一级,16010,小调,21010,担心,26010,板凳,31010,烤乳猪,36010,童子,41010,觉悟,46010,闲谈
1011,上坟,6011,冬瓜,11011,国家体育总局,16011,小谢,21011,担忧,26011,板块,31011,烤全羊,36011,童小,41011,觉着,46011,闲趣
1012,上墙,6012,冬瓜茶,11012,国家博物馆,16012,小谢宇,21012,担担面,26012,板子,31012,烤出,36012,童工,41012,觉罗,46012,闲适
1013,上大,6013,冬眠,11013,国家大剧院,16013,小豆,21013,担架,26013,板板,31013,烤制,36013,童年,41013,觉醒,46013,闲逛
1014,上天,6014,冬笋,11014,国家旅游局,16014,小豆豆,21014,拆台,26014,板柱,31014,烤火,36014,童年阴影,41014,觊觎,46014,闲闻
1015,上天入地,6015,冬至,11015,国家机器,16015,小豚,21015,拆年,26015,板栗,31015,烤烤,36015,童心,41015,角度,46015,间堂
1016,上头,6016,冬菇,11016,国家机密,16016,小象,21016,拆开,26016,板桥,31016,烤熟,36016,童心未泯,41016,角度看,46016,间接
1017,上妆,6017,冬虫草,11017,国家森林公园,16017,小贝,21017,拆掉,26017,板砖,31017,烤瓷,36017,童振刚,41017,角楼,46017,间断
1018,上学,6018,冬装,11018,国家级,16018,小贤,21018,拆散,26018,板筋,31018,烤生,36018,童星,41018,角色,46018,间歇
1019,上学时,6019,冬辉,11019,国家队,16019,小贩,21019,拆泪,26019,板蓝根,31019,烤盘,36019,童标,41019,角落,46019,间歇性
1020,上官,6020,冬阴功,11020,国富,16020,小贱,21020,拆穿,26020,板鸭,31020,烤箱,36020,童爷,41020,角落里,46020,间行
1021,上将,6021,冬雨,11021,国展,16021,小贴士,21021,拆线,26021,极之美,31021,烤糊,36021,童玮亮,41021,角逐,46021,间谍
1022,上层,6022,冬雪,11022,国庆,16022,小贵,21022,拆迁,26022,极乐,31022,烤红薯,36022,童真,41022,解不开,46022,间隔
1023,上山,6023,冬青,11023,国庆节,16023,小费,21023,拆除,26023,极佳,31023,烤羊,36023,童童,41023,解决,46023,间隙
1024,上山下乡,6024,冬韵行,11024,国度,16024,小贾,21024,拇指,26024,极光,31024,烤羊肉串,36024,童装,41024,解决不了,46024,闵行
1025,上岗,6025,冯军,11025,国情,16025,小资,21025,拉丁,26025,极具,31025,烤肉,36025,童言无忌,41025,解决办法,46025,闷头
1026,上岛,6026,冯凤禹,11026,国旅,16026,小赖,21026,拉上,26026,极冷,31026,烤肉店,36026,童言趣,41026,解决方案,46026,闷死
1027,上岸,6027,冯叔,11027,国旅总社,16027,小赖哥,21027,拉丝,26027,极刑,31027,烤肠,36027,童话,41027,解决问题,46027,闷泪
1028,上市,6028,冯吹,11028,国旗,16028,小赞,21028,拉个,26028,极北,31028,烤面包,36028,童话世界,41028,解冻,46028,闷热
1029,上市公司,6029,冯唐,11029,国有,16029,小超,21029,拉丹冬,26029,极品,31029,烤饼,36029,童话故事,41029,解剖,46029,闷骚
1030,上帝,6030,冯囡,11030,国有化,16030,小超人,21030,拉伤,26030,极地,31030,烤鱼,36030,童话般,41030,解压,46030,闹中取静
1031,上帝保佑,6031,冯大,11031,国歌,16031,小超果,21031,拉倒,26031,极好,31031,烤鸡,36031,童话集,41031,解密,46031,闹事
1032,上年,6032,冯大佳子,11032,国民,16032,小跑,21032,拉克,26032,极客,31032,烤鸡肉,36032,童趣,41032,解小法,46032,闹元宵
1033,上床,6033,冯宣元,11033,国民党,16033,小路,21033,拉出去,26033,极富,31033,烤鸭,36033,童靴,41033,解开,46033,闹别扭
1034,上床睡觉,6034,冯导,11034,国民素质,16034,小车,21034,拉动,26034,极少,31034,烤鸭店,36034,童鞋,41034,解恨,46034,闹到
1035,上座率,6035,冯小刚,11035,国泰,16035,小轿车,21035,拉勾,26035,极少数,31035,烦不烦,36035,童颜,41035,解惑,46035,闹剧
1036,上开,6036,冯岩,11036,国王,16036,小辈,21036,拉夫,26036,极尽,31036,烦人,36036,童鸣,41036,解放,46036,闹市
1037,上当,6037,冯巩,11037,国界,16037,小辉,21037,拉姆,26037,极差,31037,烦心,36037,竭力,41037,解放军,46037,闹心
1038,上当受骗,6038,冯德伦,11038,国立,16038,小辛,21038,拉完,26038,极强,31038,烦心事,36038,端上来,41038,解放前,46038,闹着玩
1039,上影,6039,冯总,11039,国籍,16039,小辣椒,21039,拉客,26039,极是,31039,烦恼,36039,端出来,41039,解放区,46039,闹着玩儿
1040,上怒,6040,冯恩援,11040,国米,16040,小辫,21040,拉屎,26040,极有,31040,烦死,36040,端午,41040,解放碑,46040,闹矛盾
1041,上房,6041,冯敏,11041,国粹,16041,小辫儿,21041,拉布拉多,26041,极权,31041,烦死人,36041,端午节,41041,解放路,46041,闹肚子
1042,上扬,6042,冯柯,11042,国美,16042,小辫子,21042,拉开,26042,极点,31042,烦泪,36042,端坐,41042,解救,46042,闹腾
1043,上排,6043,冯楚,11043,国耻,16043,小辰辰,21043,拉开帷幕,26043,极致,31043,烦请,36043,端庄,41043,解散,46043,闹钟
1044,上放,6044,冯楚轩,11044,国耻日,16044,小达,21044,拉开序幕,26044,极负,31044,烦躁,36044,端木,41044,解暑,46044,闹铃
1045,上方,6045,冯洁,11045,国航,16045,小进,21045,拉得,26045,极边,31045,烦闷,36045,端的,41045,解析,46045,闹闹
1046,上星,6046,冯爷,11046,国语,16046,小远,21046,拉手,26046,极速,31046,烧伤,36046,端砚,41046,解梦,46046,闹鬼
1047,上映,6047,冯磊,11047,国货,16047,小迟,21047,拉拉,26047,极限,31047,烧包,36047,端端,41047,解毒,46047,闺女
1048,上期,6048,冯福生,11048,国贸,16048,小迪,21048,拉斯维加斯,26048,极限运动,31048,烧卖,36048,端详,41048,解气,46048,闺密
1049,上架,6049,冯绍峰,11049,国足,16049,小迷,21049,拉杆箱,26049,极高,31049,烧土,36049,竹子,41049,解渴,46049,闺房
1050,上校,6050,冯英,11050,国道,16050,小迷糊,21050,拉比,26050,构图,31050,烧坏,36050,竹排,41050,解码,46050,闺蜜
1051,上桌,6051,冯莹,11051,国金,16051,小道,21051,拉波娃,26051,构建,31051,烧成,36051,竹林,41051,解禁,46051,闺蜜们
1052,上档次,6052,冯言,11052,国门,16052,小道消息,21052,拉泪,26052,构思,31052,烧掉,36052,竹海,41052,解答,46052,闻东
1053,上梁不正下梁歪,6053,冯语,11053,国防,16053,小邪,21053,拉特,26053,构造,31053,烧死,36053,竹直,41053,解脱,46053,闻东恩哈闻东
1054,上楼,6054,冯跃,11054,国际,16054,小邸,21054,拉玛,26054,枇杷,31054,烧毁,36054,竹竿,41054,解腻,46054,闻人
1055,上榜,6055,冯远征,11055,国际化,16055,小酌,21055,拉登,26055,枉费,31055,烧水,36055,竹笋,41055,解解,46055,闻到
1056,上次,6056,冯雪,11056,国际友人,16056,小酒,21056,拉皮,26056,枕头,31056,烧火,36056,竹荚,41056,解解馋,46056,闻博
1057,上泪,6057,冯静,11057,国际品牌,16057,小酒馆,21057,拉直,26057,枕套,31057,烧烤,36057,竹荪,41057,解说,46057,闻名
1058,上流,6058,冯麟翔,11058,国际漫游,16058,小酱,21058,拉着,26058,枕巾,31058,烧烤店,36058,竹韵,41058,解说员,46058,闻听
1059,上海地区,6059,冰上,11059,国际级,16059,小野,21059,拉票,26059,枕边,31059,烧焦,36059,笋干,41059,解读,46059,闻所未闻
1060,上海大众,6060,冰乐,11060,国际航空,16060,小金,21060,拉稀,26060,枕边人,31060,烧熟,36060,笑一笑,41060,解酒,46060,闻正
1061,上海市,6061,冰冰,11061,国际饭店,16061,小金人,21061,拉维,26061,林下,31061,烧纸,36061,笑傲,41061,解释,46061,闻着
1062,上海浦东,6062,冰冷,11062,国鹏,16062,小金刚,21062,拉美,26062,林中,31062,烧肉,36062,笑傲江湖,41062,解释一下,46062,闻见
1063,上海滩,6063,冰冻,11063,图上,16063,小金库,21063,拉肚子,26063,林丹,31063,烧花,36063,笑口常开,41063,解锁,46063,闻讯
1064,上海站,6064,冰凉,11064,图个,16064,小金毛,21064,拉脊山,26064,林书豪,31064,烧菜,36064,笑呵呵,41064,解闷,46064,闻达
1065,上海铁路局,6065,冰凌,11065,图中,16065,小鑫,21065,拉花,26065,林佑威,31065,烧酒,36065,笑哈哈,41065,解除,46065,闻金则
1066,上涨,6066,冰场,11066,图为,16066,小钟,21066,拉菲,26066,林依轮,31066,烧钱,36066,笑哥,41066,解馋,46066,闻闻
1067,上游,6067,冰块,11067,图书,16067,小钟易,21067,拉萨,26067,林俊杰,31067,烧须,36067,笑嘻嘻,41067,触动,46067,闻香
1068,上演,6068,冰城,11068,图书大厦,16068,小钢姐,21068,拉走,26068,林先生,31068,烧饭,36068,笑场,41068,触及,46068,闻香识
1069,上火,6069,冰壶,11069,图书馆,16069,小钱,21069,拉起,26069,林军,31069,烧饼,36069,笑堂,41069,触手,46069,闽北
1070,上班,6070,冰天,11070,图像,16070,小铭,21070,拉近,26070,林冠,31070,烧香,36070,笑声,41070,触摸,46070,闽南
1071,上班族,6071,冰天雪地,11071,图册,16071,小铺,21071,拉链,26071,林凡,31071,烧鸡,36071,笑容,41071,触摸屏,46071,闽南话
1072,上班时间,6072,冰娜,11072,图图,16072,小锅,21072,拉锁,26072,林剑,31072,烧鹅,36072,笑小笑,41072,触景伤情,46072,闽商
1073,上用,6073,冰山,11073,图太,16073,小镇,21073,拉面,26073,林勋,31073,烧麦,36073,笑悠,41073,触犯,46073,闽教
1074,上画,6074,冰岛,11074,图好,16074,小闪,21074,拉风,26074,林叔,31074,烩面,36074,笑意,41074,触目惊心,46074,闽清
1075,上瘾,6075,冰峰,11075,图库,16075,小闹,21075,拉黑,26075,林夏,31075,烩饭,36075,笑成,41075,触碰,46075,闾丘露
1076,上百,6076,冰川,11076,图快,16076,小队,21076,拌匀,26076,林夕,31076,烫伤,36076,笑料,41076,言中,46076,阁主
1077,上百年,6077,冰心,11077,图文,16077,小队长,21077,拌面,26077,林大,31077,烫头,36077,笑星,41077,言之有理,46077,阁楼
1078,上空,6078,冰晶,11078,图文并茂,16078,小陆,21078,拍下,26078,林奕华,31078,烫头发,36078,笑林,41078,言之海,46078,阁老
1079,上级,6079,冰柚,11079,图是,16079,小院,21079,拍下来,26079,林姐姐,31079,烫手,36079,笑果,41079,言午,46079,阅人
1080,上纲上线,6080,冰柜,11080,图有,16080,小院儿,21080,拍个,26080,林子,31080,烫金,36080,笑死人,41080,言情,46080,阅历
1081,上线,6081,冰棍,11081,图来,16081,小雅,21081,拍于,26081,林家,31081,热乎,36081,笑点,41081,言无忌,46081,阅美
1082,上网,6082,冰棍儿,11082,图林,16082,小雨,21082,拍些,26082,林导,31082,热乎乎,36082,笑盈盈,41082,言极,46082,阅读
1083,上联,6083,冰棒,11083,图标,16083,小雪,21083,拍出,26083,林小,31083,热传,36083,笑眯眯,41083,言舞,46083,阆中
1084,上能,6084,冰水,11084,图案,16084,小雯,21084,拍到,26084,林小姐,31084,热切,36084,笑破肚皮,41084,言表,46084,阉割
1085,上船,6085,冰沁于,11085,图森,16085,小雯碎,21085,拍卖,26085,林小诱,31085,热力,36085,笑笑,41085,言论,46085,阎姐
1086,上花,6086,冰沙,11086,图注,16086,小雷,21086,拍卖会,26086,林局,31086,热卖,36086,笑纳,41086,言论自由,46086,阎娜
1087,上苍,6087,冰河,11087,图灵,16087,小霞,21087,拍品,26087,林岳芳,31087,热吻,36087,笑脸,41087,言语,46087,阎家旭
1088,上药,6088,冰淇淋,11088,图片,16088,小露,21088,拍外景,26088,林广杰,31088,热土,36088,笑话,41088,言说,46088,阎桂丽
1089,上菜,6089,冰清,11089,图画,16089,小霸王,21089,拍够,26089,林建勋,31089,热带,36089,笑语,41089,言谈,46089,阎王
1090,上街,6090,冰激凌,11090,图纸,16090,小青,21090,拍子,26090,林徽因,31090,热带雨林,36090,笑谈,41090,言辞,46090,阎禹岐
1091,上衣,6091,冰激淋,11091,图给,16091,小青年,21091,拍客,26091,林心如,31091,热带风暴,36091,笑醒,41091,言重,46091,阎肃
1092,上要,6092,冰火,11092,图腾,16092,小静,21092,拍屏,26092,林忆莲,31092,热带鱼,36092,笑颜,41092,詹妮弗,46092,阎鹤祥
1093,上见,6093,冰点,11093,图表,16093,小静子,21093,拍岸,26093,林志炫,31093,热干面,36093,笔下,41093,詹姆斯,46093,阐述
1094,上访,6094,冰球,11094,图解,16094,小面,21094,拍张,26094,林志玲,31094,热度,36094,笔仙,41094,詹小悦,46094,阑珊
1095,上证,6095,冰皮,11095,图说,16095,小面包,21095,拍得,26095,林志颖,31095,热得,36095,笔名,41095,詹想,46095,阔别
1096,上诉,6096,冰砖,11096,图请,16096,小靴哥,21096,拍戏,26096,林敏,31096,热心,36096,笔墨,41096,誓死,46096,阖家幸福
1097,上课,6097,冰窖,11097,图谱,16097,小韦,21097,拍成,26097,林斯基,31097,热心人,36097,笔录,41097,誓言,46097,阖家欢乐
1098,上课时,6098,冰箱,11098,图转,16098,小顾,21098,拍成电影,26098,林月珍,31098,热心肠,36098,笔画,41098,警力,46098,阚清子
1099,上调,6099,冰粉,11099,图里,16099,小颖儿,21099,拍手,26099,林木,31099,热忱,36099,笔笔,41099,警告,46099,阜外医院
1100,上路,6100,冰糖,11100,图钉,16100,小题大作,21100,拍拍,26100,林林,31100,热恋,36100,笔记,41100,警员,46100,阜成门
1101,上身,6101,冰糖葫芦,11101,图雅,16101,小额,21101,拍摄,26101,林楚方,31101,热情,36101,笔记本,41101,警官,46101,阜阳
1102,上车,6102,冰翼,11102,图集,16102,小风,21102,拍摄地,26102,林楠,31102,热情好客,36102,笔记本电脑,41102,警察,46102,队伍
1103,上辈子,6103,冰花,11103,图麦,16103,小飞,21103,拍摄角度,26103,林檎,31103,热情接待,36103,笔试,41103,警察局,46103,队友
1104,上边,6104,冰莹,11104,圆之夜,16104,小飞侠,21104,拍案惊奇,26104,林永健,31104,热情洋溢,36104,笔误,41104,警局,46104,队员
1105,上过,6105,冰蓝,11105,圆圆,16105,小飞象,21105,拍档,26105,林泉,31105,热播,36105,笛子,41105,警惕,46105,队形
1106,上野,6106,冰镇,11106,圆圆的,16106,小食,21106,拍死,26106,林泊宇,31106,热映,36106,符号,41106,警报,46106,队服
1107,上铺,6107,冰雕,11107,圆圈,16107,小饭,21107,拍泪,26107,林洋,31107,热晕,36107,符合,41107,警方,46107,队长
1108,上镜,6108,冰雨,11108,圆头,16108,小饼,21108,拍滴,26108,林浩,31108,热死,36108,符合中国,41108,警棍,46108,阡陌
1109,上长,6109,冰雪,11109,圆子,16109,小馆,21109,拍点,26109,林海,31109,热气,36109,符合要求,41109,警民,46109,阮导
1110,上门,6110,冰雪聪明,11110,圆形,16110,小馒头,21110,拍照,26110,林涛,31110,热气球,36110,符梅媚,41110,警犬,46110,阮虹
1111,上阵,6111,冰雪节,11111,圆明园,16111,小香,21111,拍照片,26111,林淡颜,31111,热气腾腾,36111,符梅梅,41111,警界,46111,防不胜防
1112,上限,6112,冰雹,11112,圆梦,16112,小馨,21112,拍片,26112,林湘平,31112,热水,36112,笨人,41112,警示,46112,防备
1113,上风,6113,冰面,11113,圆润,16113,小马,21113,拍片子,26113,林瀚,31113,热水器,36113,笨小孩,41113,警花,46113,防守
1114,上饶,6114,冲上,11114,圆溜溜,16114,小马哥,21114,拍电影,26114,林炳生,31114,热水澡,36114,笨死,41114,警车,46114,防寒
1115,上马,6115,冲上去,11115,圆滑,16115,小驴,21115,拍砖,26115,林琨,31115,热水袋,36115,笨猪,41115,警醒,46115,防寒保暖
1116,下一代,6116,冲入,11116,圆滚滚,16116,小高,21116,拍菜,26116,林琳,31116,热汤,36116,笨笨,41116,警长,46116,防尘
1117,下一场,6117,冲关,11117,圆满,16117,小鬼,21117,拍过,26117,林盈,31117,热油,36117,笨笨熊,41117,计划,46117,防御
1118,下不为例,6118,冲冲,11118,圆满完成,16118,小鬼子,21118,拍马屁,26118,林立,31118,热波,36118,笨蛋,41118,计划生育,46118,防护
1119,下不去,6119,冲凉,11119,圆满成功,16119,小鱼,21119,拎包,26119,林肯,31119,热泪,36119,笨鸡,41119,计划经济,46119,防撞
1120,下不来,6120,冲出,11120,圆满结束,16120,小鱼儿,21120,拐卖,26120,林胖,31120,热泪盈眶,36120,第一,41120,计学,46120,防晒
1121,下个,6121,冲出去,11121,圆球,16121,小鸟,21121,拐卖儿童,26121,林芝,31121,热浪,36121,第一个,41121,计生,46121,防晒霜
1122,下个月,6122,冲击,11122,圆白菜,16122,小鸡,21122,拐弯,26122,林荣赏,31122,热海,36122,第一二,41122,计生委,46122,防暑
1123,下令,6123,冲击力,11123,圆脸,16123,小鸡鸡,21123,拐弯抹角,26123,林辉,31123,热潮,36123,第一代,41123,计算,46123,防暑降温
1124,下会,6124,冲到,11124,圆通,16124,小鸦,21124,拐杖,26124,林道,31124,热火,36124,第一件,41124,计算器,46124,防毒面具
1125,下作,6125,冲刷,11125,圈儿,16125,小鸭,21125,拐走,26125,林郁,31125,热火朝天,36125,第一任,41125,计算机,46125,防水
1126,下决心,6126,冲刺,11126,圈养,16126,小鸭子,21126,拐骗,26126,林镇,31126,热点,36126,第一份,41126,计较,46126,防治
1127,下凡,6127,冲动,11127,圈内,16127,小鹏,21127,拒之门外,26127,林间,31127,热烈,36127,第一位,41127,订位,46127,防滑
1128,下切,6128,冲劲,11128,圈圈,16128,小鹭鹭,21128,拒收,26128,林青霞,31128,热烈庆祝,36128,第一印象,41128,订做,46128,防火
1129,下午,6129,冲叹,11129,圈子,16129,小鹿,21129,拒签,26129,林非,31129,热烈欢迎,36129,第一口,41129,订光,46129,防盗
1130,下午茶,6130,冲向,11130,圈网,16130,小麦,21130,拒绝,26130,林风,31130,热烈祝贺,36130,第一句,41130,订制,46130,防盗门
1131,下半场,6131,冲天,11131,圈里,16131,小黄,21131,拒载,26131,林黛玉,31131,热热,36131,第一名,41131,订单,46131,防着
1132,下半年,6132,冲水,11132,圈钱,16132,小黄瓜,21132,拓宽,26132,果丹皮,31132,热热身,36132,第一周,41132,订单号,46132,防空
1133,下单,6133,冲泡,11133,土人,16133,小黄花,21133,拓展,26133,果仁,31133,热热闹闹,36133,第一场,41133,订好,46133,防空警报
1134,下卷,6134,冲洗,11134,土匪,16134,小黄鱼,21134,拔下来,26134,果儿,31134,热爱,36134,第一夜,41134,订婚,46134,防线
1135,下厨,6135,冲浪,11135,土司,16135,小黎,21135,拔丝,26135,果农,31135,热爱生活,36135,第一天,41135,订房,46135,防腐剂
1136,下厨房,6136,冲着,11136,土土,16136,小黑,21136,拔出,26136,果冻,31136,热狗,36136,第一夫人,41136,订房网,46136,防范
1137,下发,6137,冲破,11137,土地,16137,小黑子,21137,拔出来,26137,果味,31137,热线,36137,第一季,41137,订机票,46137,防身
1138,下台,6138,冲突,11138,土地价格,16138,小黑猫,21138,拔刀斋,26138,果园,31138,热线电话,36138,第一家,41138,订票,46138,防辐射
1139,下周,6139,冲绳,11139,土地公,16139,小黑裙,21139,拔掉,26139,果壳,31139,热能,36139,第一届,41139,订货,46139,防雨
1140,下周一,6140,冲走,11140,土地婆,16140,小鼠,21140,拔火罐,26140,果多,31140,热腾腾,36140,第一幅,41140,订货会,46140,防霉
1141,下咽,6141,冲过去,11141,土城路,16141,小齐,21141,拔牙,26141,果妈,31141,热舞,36141,第一张,41141,订购,46141,阳仔
1142,下哈,6142,冲锋,11142,土壤,16142,小龙,21142,拔萝卜,26142,果子,31142,热茶,36142,第一手,41142,订阅,46142,阳伞
1143,下回,6143,冲锋衣,11143,土家,16143,小龙女,21143,拖出去,26143,果子狸,31143,热菜,36143,第一批,41143,订餐,46143,阳光
1144,下图,6144,冲锋陷阵,11144,土建,16144,小龙虾,21144,拖出来,26144,果实,31144,热血,36144,第一排,41144,认不出,46144,阳光房
1145,下场,6145,决不会,11145,土拨鼠,16145,小龟,21145,拖后腿,26145,果断,31145,热血沸腾,36145,第一晚,41145,认不出来,46145,阳光明媚
1146,下坡,6146,决不能,11146,土星,16146,少不了,21146,拖地,26146,果有,31146,热衷,36146,第一期,41146,认了,46146,阳光普照
1147,下垂,6147,决堤,11147,土楼,16147,少个,21147,拖尼熊,26147,果果,31147,热衷于,36147,第一本,41147,认亲,46147,阳光灿烂
1148,下基层,6148,决心,11148,土特产,16148,少于,21148,拖延,26148,果树,31148,热词,36148,第一条,41148,认准,46148,阳光男孩
1149,下头,6149,决战,11149,土狼,16149,少侠,21149,拖把,26149,果汁,31149,热贡,36149,第一枚,41149,认出,46149,阳关
1150,下定决心,6150,决斗,11150,土猪,16150,少儿,21150,拖拉,26150,果泥,31150,热身,36150,第一次,41150,认出来,46150,阳刚
1151,下客,6151,决策,11151,土猫,16151,少儿不宜,21151,拖拉机,26151,果洛,31151,热身赛,36151,第一款,41151,认可,46151,阳历
1152,下层,6152,决策者,11152,土老冒,16152,少先队,21152,拖拖,26152,果猪,31152,热辣,36152,第一步,41152,认同,46152,阳台
1153,下届,6153,决绝,11153,土耳其,16153,少华,21153,拖欠,26153,果盘,31153,热醒,36153,第一波,41153,认命,46153,阳国栋
1154,下属,6154,决赛,11154,土肥,16154,少去,21154,拖沓,26154,果真如此,31154,热量,36154,第一眼,41154,认定,46154,阳子
1155,下山,6155,冷不丁,11155,土著,16155,少吃点,21155,拖米,26155,果粉,31155,热销,36155,第一种,41155,认得,46155,阳性
1156,下岗,6156,冷不冷,11156,土话,16156,少哈,21156,拖米哥,26156,果粒,31156,热锅,36156,第一站,41156,认捐,46156,阳明
1157,下巴,6157,冷亚,11157,土豆,16157,少壮,21157,拖累,26157,果肉,31157,热门,36157,第一第二,41157,认清,46157,阳春
1158,下床,6158,冷冷,11158,土豆丝,16158,少女,21158,拖肥,26158,果脯,31158,热门话题,36158,第一篇,41158,认真学习,46158,阳春面
1159,下开,6159,冷冷的,11159,土豆泥,16159,少女时代,21159,拖行,26159,果腹,31159,热闹,36159,第一线,41159,认真对待,46159,阳朔
1160,下得,6160,冷冻,11160,土豆片,16160,少奶奶,21160,拖车,26160,果蔬,31160,热闹非凡,36160,第一节,41160,认真负责,46160,阳气
1161,下心,6161,冷冻室,11161,土豆皮,16161,少妇,21161,拖鞋,26161,果酒,31161,热面,36161,第一课,41161,认知,46161,阳江
1162,下意识,6162,冷到,11162,土豆网,16162,少宇,21162,拘留,26162,果酱,31162,热风,36162,第一轮,41162,认认真真,46162,阳泉
1163,下手,6163,冷天,11163,土豪,16163,少将,21163,拙劣,26163,果香,31163,热饭,36163,第一遍,41163,认证,46163,阳澄湖
1164,下才,6164,冷小曦,11164,土鳖,16164,少少,21164,拙计,26164,果麦,31164,热饮,36164,第一道,41164,认识一下,46164,阳澄禹衡
1165,下文,6165,冷库,11165,土鸡,16165,少帅,21165,招个,26165,枝叶,31165,烹制,36165,第一部,41165,认错,46165,阳痿
1166,下方,6166,冷得,11166,圣人,16166,少年,21166,招人,26166,枝头,31166,烹油,36166,第一阶段,41166,认领,46166,阳阳
1167,下旬,6167,冷成,11167,圣代,16167,少废话,21167,招儿,26167,枝子,31167,烹调,36167,第一集,41167,讥讽,46167,阴冷
1168,下星期,6168,冷暖自知,11168,圣卡洛琳,16168,少得,21168,招募,26168,枝繁叶茂,31168,烹饪,36168,第一项,41168,讨人厌,46168,阴凉
1169,下晕,6169,冷月,11169,圣地,16169,少收,21169,招呼,26169,枣庄,31169,烽火,36169,第一顿,41169,讨人喜欢,46169,阴功
1170,下月初,6170,冷死,11170,圣地亚哥,16170,少放,21170,招商,26170,枣树,31170,焉知,36170,第一餐,41170,讨厌,46170,阴历
1171,下期,6171,冷气,11171,圣堂,16171,少数几个,21171,招商银行,26171,枣泥,31171,焉知非福,36171,第一首歌,41171,讨好,46171,阴天
1172,下架,6172,冷水,11172,圣女,16172,少数民族,21172,招够,26172,枪击,31172,焉能,36172,第七,41172,讨嫌,46172,阴影
1173,下棋,6173,冷汗,11173,圣托,16173,少数派,21173,招式,26173,枪口,31173,焕发,36173,第七个,41173,讨教,46173,阴损
1174,下楼,6174,冷泪,11174,圣斗士,16174,少有,21174,招待,26174,枪战,31174,焕焕,36174,第七天,41174,讨生活,46174,阴晴圆
1175,下楼去,6175,冷淡,11175,圣洁,16175,少林,21175,招待会,26175,枪手,31175,焕然,36175,第七期,41175,讨薪,46175,阴暗
1176,下楼梯,6176,冷清,11176,圣淘沙,16176,少林寺,21176,招待所,26176,枪杀,31176,焕然一新,36176,第三,41176,讨要,46176,阴有
1177,下榻,6177,冷漠,11177,圣湖,16177,少枫,21177,招惹,26177,枪枪,31177,焖饭,36177,第三个,41177,讨论,46177,阴森
1178,下次,6178,冷眼,11178,圣经,16178,少校,21178,招手,26178,枪毙,31178,焙客,36178,第三件,41178,讨论会,46178,阴毒
1179,下毒手,6179,冷碗,11179,圣衣,16179,少泪,21179,招数,26179,枪泪,31179,焚烧,36179,第三位,41179,讨饭,46179,阴沉
1180,下水,6180,冷空气,11180,圣诞,16180,少爷,21180,招来,26180,枪炮,31180,焦作,36180,第三只,41180,让你在,46180,阴沉沉
1181,下水管,6181,冷笑,11181,圣诞夜,16181,少男,21181,招架不住,26181,枪版,31181,焦作市,36181,第三名,41181,让座,46181,阴茎
1182,下水道,6182,冷艳,11182,圣诞快乐,16182,少见,21182,招牌,26182,枫丹白露,31182,焦俊艳,36182,第三场,41182,让我拿,46182,阴谋
1183,下沉,6183,冷落,11183,圣诞树,16183,少许,21183,招牌菜,26183,枫叶,31183,焦圈,36183,第三声,41183,让给,46183,阴谋论
1184,下沙,6184,冷藏,11184,圣诞礼物,16184,少说,21184,招生,26184,枫林,31184,焦大,36184,第三天,41184,让路,46184,阴转晴
1185,下泪,6185,冷血,11185,圣诞老人,16185,少量,21185,招笑,26185,枫林晚,31185,焦头烂额,36185,第三季,41185,训斥,46185,阴道
1186,下流,6186,冷衰,11186,圣诞节,16186,尔东,21186,招聘,26186,枫糖,31186,焦急,36186,第三届,41186,训练,46186,阴阳
1187,下海,6187,冷酷,11187,圣贤,16187,尔塔,21187,招聘广告,26187,枯井,31187,焦振予,36187,第三张,41187,训练营,46187,阴阳五行
1188,下游,6188,冷醒,11188,圣贤书,16188,尖儿,21188,招行,26188,枯叶,31188,焦油,36188,第三排,41188,议员,46188,阴阴的
1189,下滑,6189,冷锋,11189,在世,16189,尖叫,21189,招财,26189,枯枝,31189,焦灼,36189,第三方,41189,议论,46189,阴险
1190,下点,6190,冷长明,11190,在乎,16190,尖叫声,21190,招财猫,26190,枯燥,31190,焦点,36190,第三期,41190,议题,46190,阴雨
1191,下爱,6191,冷雨,11191,在内,16191,尖子,21191,招财进宝,26191,枯萎,31191,焦点访谈,36191,第三条,41191,讯息,46191,阴雨天
1192,下班,6192,冷静,11192,在场,16192,尖尖,21192,招车,26192,枯黄,31192,焦焦,36192,第三次,41192,记下,46192,阴霾
1193,下班时间,6193,冷面,11193,在外,16193,尖尖角,21193,拜个,26193,架上,31193,焦磊,36193,第三种,41193,记下来,46193,阴风
1194,下着雨,6194,冷风,11194,在家,16194,尖局,21194,拜仁,26194,架不住,31194,焦糖,36194,第三者,41194,记不住,46194,阴魂不散
1195,下礼拜,6195,冻人,11195,在座,16195,尖沙咀,21195,拜佛,26195,架势,31195,焦虑,36195,第三部,41195,记不清,46195,阵亡
1196,下线,6196,冻住,11196,在建,16196,尖锐,21196,拜师,26196,架子,31196,焦虑症,36196,第三集,41196,记个,46196,阵势
1197,下结论,6197,冻得,11197,在意,16197,尘世,21197,拜年,26197,架构,31197,焦躁,36197,第个,41197,记中,46197,阵地
1198,下联,6198,冻成,11198,在我心中,16198,尘嚣,21198,拜托,26198,架次,31198,焦颖小予,36198,第九,41198,记事,46198,阵子
1199,下肚,6199,冻手,11199,在手,16199,尘土,21199,拜拜,26199,架飞机,31199,焰火,36199,第九届,41199,记事本,46199,阵容
1200,下脚,6200,冻死,11200,在播,16200,尘土飞扬,21200,拜访,26200,枷锁,31200,然小罗,36200,第二个,41200,记人,46200,阵痛
1201,下腰,6201,冻疮,11201,在校,16201,尘埃,21201,拜读,26201,枸杞,31201,然是,36201,第二代,41201,记住,46201,阵营
1202,下船,6202,冻结,11202,在校生,16202,尘埃落定,21202,拜谢,26202,枸杞子,31202,然然,36202,第二件,41202,记到,46202,阵阵
1203,下药,6203,冻豆腐,11203,在水一方,16203,尘封,21203,拜金,26203,柏克,31203,然筱白,36203,第二份,41203,记号,46203,阵雨
1204,下落,6204,冻醒,11204,在线,16204,尘心,21204,拥军,26204,柏兰迪,31204,煎炸,36204,第二位,41204,记在,46204,阵风
1205,下落不明,6205,净价,11205,在职,16205,尘爱,21205,拥吻,26205,柏小莲,31205,煎熬,36205,第二名,41205,记录,46205,阶层
1206,下蛋,6206,净利润,11206,在读,16206,尘缘,21206,拥堵,26206,柏悦,31206,煎蛋,36206,第二周,41206,记录下来,46206,阶梯
1207,下衰,6207,净化,11207,地上,16207,尘肺病,21207,拥护,26207,柏拉图,31207,煎锅,36207,第二场,41207,记录仪,46207,阶段
1208,下课,6208,净化器,11208,地下,16208,尚世,21208,拥抱,26208,柏敏,31208,煎饼,36208,第二天,41208,记录片,46208,阶段性
1209,下调,6209,净土,11209,地下党,16209,尚书,21209,拥抱着,26209,柏木,31209,煎饼果子,36209,第二季,41209,记得,46209,阶级
1210,下跌,6210,净境,11210,地下室,16210,尚去,21210,拥挤,26210,柏松,31210,煎鱼,36210,第二家,41210,记得住,46210,阻塞
1211,下跪,6211,净心,11211,地下水,16211,尚可,21211,拥有,26211,柏林,31211,煞笔,36211,第二层,41211,记微,46211,阻拦
1212,下身,6212,净晚,11212,地中海,16212,尚品,21212,拦下,26212,柏联,31212,煞风景,36212,第二届,41212,记忆,46212,阻挠
1213,下车,6213,净水,11213,地为,16213,尚客,21213,拦不住,26213,柏邦妮,31213,煤气,36213,第二幅,41213,记忆力,46213,阻挡
1214,下载,6214,净身,11214,地主,16214,尚尚,21214,拦住,26214,某一,31214,煤气公司,36214,第二年,41214,记忆犹新,46214,阻止
1215,下载速度,6215,凄凉,11215,地主之谊,16215,尚待,21215,拦截,26215,某人,31215,煤炉,36215,第二张,41215,记忆里,46215,阻止不了
1216,下辈子,6216,凄惨,11216,地主婆,16216,尚有,21216,拦着,26216,某位,31216,煤球,36216,第二批,41216,记性,46216,阻碍
1217,下边,6217,凄美,11217,地主家,16217,尚未,21217,拨打,26217,某国,31217,煤矿,36217,第二期,41217,记李,46217,阿一
1218,下达,6218,准备就绪,11218,地久天长,16218,尚柏丽,21218,拨浪鼓,26218,某地,31218,煤窑,36218,第二条,41218,记煌,46218,阿丁
1219,下过,6219,准妈,11219,地产,16219,尚流,21219,拨通,26219,某处,31219,煤老板,36219,第二次,41219,记着,46219,阿三
1220,下部,6220,准妈妈,11220,地产商,16220,尚涛,21220,择偶,26220,某天,31220,照个,36220,第二步,41220,记者,46220,阿丘
1221,下酒,6221,准新,11221,地会,16221,尚豆,21221,择日,26221,某女,31221,照亮,36221,第二种,41221,记者会,46221,阿东
1222,下酒菜,6222,准时,11222,地位,16222,尚逸轩,21222,括号,26222,某家,31222,照例,36222,第二站,41222,记者团,46222,阿严
1223,下铺,6223,准泪,11223,地儿,16223,尚雯婕,21223,拭目以待,26223,某小丫挺,31223,照办,36223,第二轮,41223,记者站,46223,阿丽雅
1224,下锅,6224,准点,11224,地出,16224,尚龙,21224,拯救,26224,某市,31224,照单全收,36224,第二遍,41224,记者证,46224,阿亮
1225,下降,6225,准确,11225,地利,16225,尝一尝,21225,拳击,26225,某年,31225,照完,36225,第二部,41225,记载,46225,阿仑
1226,下限,6226,准确率,11226,地区,16226,尝到,21226,拳头,26226,某年某月,31226,照射,36226,第二集,41226,记错,46226,阿仙
1227,下集,6227,准考证,11227,地去,16227,尝到了,21227,拳秀腿,26227,某日,31227,照常,36227,第五,41227,讲个,46227,阿仝
1228,下雨,6228,准能,11228,地发,16228,尝尝,21228,拴住,26228,某林,31228,照张,36228,第五个,41228,讲价,46228,阿伊
1229,下雨天,6229,凉亭,11229,地名,16229,尝尝鲜,21229,拴着,26229,某某某,31229,照成,36229,第五代,41229,讲到,46229,阿伤
1230,下雪,6230,凉们,11230,地向,16230,尝新,21230,拷贝,26230,某棠,31230,照搬,36230,第五天,41230,讲句,46230,阿伦
1231,下雪天,6231,凉凉,11231,地图,16231,尝试,21231,拷问,26231,某次,31231,照方,36231,第五届,41231,讲台,46231,阿伯
1232,下饭,6232,凉山,11232,地地道道,16232,尝过,21232,拼凑,26232,某种,31232,照旧,36232,第五幅,41232,讲坛,46232,阿佳
1233,不一会,6233,凉席,11233,地址,16233,尝遍,21233,拼命,26233,某种程度,31233,照明,36233,第五期,41233,讲堂,46233,阿佳卓嘎
1234,不上,6234,凉快,11234,地块,16234,尝鲜,21234,拼图,26234,某言,31234,照样,36234,第五次,41234,讲完,46234,阿佳卓玛
1235,不下雨,6235,凉意,11235,地坛,16235,尤为,21235,拼在一起,26235,柑橘,31235,照此,36235,第位,41235,讲师,46235,阿依
1236,不严,6236,凉拌,11236,地域,16236,尤为重要,21236,拼接,26236,柒柒,31236,照此办理,36236,第八,41236,讲座,46236,阿依不爱
1237,不丹,6237,凉拌菜,11237,地处,16237,尤嘉走,21237,拼搏,26237,柒魄,31237,照泪,36237,第八届,41237,讲得,46237,阿俊
1238,不为,6238,凉拔,11238,地大物博,16238,尤宪,21238,拼桌,26238,染井,31238,照照,36238,第八期,41238,讲授,46238,阿信
1239,不为人知,6239,凉水,11239,地头蛇,16239,尤宪超,21239,拼爹,26239,染发,31239,照爱,36239,第六,41239,讲故事,46239,阿修罗
1240,不为过,6240,凉滴,11240,地安门,16240,尤尤,21240,拼盘,26240,染成,31240,照片,36240,第六天,41240,讲演,46240,阿健夜
1241,不久前,6241,凉爽,11241,地带,16241,尤文,21241,拼车,26241,染色,31241,照相,36241,第六届,41241,讲理,46241,阿克苏
1242,不乏,6242,凉皮,11242,地平线,16242,尤文图斯,21242,拼音,26242,染香,31242,照相机,36242,第六感,41242,讲究,46242,阿公
1243,不乐意,6243,凉粉,11243,地库,16243,尤溪,21243,拾起来,26243,染黑,31243,照相馆,36243,第六期,41243,讲解,46243,阿兰
1244,不乖,6244,凉茶,11244,地形,16244,尤物,21244,拿下,26244,柔光,31244,照看,36244,第六条,41244,讲讲,46244,阿兵哥
1245,不买,6245,凉菜,11245,地心引力,16245,就业,21245,拿个,26245,柔和,31245,照耀,36245,第几,41245,讲话,46245,阿兹
1246,不乱,6246,凉面,11246,地想,16246,就义,21246,拿出,26246,柔弱,31246,照这么说,36246,第十,41246,讲课,46246,阿兹猫
1247,不了了之,6247,凉鞋,11247,地摊,16247,就事论事,21247,拿到,26247,柔情,31247,照进,36247,第十一,41247,讲过,46247,阿凌
1248,不了情,6248,凉风,11248,地方,16248,就会,21248,拿大奖,26248,柔情似水,31248,照进来,36248,第十个,41248,讲述,46248,阿凡
1249,不予,6249,凉飕飕,11249,地是,16249,就位,21249,拿奖,26249,柔柔,31249,照镜子,36249,第十二,41249,讴阳,46249,阿凡提
1250,不争,6250,凋谢,11250,地暖,16250,就免,21250,拿手,26250,柔滑,31250,照顾,36250,第十名,41250,讶异,46250,阿凯
1251,不争气,6251,凋零,11251,地有,16251,就别,21251,拿手菜,26251,柔美,31251,煮妇,36251,第十届,41251,许下,46251,阿力
1252,不二,6252,凌一凡,11252,地望,16252,就动,21252,拿捏,26252,柔肠,31252,煮成,36252,第十集,41252,许个,46252,阿加
1253,不亚于,6253,凌乱,11253,地来,16253,就医,21253,拿来,26253,柔软,31253,煮汤,36253,第名,41253,许丽,46253,阿加西
1254,不交,6254,凌云,11254,地板,16254,就够,21254,拿渡,26254,柔顺,31254,煮熟,36254,第四,41254,许久,46254,阿勇
1255,不亮,6255,凌小,11255,地标,16255,就学,21255,拿破仑,26255,柚子,31255,煮粥,36255,第四个,41255,许仙,46255,阿勒泰
1256,不人道,6256,凌晨,11256,地步,16256,就常来,21256,拿票,26256,柚子茶,31256,煮艺,36256,第四名,41256,许健铁,46256,阿勒锦
1257,不仅如此,6257,凌燕,11257,地段,16257,就照,21257,拿给,26257,柚花,31257,煮菜,36257,第四天,41257,许光,46257,阿华
1258,不介意,6258,凌空,11258,地毯,16258,就种,21258,拿走,26258,柜台,31258,煮蛋,36258,第四季,41258,许凯,46258,阿卓
1259,不休,6259,凌落,11259,地沟油,16259,就绪,21259,持久,26259,柜子,31259,煮饭,36259,第四季度,41259,许刚,46259,阿卡
1260,不伦不类,6260,凌迟,11260,地泪,16260,就行,21260,持刀,26260,柠优,31260,煲仔饭,36260,第四届,41260,许可证,46260,阿叔
1261,不低,6261,减元,11261,地活,16261,就行了,21261,持有,26261,柠儿,31261,煲汤,36261,第四张,41261,许坚,46261,阿司匹林
1262,不住,6262,减减,11262,地流,16262,就订,21262,持枪,26262,柠檬,31262,煽动,36262,第四期,41262,许大,46262,阿吐罗魏
1263,不作,6263,减到,11263,地点,16263,就让,21263,持续,26263,柠檬树,31263,煽情,36263,第四次,41263,许姐,46263,阿咪
1264,不佳,6264,减压,11264,地爱,16264,就诊,21264,挂号,26264,柠檬水,31264,煽风点火,36264,第四步,41264,许子,46264,阿哈
1265,不便,6265,减去,11265,地狱,16265,就读,21265,挂失,26265,柠檬汁,31265,熄火,36265,第四集,41265,许小年,46265,阿哥
1266,不俗,6266,减少,11266,地球,16266,就象,21266,挂彩,26266,柠檬茶,31266,熄灭,36266,第天,41266,许展,46266,阿哲
1267,不信,6267,减弱,11267,地球村,16267,就近,21267,挂念,26267,柠檬酸,31267,熄灯,36267,第季,41267,许巍,46267,阿嘉
1268,不倒,6268,减掉,11268,地理,16268,就餐,21268,挂掉,26268,柠檬黄,31268,熊丽,36268,第家,41268,许川,46268,阿嚏
1269,不倒翁,6269,减斤,11269,地理位置,16269,尴尬,21269,挂断,26269,查不到,31269,熊乃瑾,36269,第届,41269,许康,46269,阿图
1270,不值,6270,减法,11270,地理杂志,16270,尸体,21270,挂机,26270,查出,31270,熊之家,36270,第张,41270,许开祯,46270,阿土
1271,不值钱,6271,减税,11271,地瓜,16271,尸检,21271,挂牌,26271,查出来,31271,熊仔,36271,第弹,41271,许志平,46271,阿坚
1272,不假,6272,减肥,11272,地界,16272,尸首,21272,挂票,26272,查到,31272,熊出没,36272,第期,41272,许愿,46272,阿坝
1273,不停,6273,减肥法,11273,地痞,16273,尹亮,21273,挂科,26273,查可欣,31273,熊力,36273,第条,41273,许是,46273,阿坝州
1274,不像,6274,减肥药,11274,地皮,16274,尹亲,21274,挂职,26274,查处,31274,熊华,36274,第次,41274,许瑞杰,46274,阿坦
1275,不像话,6275,减肥餐,11275,地盘,16275,尹佳,21275,挂面,26275,查完,31275,熊宝宝,36275,第站,41275,许留山,46275,阿太
1276,不入,6276,减脂,11276,地砖,16276,尹婕,21276,指令,26276,查封,31276,熊小二,36276,第集,41276,许群,46276,阿奴
1277,不全,6277,减轻,11277,地税,16277,尹小,21277,指使,26277,查尔斯,31277,熊张,36277,第页,41277,许耀汉,46277,阿妈
1278,不公,6278,减速,11278,地笑,16278,尹岚,21278,指出,26278,查房,31278,熊掌,36278,笼包,41278,许芳,46278,阿妹
1279,不关,6279,减量,11279,地老去,16279,尹峰,21279,指南,26279,查扣,31279,熊机,36279,笼子,41279,许萌,46279,阿姆斯特丹
1280,不养,6280,凑个,11280,地行,16280,尹方鸣,21280,指南针,26280,查找,31280,熊来,36280,笼罩,41280,许许多多,46280,阿姐
1281,不写,6281,凑合,11281,地被,16281,尹相杰,21281,指向,26281,查收,31281,熊样,36281,等不及,41281,许诺,46281,阿姨
1282,不冷,6282,凑合着,11282,地要,16282,尹睿,21282,指头,26282,查无此人,31282,熊泪,36282,等于,41282,许雪炎,46282,阿娇
1283,不冷不热,6283,凑够,11283,地说,16283,尹良姿,21283,指定,26283,查明,31283,熊熊,36283,等会儿,41283,讹诈,46283,阿娟
1284,不净,6284,凑成,11284,地质,16284,尹超,21284,指导,26284,查查,31284,熊猫,36284,等位,41284,论坛,46284,阿婆
1285,不准,6285,凑数,11285,地质公园,16285,尹迪,21285,指尖,26285,查理,31285,熊猫儿,36285,等你拿,41285,论文,46285,阿嬷
1286,不凉,6286,凑热闹,11286,地走了,16286,尹酱,21286,指引,26286,查看,31286,熊王,36286,等候,41286,论斤,46286,阿子
1287,不减,6287,凑齐,11287,地道,16287,尹香,21287,指指点点,26287,查票,31287,熊胆,36287,等同,41287,论语,46287,阿宝
1288,不凡,6288,凝凝,11288,地里,16288,尹鸿,21288,指挥,26288,查立,31288,熊顿,36288,等同于,41288,论述,46288,阿宝然
1289,不出,6289,凝固,11289,地铁,16289,尺八,21289,指挥部,26289,查获,31289,熊麦,36289,等待,41289,论道,46289,阿小
1290,不分,6290,凝结,11290,地铁口,16290,尺寸,21290,指控,26290,查询,31290,熏得,36290,等着瞧,41290,讽刺,46290,阿尔
1291,不列颠,6291,凝聚,11291,地铁站,16291,尺度,21291,指教,26291,查资料,31291,熏衣草,36291,等等等等,41291,设卡,46291,阿尔卑斯山
1292,不删,6292,凝聚力,11292,地问,16292,尺码,21292,指数,26292,查过,31292,熏陶,36292,等级,41292,设在,46292,阿尔山
1293,不利,6293,凝视,11293,地陪,16293,尼克,21293,指日可待,26293,查阅,31293,熏鱼,36293,等车,41293,设备,46293,阿尔滨
1294,不到,6294,凝重,11294,地雷,16294,尼克斯,21294,指望,26294,柬埔寨,31294,熔岩,36294,等闲,41294,设定,46294,阿尔萨斯
1295,不刷,6295,几万,11295,地震,16295,尼古拉,21295,指标,26295,柯佩伟,31295,熔黑,36295,筋道,41295,设想,46295,阿尼玛
1296,不办,6296,几下,11296,地震台,16296,尼古拉斯,21296,指正,26296,柯凡,31296,熙熙,36296,筋骨,41296,设拉子,46296,阿巴
1297,不加,6297,几个,11297,地震局,16297,尼妈,21297,指点,26297,柯北,31297,熙熙攘攘,36297,筑成,41297,设施,46297,阿布
1298,不务正业,6298,几串,11298,地面,16298,尼妹,21298,指环王,26298,柯华,31298,熟人,36298,筒子,41298,设有,46298,阿布扎比
1299,不动,6299,几人,11299,场上,16299,尼姑,21299,指甲,26299,柯南,31299,熟女,36299,答复,41299,设立,46299,阿布杜
1300,不动山,6300,几代人,11300,场内,16300,尼尔,21300,指甲油,26300,柯基,31300,熟宅,36300,答对,41300,设置,46300,阿庆
1301,不劳而获,6301,几件,11301,场合,16301,尼康,21301,指着,26301,柯文,31301,熟悉,36301,答应,41301,设计,46301,阿庐
1302,不卑不亢,6302,几件事,11302,场地,16302,尼斯,21302,指示,26302,柯柯,31302,熟睡,36302,答案,41302,设计师,46302,阿建
1303,不单单是,6303,几份,11303,场外,16303,尼桑,21303,指示牌,26303,柯柯安,31303,熟睡中,36303,答疑,41303,设计者,46303,阿弟
1304,不卖,6304,几位,11304,场子,16304,尼泊尔,21304,指纹,26304,柯深,31304,熟知,36304,答谢,41304,访客,46304,阿弥陀佛
1305,不厌,6305,几何,11305,场所,16305,尼洋河,21305,指责,26305,柯纳,31305,熟练,36305,答谢会,41305,访暖,46305,阿彬
1306,不去,6306,几分,11306,场景,16306,尼特,21306,指路,26306,柯蓝,31306,熟透,36306,答辩,41306,访谈,46306,阿德
1307,不及,6307,几分钟,11307,场次,16307,尼玛,21307,按个,26307,柯震,31307,熟面孔,36307,答题,41307,访谈录,46307,阿忆
1308,不及格,6308,几包,11308,场面,16308,尼莫,21308,按摩,26308,柯鹏,31308,熟食,36308,策划,41308,访问,46308,阿志
1309,不发,6309,几十,11309,场馆,16309,尽享,21309,按摩师,26309,柱子,31309,熠中天,36309,策划人,41309,诀窍,46309,阿快
1310,不受,6310,几十万,11310,均匀,16310,尽人事听,21310,按斤,26310,柳丁,31310,熠熠,36310,策划师,41310,证书,46310,阿怒
1311,不可一世,6311,几十个,11311,均衡,16311,尽全力,21311,按烂,26311,柳剑,31311,熠熠生辉,36311,策划案,41311,证人,46311,阿怪
1312,不可不,6312,几十块,11312,坊间,16312,尽兴,21312,按钮,26312,柳华芳,31312,熨斗,36312,策展,41312,证件,46312,阿战
1313,不可告人,6313,几十年,11313,坍塌,16313,尽到,21313,按键,26313,柳小,31313,熬不住,36313,策略,41313,证件照,46313,阿拉
1314,不可思议,6314,几十次,11314,坎儿,16314,尽力,21314,挎子,26314,柳岩,31314,熬出来,36314,筛子,41314,证券,46314,阿拉丁
1315,不可收拾,6315,几千,11315,坎坷,16315,尽在不言中,21315,挑事,26315,柳州,31315,熬制,36315,筛选,41315,证实,46315,阿拉伯
1316,不可理喻,6316,几千万,11316,坏东西,16316,尽头,21316,挑出,26316,柳承哲,31316,熬夜,36316,筠子,41316,证据,46316,阿拉伯语
1317,不可避免,6317,几千块,11317,坏习惯,16317,尽孝,21317,挑出来,26317,柳时元,31317,熬汤,36317,筱古,41317,证明,46317,阿拉斯加
1318,不吃,6318,几千年,11318,坏事,16318,尽快恢复,21318,挑剔,26318,柳树,31318,熬粥,36318,筱囡,41318,证监会,46318,阿拉蕾
1319,不吃不喝,6319,几口,11319,坏人,16319,尽情,21319,挑战,26319,柳梢,31319,熬过,36319,筱禾,41319,评为,46319,阿拾
1320,不合,6320,几句,11320,坏坏,16320,尽收,21320,挑衅,26320,柳永,31320,熬过来,36320,筵席,41320,评书,46320,阿掖
1321,不合时宜,6321,几句话,11321,坏处,16321,尽收眼底,21321,挑起,26321,柳沟,31321,熹园,36321,筷子,41321,评价,46321,阿提
1322,不合理,6322,几只,11322,坏掉,16322,尽是,21322,挑选,26322,柳泉,31322,燃情,36322,筹划,41322,评估,46322,阿敏
1323,不吐,6323,几台,11323,坏死,16323,尽显,21323,挑食,26323,柳浪闻莺,31323,燃气,36323,筹办,41323,评出,46323,阿斌
1324,不吐槽,6324,几号,11324,坏消息,16324,尽毁,21324,挖出,26324,柳爷,31324,燃烧,36324,筹备,41324,评分,46324,阿斌哥
1325,不向,6325,几回,11325,坏淫,16325,尽职,21325,挖出来,26325,柳絮,31325,燃犀馆,36325,筹建,41325,评判,46325,阿斗
1326,不吝,6326,几圈,11326,坏笑,16326,尽职尽责,21326,挖坑,26326,柳芳,31326,燎原,36326,筹款,41326,评剧,46326,阿斯顿
1327,不吝赐教,6327,几场,11327,坏脾气,16327,尽请,21327,挖开,26327,柳莺,31327,燕云,36327,筹码,41327,评奖,46327,阿明
1328,不听使唤,6328,几块,11328,坏蛋,16328,尽责,21328,挖掘,26328,柳菁儿,31328,燕京,36328,筹集,41328,评委,46328,阿晕
1329,不听话,6329,几块钱,11329,坏话,16329,尽量减少,21329,挖掘机,26329,柳迦柔,31329,燕儿,36329,签个,41329,评委会,46329,阿曼
1330,不吸,6330,几声,11330,坐一,16330,尽量少,21330,挖泪,26330,柴京瑞,31330,燕公子,36330,签了,41330,评定,46330,阿木
1331,不周,6331,几处,11331,坐上,16331,尽量避免,21331,挚友,26331,柴利增,31331,燕园,36331,签儿,41331,评审,46331,阿木有
1332,不响,6332,几多,11332,坐上去,16332,尾号,21332,挚爱,26332,柴叔,31332,燕国,36332,签到,41332,评弹,46332,阿木木
1333,不哭,6333,几大,11333,坐下,16333,尾声,21333,挟持,26333,柴可夫斯基,31333,燕姐,36333,签到处,41333,评比,46333,阿杜
1334,不善,6334,几天,11334,坐不住,16334,尾巴,21334,挡不住,26334,柴家,31334,燕子,36334,签名,41334,评测,46334,阿来
1335,不喊,6335,几套,11335,坐不起,16335,尾数,21335,挡住,26335,柴油,31335,燕窝,36335,签名档,41335,评级,46335,阿杰
1336,不喜,6336,几家,11336,坐个,16336,尾气,21336,挡风玻璃,26336,柴火,31336,燕莎,36336,签名版,41336,评网,46336,阿松
1337,不回,6337,几小时,11337,坐享其成,16337,尾牙,21337,挣得,26337,柴烧,31337,燕语,36337,签售,41337,评论,46337,阿果
1338,不困,6338,几岁,11338,坐位,16338,尾随,21338,挣扎,26338,柴犬,31338,燕赵,36338,签售会,41338,评论员,46338,阿柳
1339,不在乎,6339,几幅,11339,坐便器,16339,尿不湿,21339,挣脱,26339,柴米油盐,31339,燕郊,36339,签字,41339,评论家,46339,阿标
1340,不在少数,6340,几年,11340,坐公车,16340,尿布,21340,挣钱,26340,柴静,31340,燕金成,36340,签完,41340,评评,46340,阿栋
1341,不在话下,6341,几张,11341,坐到,16341,尿急,21341,挤上去,26341,柿子,31341,燕青,36341,签收,41341,评评理,46341,阿根廷
1342,不均,6342,几手,11342,坐台,16342,尿液,21342,挤兑,26342,柿子树,31342,燕麦,36342,签注,41342,评语,46342,阿格拉
1343,不坏,6343,几批,11343,坐号线,16343,尿片,21343,挤出,26343,栀子,31343,燥热,36343,签签,41343,评说,46343,阿森
1344,不堪,6344,几把,11344,坐在,16344,尿酸,21344,挤出来,26344,栅栏,31344,爆个料,36344,签约,41344,评选,46344,阿森纳
1345,不堪回首,6345,几招,11345,坐地,16345,局势,21345,挤压,26345,标价,31345,爆仓,36345,签订,41345,评选活动,46345,阿楠
1346,不堪设想,6346,几斤,11346,坐地铁,16346,局味,21346,挤得,26346,标准,31346,爆光,36346,签证,41346,诅咒,46346,阿比
1347,不堵,6347,几日,11347,坐坐,16347,局地,21347,挤成,26347,标准化,31347,爆出,36347,签证费,41347,识别,46347,阿毛
1348,不堵车,6348,几晚,11348,坐姿,16348,局好,21348,挤挤,26348,标准答案,31348,爆发,36348,简介,41348,识字,46348,阿汗
1349,不备,6349,几月,11349,坐客,16349,局子,21349,挤掉,26349,标哥,31349,爆发力,36349,简体,41349,识破,46349,阿汤
1350,不多,6350,几期,11350,坐小,16350,局座,21350,挤死,26350,标志,31350,爆堵,36350,简体字,41350,识货,46350,阿汤哥
1351,不多见,6351,几本,11351,坐忘,16351,局气,21351,挤满,26351,标志性,31351,爆头,36351,简光洲,41351,诈尸,46351,阿波罗
1352,不够意思,6352,几本书,11352,坐拥,16352,局网,21352,挤眼,26352,标明,31352,爆好,36352,简化,41352,诈骗,46352,阿泪
1353,不大好,6353,几条,11353,坐月子,16353,局部,21353,挤破,26353,标本,31353,爆弱,36353,简化字,41353,诉求,46353,阿泪泪
1354,不天,6354,几杯,11354,坐标,16354,局长,21354,挤车,26354,标杆,31354,爆怒,36354,简单,41354,诉苦,46354,阿泰
1355,不太,6355,几枚,11355,坐满,16355,局限,21355,挤进,26355,标榜,31355,爆揍,36355,简单明了,41355,诉讼,46355,阿海
1356,不太会,6356,几枪,11356,坐火车,16356,局面,21356,挤进来,26356,标注,31356,爆撮,36356,简历,41356,诉说,46356,阿涛
1357,不太可能,6357,几样,11357,坐牢,16357,屁事,21357,挥手,26357,标点,31357,爆料,36357,简宁,41357,诊室,46357,阿涩
1358,不太好,6358,几根,11358,坐电梯,16358,屁屁,21358,挥汗如雨,26358,标点符号,31358,爆棚,36358,简明,41358,诊所,46358,阿溪
1359,不太能,6359,几次,11359,坐等,16359,屁民,21359,挥泪,26359,标的,31359,爆款,36359,简易,41359,诊断,46359,阿滋楠
1360,不太靠,6360,几款,11360,坐船,16360,屁滚尿流,21360,挥洒,26360,标签,31360,爆泪,36360,简格民,41360,诋毁,46360,阿滋猫
1361,不失,6361,几步,11361,坐落,16361,屁用,21361,挥舞,26361,标致,31361,爆浆,36361,简江,41361,词儿,46361,阿爱
1362,不好,6362,几段,11362,坐落于,16362,屁眼,21362,挥霍,26362,标记,31362,爆满,36362,简洁,41362,词典,46362,阿爱姆爱婆
1363,不好受,6363,几滴,11363,坐车,16363,屁股,21363,挨冻,26363,标识,31363,爆炒,36363,简爱,41363,词学,46363,阿爸
1364,不好惹,6364,几点,11364,坐车去,16364,屁话,21364,挨打,26364,标语,31364,爆炸,36364,简白,41364,词曲,46364,阿牛
1365,不好意思,6365,几片,11365,坐过,16365,屁颠,21365,挨揍,26365,标配,31365,爆炸性,36365,简白泡,41365,词汇,46365,阿狸
1366,不好玩,6366,几率,11366,坐错,16366,层出不穷,21366,挨饿,26366,标间,31366,爆点,36366,简称,41366,词穷,46366,阿猫阿狗
1367,不好过,6367,几瓶,11367,坐镇,16367,层层,21367,挨骂,26367,标题,31367,爆照,36367,简简单单,41367,词语,46367,阿玛尼
1368,不如意,6368,几百,11368,坐阵,16368,层楼,21368,挪到,26368,栈桥,31368,爆爱,36368,简红明,41368,译官,46368,阿琳
1369,不如说,6369,几百万,11369,坐飞机,16369,层次,21369,挪动,26369,栈道,31369,爆破,36369,简约,41369,译成,46369,阿瑞
1370,不妙,6370,几百个,11370,坐骑,16370,层次感,21370,挪威,26370,栋梁,31370,爆竹,36370,简陋,41370,译文,46370,阿甘
1371,不妥,6371,几百人,11371,坑主,16371,层皮,21371,挪移,26371,栏杆,31371,爆竹声,36371,简餐,41371,译林,46371,阿福
1372,不姓,6372,几百倍,11372,坑人,16372,层面,21372,挪车,26372,栏目,31372,爆笑,36372,算上,41372,译者,46372,阿福游
1373,不孕,6373,几百元,11373,坑坑,16373,居仕,21373,挫折,26373,栏目组,31373,爆米花,36373,算不上,41373,译言,46373,阿秀秀
1374,不孝,6374,几百公里,11374,坑爹,16374,居住,21374,振动,26374,树上,31374,爆粗,36374,算不算,41374,试一下,46374,阿童
1375,不学,6375,几百块,11375,块儿,16375,居住证,21375,振华,26375,树下,31375,爆红,36375,算个,41375,试一试,46375,阿童妹
1376,不安,6376,几百年,11376,块砖,16376,居冯,21376,振奋,26376,树叶,31376,爆缸,36376,算了,41376,试下,46376,阿童木
1377,不安分,6377,几百条,11377,块钱,16377,居善,21377,振奋人心,26377,树子,31377,爆肚,36377,算了吧,41377,试个,46377,阿米
1378,不定期,6378,几百米,11378,坚信,16378,居士,21378,振振有词,26378,树小窝,31378,爆表,36378,算了算,41378,试了试,46378,阿索
1379,不宜,6379,几盆,11379,坚固,16379,居多,21379,挹翠轩,26379,树干,31379,爆衰,36379,算你狠,41379,试卷,46379,阿罗
1380,不实,6380,几碗,11380,坚如磐石,16380,居委会,21380,挺不住,26380,树影,31380,爆裂,36380,算命,41380,试吃,46380,阿翔
1381,不客,6381,几种,11381,坚守,16381,居室,21381,挺不错,26381,树心,31381,爆鳝,36381,算啦,41381,试听,46381,阿联酋
1382,不害羞,6382,几秒,11382,坚守岗位,16382,居家,21382,挺住,26382,树挺,31382,爪子,36382,算数,41382,试图,46382,阿肆
1383,不容,6383,几秒钟,11383,坚定,16383,居心,21383,挺准,26383,树挺泪,31383,爪小爪,36383,算是,41383,试点,46383,阿肯
1384,不容乐观,6384,几站,11384,坚实,16384,居民,21384,挺哥,26384,树挺赞,31384,爬上去,36384,算术,41384,试用,46384,阿育
1385,不寒而栗,6385,几箱,11385,坚强,16385,居民收入,21385,挺大,26385,树挺酷,31385,爬上来,36385,算法,41385,试用装,46385,阿胶
1386,不对劲,6386,几篇,11386,坚持下去,16386,居酒,21386,挺好吃,26386,树木,31386,爬不起来,36386,算算,41386,试着,46386,阿芙
1387,不小,6387,几米,11387,坚持不懈,16387,居里,21387,挺好玩,26387,树林,31387,爬出来,36387,算计,41387,试睡,46387,阿芝
1388,不屑,6388,几级,11388,坚持到底,16388,居首,21388,挺帅,26388,树枝,31388,爬坡,36388,算账,41388,试穿,46388,阿花
1389,不屑一顾,6389,几组,11389,坚挺,16389,居高不下,21389,挺快,26389,树树,31389,爬墙,36389,算错,41389,试菜,46389,阿苏
1390,不差,6390,几许,11390,坚果,16390,屈伸,21390,挺拔,26390,树根,31390,爬山,36390,管不了,41390,试营业,46390,阿茂
1391,不帅,6391,几辆,11391,坚毅,16391,屈光,21391,挺棒,26391,树桩,31391,爬树,36391,管不住,41391,试试,46391,阿茂牛
1392,不带,6392,几辈子,11392,坚硬,16392,屈原,21392,挺爷,26392,树欲静而风不止,31392,爬梯,36392,管不着,41392,试试看,46392,阿范
1393,不帮,6393,几近,11393,坚韧,16393,屈天鹏,21393,挺进,26393,树洞,31393,爬楼梯,36393,管事,41393,试读,46393,阿茹
1394,不干,6394,几遍,11394,坛子,16394,屈才,21394,挽回,26394,树秋,31394,爬虫,36394,管住,41394,试过,46394,阿荣
1395,不平,6395,几道,11395,坝上,16395,屈斌,21395,挽救,26395,树立,31395,爬行,36395,管制,41395,试问,46395,阿莫西林
1396,不幸,6396,几道菜,11396,坟墓,16396,屈晨,21396,挽留,26396,树花,31396,爬起来,36396,管够,41396,试题,46396,阿莱克斯
1397,不应,6397,几部,11397,坠毁,16397,屈服,21397,捂着,26397,树袋熊,31397,爬高,36397,管好,41397,试驾,46397,阿菲
1398,不开,6398,几集,11398,坠落,16398,屈浩,21398,捂秋冻,26398,栖居,31398,爬龙,36398,管委会,41398,试验,46398,阿葜
1399,不弃,6399,几页,11399,坡坡,16399,屈臣氏,21399,捆绑,26399,栖息,31399,爱上,36399,管子,41399,诗人,46399,阿蒙
1400,不归路,6400,几项,11400,坤哥,16400,屈辱,21400,捉弄,26400,栖霞,31400,爱上你,36400,管它,41400,诗兴大发,46400,阿藤
1401,不当,6401,几颗,11401,坦克,16401,屋企,21401,捉急,26401,栗子,31401,爱上猫,36401,管家,41401,诗句,46401,阿虎
1402,不待,6402,几首,11402,坦坦,16402,屋内,21402,捉迷藏,26402,栗宝,31402,爱不爱,36402,管得,41402,诗哥,46402,阿蛮
1403,不得好死,6403,几首歌,11403,坦桑尼亚,16403,屋塔房,21403,捍卫,26403,栗栗,31403,爱不释,36403,管怒,41403,诗夏,46403,阿衰
1404,不忆,6404,凡事,11404,坦然,16404,屋外,21404,捎带,26404,校内,31404,爱不释手,36404,管控,41404,诗忆,46404,阿西
1405,不忍,6405,凡人,11405,坦率,16405,屋子,21405,捏死,26405,校区,31405,爱丽,36405,管新成,41405,诗情画意,46405,阿誉
1406,不忍心,6406,凡客,11406,坦白,16406,屋子里,21406,捏造,26406,校友,31406,爱丽丝,36406,管理,41406,诗意,46406,阿诗玛
1407,不忙,6407,凡尘,11407,坦荡,16407,屋小糟,21407,捐助,26407,校友会,31407,爱丽芬,36407,管理员,41407,诗文,46407,阿诺
1408,不快,6408,凡心,11408,坦诚,16408,屋根里,21408,捐款,26408,校园,31408,爱之家,36408,管理局,41408,诗歌,46408,阿贝
1409,不怎么样,6409,凡荻舍,11409,垂直,16409,屋檐下,21409,捐点,26409,校对,31409,爱之楼,36409,管理层,41409,诗然,46409,阿达
1410,不怒,6410,凡间,11410,垂钓,16410,屋漏,21410,捐献,26410,校尉,31410,爱之深,36410,管理者,41410,诗画,46410,阿迪
1411,不怕死,6411,凡高,11411,垃圾,16411,屋空静,21411,捐给,26411,校庆,31411,爱乐,36411,管理费,41411,诗社,46411,阿迪斯
1412,不急,6412,凤凰,11412,垃圾场,16412,屋脊,21412,捐赠,26412,校招,31412,爱人,36412,管用,41412,诗者,46412,阿迪达斯
1413,不怪,6413,凤凰卫视,11413,垃圾桶,16413,屋里,21413,捐钱,26413,校方,31413,爱仕,36413,管筝,41413,诗词,46413,阿那
1414,不息,6414,凤凰古城,11414,垃圾箱,16414,屋顶,21414,捕头,26414,校服,31414,爱佑,36414,管管,41414,诗诗,46414,阿都
1415,不悔,6415,凤凰岭,11415,垃圾袋,16415,屎尿,21415,捕快,26415,校花,31415,爱侣,36415,管虎,41415,诗语,46415,阿里
1416,不惊,6416,凤凰网,11416,垃圾车,16416,屏住,21416,捕手,26416,校车,31416,爱到,36416,管视,41416,诗达,46416,阿里山
1417,不惑,6417,凤姐,11417,垄断,16417,屏保,21417,捕捉,26417,校长,31417,爱动,36417,管道,41417,诗集,46417,阿里巴巴
1418,不惜,6418,凤梨,11418,型号,16418,屏幕,21418,捕捉到,26418,校门,31418,爱华,36418,管饭,41418,诗韵,46418,阿里郎
1419,不惜一切,6419,凤爪,11419,垡头,16419,屏幕显示,21419,捕杀,26419,株洲,31419,爱卿,36419,管饱,41419,诗风,46419,阿钟
1420,不惯,6420,凤眼,11420,垦丁,16420,屏蔽,21420,捕鱼,26420,样书,31420,爱去,36420,箱子,41420,诙谐,46420,阿铁
1421,不想,6421,凤舞,11421,垫子,16421,屏风,21421,捞出,26421,样儿,31421,爱及,36421,箴言,41421,诚信,46421,阿门
1422,不愁,6422,凤蝶,11422,垫底,16422,展会,21422,捞面,26422,样品,31422,爱吃鱼,36422,篇文章,41422,诚品,46422,阿雅
1423,不感兴趣,6423,凤鸣,11423,垫背,16423,展位,21423,捞饭,26423,样子,31423,爱吼,36423,篇章,41423,诚实,46423,阿霞
1424,不愧,6424,凭此,11424,垮塌,16424,展出,21424,损伤,26424,样式,31424,爱哭,36424,篝火,41424,诚征,46424,阿革
1425,不愧为,6425,凭海,11425,埃及,16425,展厅,21425,损友,26425,样怒,31425,爱哭鬼,36425,篡改,41425,诚心,46425,阿顺
1426,不愿,6426,凭着,11426,埃塞俄比亚,16426,展台,21426,损坏,26426,样本,31426,爱喜,36426,篮子,41426,诚恳,46426,阿飞
1427,不慎,6427,凭空,11427,埋单,16427,展品,21427,损失,26427,样板戏,31427,爱喝,36427,篮球,41427,诚意,46427,阿鱼
1428,不慢,6428,凯伦,11428,埋头,16428,展开,21428,损失惨重,26428,样板房,31428,爱因斯坦,36428,篮球队,41428,诚招,46428,阿麦
1429,不懂事,6429,凯南,11429,埋头苦干,16429,展映,21429,损害,26429,样板间,31429,爱国,36429,篱落,41429,诚挚,46429,阿鼻地狱
1430,不懈,6430,凯哥,11430,埋怨,16430,展望,21430,捡拾,26430,样样,31430,爱国主义,36430,簸箕,41430,诚诚,46430,阿龙
1431,不懈努力,6431,凯宾斯基,11431,埋汰,16431,展演,21431,捡起,26431,样片,31431,爱国心,36431,米克,41431,诚邀,46431,陀螺
1432,不戴,6432,凯德,11432,埋没,16432,展现,21432,捡起来,26432,样貌,31432,爱国者,36432,米兰,41432,话儿,46432,陀陀
1433,不扣,6433,凯恩斯,11433,埋藏,16433,展现出,21433,捡钱,26433,核实,31433,爱多,36433,米兰达,41433,话剧,46433,附上
1434,不折不扣,6434,凯悦,11434,城东,16434,展示,21434,换上,26434,核对,31434,爱奇,36434,米其林,41434,话剧票,46434,附件
1435,不捉,6435,凯撒,11435,城中,16435,展翅,21435,换个,26435,核弹,31435,爱奇艺,36435,米勒,41435,话梅,46435,附体
1436,不换,6436,凯文,11436,城中心,16436,展翅高飞,21436,换乘,26436,核弹头,31436,爱女,36436,米卡,41436,话泪,46436,附加
1437,不掉,6437,凯斯,11437,城乡,16437,展览,21437,换人,26437,核心,31437,爱好,36437,米国,41437,话筒,46437,附加条件
1438,不接,6438,凯旋,11438,城事,16438,展览会,21438,换位,26438,核心区,31438,爱好者,36438,米处,41438,话糙,46438,附图
1439,不提,6439,凯旋归来,11439,城会,16439,展览馆,21439,换作,26439,核查,31439,爱如,36439,米奇,41439,话语,46439,附带
1440,不播,6440,凯歌,11440,城区,16440,展销,21440,换到,26440,核桃,31440,爱妻,36440,米妮,41440,话语权,46440,附议
1441,不收,6441,凯特,11441,城南,16441,展馆,21441,换卡,26441,核桃仁,31441,爱婴,36441,米娜,41441,话说回来,46441,附赠
1442,不放,6442,凯瑟琳,11442,城堡,16442,属实,21442,换取,26442,核桃林,31442,爱子,36442,米子,41442,话费,46442,附身
1443,不放过,6443,凯纳,11443,城墙,16443,属性,21443,换台,26443,核潜艇,31443,爱宅,36443,米家,41443,话酷,46443,附送
1444,不教,6444,凯莎,11444,城外,16444,属狗,21444,换回,26444,核辐射,31444,爱宝,36444,米家思,41444,话音未落,46444,附院
1445,不敢当,6445,凯莱,11445,城市,16445,屠刀,21445,换季,26445,核雕,31445,爱宠,36445,米尔,41445,话题,46445,际遇
1446,不敢恭维,6446,凯蒂,11446,城市化,16446,屠夫,21446,换届,26446,根儿,31446,爱家,36446,米左右,41446,诞生,46446,陆三金
1447,不敢相信,6447,凯西,11447,城市形象,16447,屠宰,21447,换张,26447,根号,31447,爱寻,36447,米店,41447,诞辰,46447,陆亚明
1448,不敢苟同,6448,凯里,11448,城店,16448,屠宰场,21448,换成,26448,根基,31448,爱小纲,36448,米拉,41448,诠释,46448,陆伟
1449,不散,6449,凳子,11449,城爱,16449,屠杀,21449,换换,26449,根子,31449,爱尔兰,36449,米斯,41449,诡异,46449,陆兰婷
1450,不早,6450,凶悍,11450,城管,16450,屠梓羽,21450,换掉,26450,根据地,31450,爱尚,36450,米果,41450,诡计,46450,陆军
1451,不明,6451,凶手,11451,城西,16451,屡试不爽,21451,换来,26451,根本原因,31451,爱徒,36451,米格,41451,询价,46451,陆嘉友
1452,不明不白,6452,凶残,11452,城觅,16452,屯着,21452,换气,26452,根本就是,31452,爱得,36452,米歇尔,41452,询问,46452,陆地
1453,不明真相,6453,凶狠,11453,城觅君,16453,屯门,21453,换洗,26453,根本无法,31453,爱德,36453,米汤,41453,该不该,46453,陆坚
1454,不易,6454,凶猛,11454,城里,16454,山上,21454,换票,26454,根根,31454,爱德华,36454,米瑞蓉,41454,该书,46454,陆好
1455,不是故意,6455,凶险,11455,城镇化,16455,山下,21455,换种,26455,根源,31455,爱心,36455,米粉,41455,该会,46455,陆子
1456,不显,6456,凸显,11456,城际,16456,山丘,21456,换算,26456,根烟,31456,爱怜,36456,米粒,41456,该剧,46456,陆宏宇
1457,不晕,6457,凹凸,11457,域名,16457,山东,21457,换药,26457,根部,31457,爱恋,36457,米粒儿,41457,该国,46457,陆家
1458,不晚,6458,出不去,11458,培养,16458,山东人,21458,换衣服,26458,格儿,31458,爱恨,36458,米粥,41458,该店,46458,陆家嘴
1459,不景气,6459,出不来,11459,培善,16459,山东快书,21459,换车,26459,格力,31459,爱悦,36459,米糕,41459,该是,46459,陆小凤
1460,不暗,6460,出世,11460,培培,16460,山东省,21460,换钱,26460,格子,31460,爱情,36460,米线,41460,该来,46460,陆川
1461,不服,6461,出个,11461,培培兔,16461,山东航空公司,21461,捣乱,26461,格局,31461,爱情故事,36461,米老鼠,41461,该死,46461,陆弃
1462,不服气,6462,出个辉,11462,培根,16462,山中,21462,捣蛋,26462,格式,31462,爱情海,36462,米苏,41462,该片,46462,陆总
1463,不期而遇,6463,出乎,11463,培育,16463,山丹丹,21463,捣鼓,26463,格式化,31463,爱情片,36463,米虫,41463,详尽,46463,陆明
1464,不朽,6464,出乎意料,11464,培训,16464,山伯爵,21464,捧哏,26464,格拉,31464,爱情真,36464,米酒,41464,详情,46464,陆毅
1465,不杀,6465,出书,11465,培训师,16465,山前,21465,捧场,26465,格拉夫,31465,爱惜,36465,米长,41465,详情请,46465,陆洋
1466,不来,6466,出了名,11466,培训班,16466,山区,21466,捧杀,26466,格斗,31466,爱意,36466,米饭,41466,详细,46466,陆浑
1467,不次,6467,出了门,11467,培训部,16467,山南,21467,据点,26467,格林,31467,爱慕,36467,类人,41467,详细信息,46467,陆海
1468,不欢,6468,出事,11468,基佬,16468,山口,21468,据统计,26468,格格,31468,爱我吗,36468,类似,41468,详见,46468,陆源
1469,不正,6469,出产,11469,基友,16469,山右,21469,捶胸顿足,26469,格格不入,31469,爱戴,36469,类别,41469,详询,46469,陆琪
1470,不正经,6470,出人命,11470,基友们,16470,山后,21470,捷克,26470,格桑,31470,爱护,36470,类型,41470,诧异,46470,陆继忠
1471,不死,6471,出价,11471,基因,16471,山哥,21471,捷安特,26471,格桑花,31471,爱护动物,36471,类比,41471,语出惊人,46471,陆续
1472,不死心,6472,出任,11472,基地,16472,山国,21472,捷径,26472,格玛,31472,爱新觉罗,36472,类节目,41472,语录,46472,陆良
1473,不求,6473,出众,11473,基尼,16473,山地,21473,捷报,26473,格瓦拉,31473,爱是,36473,粉丝,41473,语心,46473,陆蓉
1474,不法,6474,出入,11474,基层,16474,山地车,21474,捷赛,26474,格罗夫,31474,爱普生,36474,粉丝团,41474,语感,46474,陆虎
1475,不泪,6475,出入口,11475,基德,16475,山坡,21475,捷达,26475,格莱美,31475,爱有,36475,粉丝汤,41475,语文,46475,陆贞
1476,不洗,6476,出入境,11476,基情,16476,山城,21476,捷运,26476,格蕾丝,31476,爱来,36476,粉丝网,41476,语文课,46476,陆路
1477,不活,6477,出关,11477,基数,16477,山大,21477,掀起,26477,格调,31477,爱死,36477,粉们,41477,语无伦次,46477,陆铭俊
1478,不济,6478,出具,11478,基本功,16478,山大泪,21478,授予,26478,格陵兰岛,31478,爱民,36478,粉儿,41478,语气,46478,陆陆续续
1479,不涨,6479,出击,11479,基督徒,16479,山头,21479,授权,26479,格隆,31479,爱河,36479,粉儿们,41479,语法,46479,陆雯
1480,不淡定,6480,出刊,11480,基础,16480,山姆,21480,授课,26480,格雷,31480,爱泪,36480,粉刷,41480,语泪,46480,陆风
1481,不清,6481,出前,11481,基站,16481,山子,21481,掉下去,26481,格非,31481,爱海,36481,粉刺,41481,语真,46481,陇南
1482,不火,6482,出力,11482,基调,16482,山客,21482,掉下来,26482,栽培,31482,爱游,36482,粉嘟嘟,41482,语言,46482,陇原
1483,不灵,6483,出动,11483,基金,16483,山寨,21483,掉价,26483,栾振锋,31483,爱游会,36483,粉嫩,41483,语言表达,46483,陈一
1484,不点,6484,出卖,11484,基金会,16484,山寺,21484,掉入,26484,栾春明,31484,爱潮,36484,粉寒,41484,语重心长,46484,陈一冰
1485,不烂,6485,出厂,11485,堂主,16485,山居,21485,掉头,26485,桀森桀,31485,爱爱,36485,粉寒易,41485,语音,46485,陈一多
1486,不烦,6486,出去玩,11486,堂会,16486,山山,21486,掉头发,26486,桂圆,31486,爱爱爱,36486,粉帅,41486,误事,46486,陈世卿
1487,不烧,6487,出发,11487,堂哥,16487,山岚,21487,掉泪,26487,桂圆肉,31487,爱爱畅,36487,粉底,41487,误以为,46487,陈业
1488,不熟,6488,出发点,11488,堂堂,16488,山峰,21488,掉色,26488,桂子,31488,爱特,36488,粉条,41488,误会,46488,陈东
1489,不爱,6489,出口,11489,堂姐,16489,山川,21489,掉落,26489,桂林,31489,爱特去,36489,粉碎,41489,误伤,46489,陈中
1490,不爱放,6490,出口处,11490,堂客,16490,山庄,21490,掉队,26490,桂林市,31490,爱犬,36490,粉笔,41490,误入,46490,陈丹
1491,不爱特,6491,出台,11491,堂而皇之,16491,山房,21491,掌上,26491,桂皮,31491,爱狗,36491,粉粉,41491,误区,46491,陈丹伶
1492,不爽,6492,出名,11492,堂花,16492,山打,21492,掌声,26492,桂花,31492,爱玛,36492,粉粉们,41492,误国,46492,陈乐
1493,不玩,6493,出品,11493,堂食,16493,山时,21493,掌心,26493,桂花香,31493,爱玩,36493,粉红,41493,误导,46493,陈乔恩
1494,不理,6494,出品人,11494,堆儿,16494,山村,21494,掌控,26494,桂鱼,31494,爱琴海,36494,粉红色,41494,误打误撞,46494,陈九霖
1495,不甜,6495,出售,11495,堆满,16495,山林,21495,掌柜,26495,桃之夭夭,31495,爱瑶,36495,粉色,41495,误机,46495,陈云
1496,不生,6496,出团,11496,堆积,16496,山核桃,21496,掌柜的,26496,桃儿,31496,爱用,36496,粉面,41496,误杀,46496,陈亮
1497,不用,6497,出国,11497,堆里,16497,山梅,21497,掌趣,26497,桃园,31497,爱看,36497,粉饼,41497,误解,46497,陈伟
1498,不用说,6498,出国游,11498,堆雪人,16498,山楂,21498,掌门,26498,桃夭,31498,爱着,36498,粒儿,41498,误认为,46498,陈伟赞
1499,不用谢,6499,出场,11499,堕胎,16499,山歌,21499,掌门人,26499,桃子,31499,爱知,36499,粒子,41499,误读,46499,陈佳
1500,不由,6500,出场费,11500,堕落,16500,山民,21500,掏出,26500,桃小,31500,爱知县,36500,粒粒,41500,诱人,46500,陈佳颖
1501,不由自主,6501,出境,11501,堡主,16501,山水,21501,掏空,26501,桃心,31501,爱神,36501,粗去,41501,诱导,46501,陈俊
1502,不畅,6502,出境游,11502,堪忧,16502,山水画,21502,掏钱,26502,桃李,31502,爱立信,36502,粗发,41502,诱惑,46502,陈俊杰
1503,不畏,6503,出声,11503,堪比,16503,山沟沟,21503,掐指一算,26503,桃树,31503,爱笑,36503,粗口,41503,诱惑力,46503,陈俐
1504,不留,6504,出处,11504,堪称,16504,山河,21504,掐死,26504,桃格尼尼,31504,爱米丽,36504,粗壮,41504,诱饵,46504,陈俐君
1505,不疼,6505,出外,11505,堵住,16505,山泉,21505,排上,26505,桃桃,31505,爱维龙,36505,粗大,41505,说不上,46505,陈俪
1506,不痛,6506,出头,11506,堵城,16506,山泽,21506,排出,26506,桃源,31506,爱网,36506,粗心,41506,说不出,46506,陈俪群
1507,不白,6507,出奇,11507,堵堵,16507,山洪,21507,排列,26507,桃瑞丝,31507,爱美,36507,粗暴,41507,说不出来,46507,陈倩
1508,不相离,6508,出嫁,11508,堵塞,16508,山海,21508,排到,26508,桃符,31508,爱美丽,36508,粗来,41508,说不完,46508,陈倩冰
1509,不看,6509,出家,11509,堵得,16509,山清水秀,21509,排号,26509,桃红,31509,爱茶,36509,粗犷,41509,说不定,46509,陈儿
1510,不眠,6510,出局,11510,堵心,16510,山火,21510,排名,26510,桃花,31510,爱莉诺,36510,粗现,41510,说不清,46510,陈先生
1511,不眠夜,6511,出山,11511,堵怒,16511,山猫,21511,排名第,26511,桃花岛,31511,爱莫能助,36511,粗略,41511,说不清楚,46511,陈克逸
1512,不着,6512,出差,11512,堵成,16512,山王,21512,排场,26512,桃花开,31512,爱要,36512,粗粗,41512,说个,46512,陈兴禄
1513,不着边际,6513,出师,11513,堵死,16513,山珍,21513,排山倒海,26513,桃花源,31513,爱记,36513,粗粮,41513,说书,46513,陈冠丹
1514,不知,6514,出席,11514,堵泪,16514,山珍海味,21514,排序,26514,桃花运,31514,爱豆,36514,粗糙,41514,说了算,46514,陈冠希
1515,不知去向,6515,出彩,11515,堵衰,16515,山田,21515,排得,26515,桃达旺,31515,爱贝爷,36515,粗线,41515,说事,46515,陈冰
1516,不知天高地厚,6516,出征,11516,堵车,16516,山石,21516,排排坐,26516,桃酥,31516,爱赖楚,36516,粗线条,41516,说些,46516,陈凯
1517,不知情,6517,出得,11517,塌陷,16517,山神,21517,排放,26517,桅杆,31517,爱车,36517,粗茶淡饭,41517,说人话,46517,陈凯歌
1518,不知所措,6518,出息,11518,塌鼻,16518,山竹,21518,排斥,26518,框架,31518,爱过,36518,粗话,41518,说出,46518,陈列
1519,不知真假,6519,出手,11519,塑像,16519,山羊,21519,排毒,26519,案件,31519,爱里,36519,粗面,41519,说别,46519,陈刚
1520,不破,6520,出新,11520,塑化剂,16520,山脉,21520,排水,26520,案例,31520,爱重,36520,粗鲁,41520,说句,46520,陈利人
1521,不确定性,6521,出柜,11521,塑料,16521,山脚,21521,排污费,26521,案内,31521,爱闹,36521,粘土,41521,说句实话,46521,陈剑
1522,不禁,6522,出气,11522,塑料袋,16522,山脚下,21522,排满,26522,案发,31522,爱雪,36522,粘着,41522,说句话,46522,陈力
1523,不离,6523,出水,11523,塑胶,16523,山腰,21523,排版,26523,案子,31523,爱非,36523,粘糕,41523,说唱,46523,陈劲松
1524,不称职,6524,出汗,11524,塑造,16524,山艺,21524,排球,26524,案怒,31524,爱风,36524,粤东,41524,说声,46524,陈勇
1525,不符,6525,出没,11525,塔儿,16525,山芋,21525,排着,26525,案情,31525,爱马,36525,粤式,41525,说好,46525,陈华
1526,不算,6526,出海,11526,塔台,16526,山花,21526,排练,26526,桌上,31526,爱马仕,36526,粤江,41526,说学逗唱,46526,陈卓微
1527,不算什么,6527,出港,11527,塔塔,16527,山茶花,21527,排行,26527,桌子,31527,爱鱼,36527,粤莹,41527,说完,46527,陈博
1528,不管不顾,6528,出游,11528,塔娜,16528,山药,21528,排行榜,26528,桌布,31528,爵士,36528,粤菜,41528,说定了,46528,陈印泉
1529,不管怎么,6529,出演,11529,塔斯,16529,山药蛋,21529,排长队,26529,桌椅,31529,爵士乐,36529,粤语,41529,说实话,46529,陈友
1530,不粘锅,6530,出炉,11530,塔斯马尼亚,16530,山虎,21530,排队,26530,桌游,31530,爵士乐队,36530,粪便,41530,说得好,46530,陈可
1531,不系,6531,出点,11531,塔米,16531,山西,21531,排除,26531,桌球,31531,父之过,36531,粪土,41531,说得对,46531,陈向阳
1532,不素,6532,出片,11532,塔读,16532,山西人,21532,排骨,26532,桌画,31532,父亲,36532,粮粉,41532,说成,46532,陈君朗
1533,不累,6533,出版,11533,塔里木,16533,山西旅游,21533,排骨汤,26533,桌限用,31533,父亲节,36533,粮食,41533,说教,46533,陈善宝
1534,不红,6534,出版商,11534,塔顶,16534,山西队,21534,掠夺,26534,桌面,31534,父女,36534,粲然,41534,说明书,46534,陈嘉君
1535,不练,6535,出版社,11535,塘沽,16535,山谷,21535,掠影,26535,桌面上,31535,父女俩,36535,粼粼,41535,说服,46535,陈在
1536,不给力,6536,出狱,11536,塞住,16536,山货,21536,掠过,26536,桐华,31536,父子,36536,粽子,41536,说梦话,46536,陈圳
1537,不绝,6537,出生,11537,塞外,16537,山路,21537,探亲,26537,桐庐,31537,父母,36537,粽是,41537,说法,46537,陈坤
1538,不缺,6538,出示,11538,塞满,16538,山里,21538,探员,26538,桐木,31538,父母官,36538,精典,41538,说泪,46538,陈坤怒
1539,不羁,6539,出票,11539,塞牙缝,16539,山里人,21539,探寻,26539,桐桐,31539,父爱,36539,精准,41539,说点,46539,陈坤泪
1540,不美,6540,出租,11540,塞班,16540,山重,21540,探店,26540,桐粉,31540,父老乡亲,36540,精制,41540,说理,46540,陈士
1541,不翻,6541,出租车,11541,塞班岛,16541,山野,21541,探戈,26541,桐语,31541,父辈,36541,精力,41541,说用,46541,陈士浩
1542,不翼而飞,6542,出站,11542,塞纳河,16542,山间,21542,探望,26542,桑不起,31542,爷们,36542,精力充沛,41542,说白了,46542,陈大
1543,不老,6543,出纳,11543,塞维利亚,16543,山阳,21543,探班,26543,桑塔纳,31543,爷们儿,36543,精力旺盛,41543,说真的,46543,陈大钢
1544,不考,6544,出线,11544,塞罕坝,16544,山顶,21544,探秘,26544,桑巴,31544,爷俩,36544,精华,41544,说瞎话,46544,陈奕迅
1545,不耐烦,6545,出翔,11545,塞翁失马,16545,山风,21545,探究,26545,桑心,31545,爷儿,36545,精品,41545,说神,46545,陈好
1546,不聊,6546,出自,11546,塞舌尔,16546,山鹰,21546,探索,26546,桑心泪,31546,爷爷,36546,精妙,41546,说行,46546,陈妍
1547,不肯,6547,出色,11547,塞车,16547,屹立,21547,探索之旅,26547,桑感,31547,爷爷奶奶,36547,精子,41547,说衰,46547,陈姝匀
1548,不育,6548,出血,11548,塞进,16548,岁岁年年,21548,探视,26548,桑拿,31548,爸妈,36548,精巧,41548,说话,46548,陈婧
1549,不胖,6549,出行,11549,塞进去,16549,岁数,21549,探讨,26549,桑拿天,31549,爸比,36549,精彩,41549,说话算数,46549,陈婷
1550,不胜感激,6550,出街,11550,塞饱,16550,岁月,21550,探访,26550,桑桑,31550,爸爸,36550,精彩内容,41550,说说话,46550,陈嫣婧
1551,不能不要,6551,出警,11551,填写,16551,岁月不饶人,21551,探路,26551,桑椹,31551,爸爸妈妈,36551,精彩剧照,41551,说谎,46551,陈子
1552,不能平静,6552,出访,11552,填满,16552,岁月流逝,21552,探路者,26552,桑泪,31552,爹地,36552,精彩演出,41552,说走就走,46552,陈子善
1553,不能自己,6553,出货,11553,填表,16553,岁末,21553,探险,26553,桑田,31553,爹妈,36553,精彩电影,41553,说起,46553,陈宇
1554,不能自已,6554,出走,11554,填词,16554,岂敢,21554,接一,26554,桑落,31554,爹娘,36554,精彩纷呈,41554,说道,46554,陈定方
1555,不能自拔,6555,出路,11555,填饱,16555,岂料,21555,接上,26555,桑葚,31555,爹泪,36555,精彩绝伦,41555,说错,46555,陈宝
1556,不腻,6556,出身,11556,境内,16556,岂有此理,21556,接下,26556,桔子,31556,爹爹,36556,精彩节目,41556,请举手,46556,陈宝存
1557,不舍,6557,出车祸,11557,境外,16557,岂能,21557,接下去,26557,桔猪,31557,爽儿,36557,精彩表演,41557,请于,46557,陈宝成
1558,不良,6558,出轨,11558,境界,16558,岐山,21558,接个,26558,桢理,31558,爽口,36558,精彩视频,41558,请假,46558,陈家
1559,不艾特,6559,出过,11559,境遇,16559,岐阜,21559,接二连三,26559,档口,31559,爽子,36559,精彩音乐,41559,请别,46559,陈家沟
1560,不菲,6560,出远门,11560,墓地,16560,岐阜县,21560,接人,26560,档子,31560,爽字,36560,精心,41560,请到,46560,陈寅
1561,不萌,6561,出逃,11561,墙上,16561,岑红,21561,接任,26561,档期,31561,爽快,36561,精心制作,41561,请原谅,46561,陈寒柏
1562,不落,6562,出钱,11562,墙壁,16562,岔气,21562,接入,26562,档案,31562,爽朗,36562,精心策划,41562,请吃,46562,陈导
1563,不虚此行,6563,出锅,11563,墙头,16563,岔路,21563,接到,26563,档案馆,31563,爽歪歪,36563,精忠,41563,请多关照,46563,陈小
1564,不行,6564,出错,11564,墙根,16564,岗位,21564,接力,26564,档次,31564,爽死,36564,精挑细选,41564,请安,46564,陈小姐
1565,不衰,6565,出镜,11565,墙纸,16565,岘港,21565,接单,26565,桥下,31565,爽滑,36565,精明,41565,请客,46565,陈小怪
1566,不装,6566,出门,11566,墙裂,16566,岚姐家,21566,接受,26566,桥北,31566,爽爷,36566,精气神,41566,请客吃饭,46566,陈小懒
1567,不要命,6567,出门儿,11567,墙角,16567,岚山,21567,接口,26567,桥南,31567,爽爽,36567,精油,41567,请带,46567,陈小春
1568,不要紧,6568,出门在外,11568,墙面,16568,岚杰,21568,接听,26568,桥头,31568,爽米,36568,精湛,41568,请戴,46568,陈小翔
1569,不要脸,6569,出门时,11569,增值,16569,岛上,21569,接吻,26569,桥头堡,31569,爽约,36569,精灵,41569,请拨,46569,陈小莉
1570,不见,6570,出院,11570,增值税,16570,岛主,21570,接地,26570,桥店,31570,爽脆,36570,精猪,41570,请教,46570,陈少强
1571,不见不散,6571,出面,11571,增光,16571,岛国,21571,接天,26571,桥梁,31571,片中,36571,精病,41571,请来,46571,陈少琪
1572,不见得,6572,出题,11572,增减,16572,岛屿,21572,接头,26572,桥段,31572,片儿,36572,精益求精,41572,请柬,46572,陈展辉
1573,不觉,6573,出马,11573,增加,16573,岛根县,21573,接客,26573,桥西,31573,片刻,36573,精确,41573,请求,46573,陈岚
1574,不解,6574,击中,11574,增大,16574,岛毅,21574,接待,26574,梁丽通,31574,片名,36574,精神,41574,请点,46574,陈岚次
1575,不言,6575,击倒,11575,增幅,16575,岛泪,21575,接待工作,26575,梁佩红,31575,片场,36575,精神分裂,41575,请问,46575,陈岳
1576,不计,6576,击剑,11576,增强,16576,岛石,21576,接手,26576,梁先生,31576,片头,36576,精神可嘉,41576,诸事,46576,陈州
1577,不认,6577,击毙,11577,增添,16577,岛系,21577,接招,26577,梁克刚,31577,片子,36577,精神抖擞,41577,诸君,46577,陈帆
1578,不让,6578,击溃,11578,增肥,16578,岩岩,21578,接收,26578,梁冬,31578,片尾,36578,精神文明,41578,诸多,46578,陈希同
1579,不讲理,6579,击落,11579,增至,16579,岩石,21579,接替,26579,梁凯,31579,片尾曲,36579,精神状态,41579,诸天,46579,陈庆
1580,不许,6580,击败,11580,增色,16580,岩茶,21580,接机,26580,梁博,31580,片段,36580,精神病,41580,诸如此类,46580,陈庆鹏
1581,不许动,6581,函数,11581,增设,16581,岩语,21581,接活,26581,梁启超,31581,片片,36581,精神病人,41581,诸神,46581,陈廖宇
1582,不论如何,6582,刀具,11582,增辉,16582,岭南,21582,接班,26582,梁咏琪,31582,片甲不留,36582,精神病院,41582,诸葛,46582,陈建斌
1583,不论是,6583,刀刀,11583,增进,16583,岭南文化,21583,接班人,26583,梁大,31583,片花,36583,精细,41583,诸葛亮,46583,陈建鸿
1584,不设,6584,刀削面,11584,增长,16584,岱山,21584,接电话,26584,梁媛,31584,片酬,36584,精美,41584,诺亚,46584,陈弋弋
1585,不评,6585,刀割,11585,增长率,16585,岱岳,21585,接纳,26585,梁子,31585,片面,36585,精肉,41585,诺亚方舟,46585,陈弓
1586,不识,6586,刀功,11586,增香,16586,岳丽娜,21586,接见,26586,梁子庚,31586,版主,36586,精致,41586,诺基亚,46586,陈强
1587,不识货,6587,刀口,11587,墨人,16587,岳云鹏,21587,接触,26587,梁宇,31587,版图,36587,精舍,41587,诺娃,46587,陈彤
1588,不该,6588,刀哥,11588,墨墨,16588,岳南,21588,接财神,26588,梁家,31588,版块,36588,精良,41588,诺富特,46588,陈志强
1589,不详,6589,刀圣,11589,墨宝,16589,岳国峰,21589,接轨,26589,梁家辉,31589,版好,36589,精英,41589,诺小娜,46589,陈志朋
1590,不语,6590,刀子嘴,11590,墨尔本,16590,岳培业,21590,接过,26590,梁小博,31590,版小,36590,精英赛,41590,诺小爷,46590,陈志武
1591,不说,6591,刀客,11591,墨斗,16591,岳山,21591,接近,26591,梁小胆儿,31591,版式,36591,精装,41591,诺然,46591,陈志龙
1592,不读,6592,刀工,11592,墨水,16592,岳敏君,21592,接连,26592,梁小铭,31592,版本,36592,精辟,41592,诺言,46592,陈思元
1593,不谈,6593,刀片,11593,墨脱,16593,岳母,21593,接送,26593,梁小音,31593,版权,36593,精选,41593,诺诺,46593,陈思成
1594,不谋而合,6594,刀豆,11594,墨西哥,16594,岳父,21594,接通,26594,梁山,31594,版滴,36594,精选集,41594,诺贝尔,46594,陈怡杉
1595,不谢,6595,刀锋,11595,墨迹,16595,岳芳,21595,接风,26595,梁平,31595,版画,36595,精通,41595,诺贝尔奖,46595,陈总
1596,不象,6596,刀鱼,11596,墨邻阁,16596,岳西,21596,接龙,26596,梁延利,31596,版税,36596,精霍树,41596,诺贝尔文学奖,46596,陈戈
1597,不负,6597,刁民,11597,墨镜,16597,岳阳市,21597,控们,26597,梁思成,31597,版纳,36597,精髓,41597,诺达,46597,陈扬
1598,不负众望,6598,刁蛮,11598,墨香,16598,岳飞,21598,控制,26598,梁文逸,31598,版面,36598,糊塌子,41598,读个,46598,陈敏
1599,不负责任,6599,刁钻,11599,墨鱼,16599,岳鹏,21599,控制不了,26599,梁文道,31599,牌儿,36599,糊弄,41599,读书,46599,陈敏之
1600,不败,6600,刁难,11600,墩子,16600,岷山,21600,控告,26600,梁昌旺,31600,牌子,36600,糊涂,41600,读书人,46600,陈敢
1601,不贵,6601,分不开,11601,墩布,16601,岸上,21601,控小,26601,梁晟源,31601,牌照,36601,糊涂蛋,41601,读书会,46601,陈数
1602,不赖,6602,分不清,11602,壁画,16602,岸康,21602,控有,26602,梁晨,31602,牙买加,36602,糊涂账,41602,读出,46602,陈文
1603,不起眼,6603,分不清楚,11603,壁纸,16603,岸边,21603,控油,26603,梁曦文,31603,牙刷,36603,糊糊,41603,读博,46603,陈文令
1604,不足为奇,6604,分为,11604,壁虎,16604,岿然不动,21604,控泪,26604,梁朝伟,31604,牙医,36604,糊里糊涂,41604,读后感,46604,陈文伍
1605,不足以,6605,分享,11605,士兵,16605,峡谷,21605,控烟,26605,梁树,31605,牙叔,36605,糍粑,41605,读完,46605,陈文彪
1606,不转,6606,分众,11606,士力架,16606,峥仔,21606,控爱,26606,梁梁,31606,牙口,36606,糕点,41606,读客,46606,陈旧
1607,不轻,6607,分众传媒,11607,士多啤梨,16607,峥峥,21607,控股,26607,梁熠,31607,牙好,36607,糖分,41607,读库,46607,陈旭
1608,不输,6608,分会,11608,士林,16608,峥嵘,21608,控要,26608,梁爽,31608,牙子,36608,糖哥,41608,读懂,46608,陈昊芝
1609,不辣,6609,分公司,11609,士气,16609,峥嵘岁月,21609,控诉,26609,梁献,31609,牙尖,36609,糖奇玛朵,41609,读报,46609,陈明远
1610,不过关,6610,分出,11610,壬子,16610,峨山,21610,控韩立,26610,梁琪,31610,牙床,36610,糖宝,41610,读易,46610,陈星
1611,不过如此,6611,分分,11611,壮丽,16611,峨嵋,21611,推一,26611,梁璐,31611,牙牙,36611,糖尿病,41611,读本,46611,陈映
1612,不进,6612,分叉,11612,壮举,16612,峨眉山,21612,推介,26612,梁璐末,31612,牙疼,36612,糖果,41612,读物,46612,陈春生
1613,不远,6613,分发,11613,壮哉,16613,峭壁,21613,推介会,26613,梁砚,31613,牙痛,36613,糖果店,41613,读研,46613,陈晓
1614,不远万里,6614,分外,11614,壮士,16614,峰会,21614,推倒,26614,梁禹,31614,牙签,36614,糖水,41614,读纪,46614,陈晓东
1615,不远处,6615,分外妖娆,11615,壮壮,16615,峰哥,21615,推出,26615,梁纯,31615,牙缝,36615,糖泪,41615,读者,46615,陈晓卿
1616,不退,6616,分子,11616,壮壮妈,16616,峰回路转,21616,推动,26616,梁羽生,31616,牙缝里,36616,糖浆,41616,读诗,46616,陈晓峰
1617,不送,6617,分家,11617,壮大,16617,峰峰,21617,推动者,26617,梁艺,31617,牙膏,36617,糖糖,41617,读读,46617,陈晓影
1618,不适,6618,分局,11618,壮汉,16618,峰林,21618,推卸责任,26618,梁艺馨,31618,牙齿,36618,糖芋,41618,读过,46618,陈晓晖
1619,不选,6619,分工,11619,壮游,16619,崂山,21619,推后,26619,梁芒,31619,牙龈,36619,糖葫芦,41619,读错,46619,陈晓晨
1620,不通,6620,分布,11620,壮烈,16620,崇安,21620,推崇,26620,梁蓓,31620,牛事大,36620,糖蒜,41620,读音,46620,陈晓聪
1621,不遇,6621,分店,11621,壮胆,16621,崇尚,21621,推广,26621,梁言,31621,牛二,36621,糖衣,41621,诽谤,46621,陈晓阳
1622,不道德,6622,分开,11622,壮观,16622,崇拜,21622,推广部,26622,梁誉腾,31622,牛人,36622,糖豆,41622,课上,46622,陈晔
1623,不配,6623,分得清,11623,壮阔,16623,崇敬,21623,推开,26623,梁锦松,31623,牛仔,36623,糖醋,41623,课后,46623,陈晗
1624,不醉,6624,分心,11624,声乐,16624,崇文,21624,推手,26624,梁静,31624,牛仔裤,36624,糖醋排骨,41624,课堂,46624,陈晨
1625,不醒,6625,分成,11625,声儿,16625,崇文区,21625,推拿,26625,梁静晶,31625,牛儿,36625,糖霜,41625,课文,46625,陈智
1626,不重,6626,分手,11626,声动,16626,崇文门,21626,推掉,26626,梁静茹,31626,牛刀,36626,糖饼,41626,课本,46626,陈曦
1627,不锈钢,6627,分担,11627,声响,16627,崇明,21627,推推,26627,梅兰芳,31627,牛力,36627,糜烂,41627,课桌,46627,陈有
1628,不错,6628,分散,11628,声嘶力竭,16628,崇武,21628,推撞,26628,梅华俊,31628,牛叉,36628,糟心,41628,课泪,46628,陈村
1629,不错呀,6629,分数,11629,声声,16629,崇礼,21629,推测,26629,梅华周,31629,牛哥,36629,糟糕,41629,课程,46629,陈杰
1630,不长,6630,分明,11630,声带,16630,崇祯,21630,推特,26630,梅国云,31630,牛场,36630,糟老头子,41630,课表,46630,陈果
1631,不间断,6631,分期付款,11631,声张,16631,崇记,21631,推理,26631,梅地亚,31631,牛大,36631,糟践,41631,课间,46631,陈柏龙
1632,不除,6632,分析,11632,声息,16632,崇贤馆,21632,推着,26632,梅姐,31632,牛头,36632,糟蹋,41632,课间休息,46632,陈树桐
1633,不难,6633,分析师,11633,声援,16633,崇高,21633,推翻,26633,梅子,31633,牛奶,36633,糨糊,41633,课题,46633,陈楚生
1634,不雨,6634,分校,11634,声明,16634,崔佳,21634,推荐,26634,梅峰,31634,牛好,36634,糯米,41634,谁他妈,46634,陈欢
1635,不需,6635,分泌,11635,声泪,16635,崔健,21635,推荐人,26635,梅州,31635,牛妈,36635,糯米饭,41635,谁家,46635,陈欧
1636,不露,6636,分泪,11636,声泪俱下,16636,崔凯,21636,推论,26636,梅干,31636,牛娃卜,36636,系主任,41636,谁来管,46636,陈武涛
1637,不靠,6637,分流,11637,声称,16637,崔向,21637,推车,26637,梅朵,31637,牛子,36637,系列,41637,谁的车,46637,陈永东
1638,不顺,6638,分界,11638,声色,16638,崔哥,21638,推进,26638,梅梅,31638,牛家,36638,系列讲座,41638,谁给了,46638,陈治锟
1639,不顺心,6639,分社,11639,声讨,16639,崔喜,21639,推迟,26639,梅派,31639,牛小排,36639,系数,41639,谁给我,46639,陈洁
1640,不顾,6640,分离,11640,声音,16640,崔始源,21640,推送,26640,梅玺,31640,牛少,36640,系统,41640,谁能给,46640,陈洋
1641,不顾一切,6641,分秒,11641,壳儿,16641,崔小,21641,推选,26641,梅艳芳,31641,牛尾,36641,紊乱,41641,谁谁谁,46641,陈派
1642,不食,6642,分管,11642,壳子,16642,崔小凯,21642,推销,26642,梅花,31642,牛屋,36642,素云,41642,调价,46642,陈浩
1643,不饱和,6643,分类,11643,壹元,16643,崔小平,21643,掩埋,26643,梅花山,31643,牛带,36643,素人,41643,调休,46643,陈海宁
1644,不饿,6644,分级,11644,壹号,16644,崔岫闻,21644,掩护,26644,梅花鹿,31644,牛怒,36644,素养,41644,调侃,46644,陈涛
1645,不香,6645,分组,11645,壹周,16645,崔岳晶,21645,掩映,26645,梅菜,31645,牛成志,36645,素年,41645,调养,46645,陈清洲
1646,不骗你,6646,分给,11646,壹生,16646,崔建会,21646,掩盖,26646,梅西,31646,牛扒,36646,素心,41646,调到,46646,陈源
1647,不高,6647,分裂,11647,壹荷,16647,崔成,21647,掩耳盗铃,26647,梅赛德斯,31647,牛排,36647,素描,41647,调制,46647,陈漫
1648,不鸟,6648,分解,11648,处事,16648,崔成浩怒,21648,掩面,26648,梅边,31648,牛是,36648,素有,41648,调动,46648,陈炜
1649,不齐,6649,分贝,11649,处于,16649,崔捷,21649,掩饰,26649,梅里,31649,牛晕,36649,素朴,41649,调味,46649,陈烟
1650,不齿,6650,分身,11650,处以,16650,崔新琴,21650,措手不及,26650,梅里雪山,31650,牛有,36650,素材,41650,调味品,46650,陈烨
1651,与世隔绝,6651,分辨,11651,处境,16651,崔昊,21651,措施,26651,梅雨,31651,牛杂,36651,素盏,41651,调味料,46651,陈烨萌
1652,与众不同,6652,分配,11652,处女,16652,崔春婷,21652,掰开,26652,梅雨季节,31652,牛柳,36652,素直,41652,调头,46652,陈熹
1653,与你同在,6653,分量,11653,处女作,16653,崔永,21653,掰掰,26653,梅香来,31653,牛栏,36653,素笺,41653,调子,46653,陈燕
1654,与子偕老,6654,分钟,11654,处女座,16654,崔永元,21654,掷地有声,26654,梓涵,31654,牛栏山,36654,素素,41654,调情,46654,陈玉歌
1655,与我无关,6655,分钱,11655,处死,16655,崔治中,21655,掺和,26655,梓瞳,31655,牛棚,36655,素菜,41655,调戏,46655,陈玉霞
1656,与日俱增,6656,分销,11656,处理器,16656,崔涛,21656,描写,26656,梦中,31656,牛气,36656,素菜馆,41656,调成,46656,陈玮
1657,与时俱进,6657,分隔,11657,处理结果,16657,崔玉,21657,描坤,26657,梦中人,31657,牛河,36657,素贞,41657,调换,46657,陈玺
1658,与生俱来,6658,切克,11658,处罚,16658,崔畅,21658,描绘,26658,梦之声,31658,牛油,36658,素质,41658,调控,46658,陈琳
1659,与非,6659,切割,11659,处置,16659,崔程,21659,描述,26659,梦乡,31659,牛油果,36659,素面,41659,调教,46659,陈瑛子
1660,与非门,6660,切块,11660,备份,16660,崔立,21660,提上,26660,梦到,31660,牛泪,36660,素颜,41660,调整,46660,陈瑜
1661,丐帮,6661,切尔西,11661,备受,16661,崔自默,21661,提不起,26661,梦呓,31661,牛津,36661,素食,41661,调料,46661,陈瑞
1662,丑丑,6662,切开,11662,备品,16662,崛起,21662,提个,26662,梦回,31662,牛爸,36662,素食主义者,41662,调查,46662,陈畅
1663,丑女,6663,切忌,11663,备好,16663,崩塌,21663,提个醒,26663,梦境,31663,牛牛,36663,索南,41663,调查组,46663,陈皮
1664,丑小鸭,6664,切成,11664,备战,16664,崩密列,21664,提了,26664,梦天,31664,牛皮,36664,索取,41664,调查结果,46664,陈真
1665,丑恶,6665,切换,11665,备案,16665,崩溃,21665,提交,26665,梦寐以求,31665,牛皮癣,36665,索契,41665,调爱,46665,陈睿祺
1666,丑泪,6666,切掉,11666,备注,16666,崩盘,21666,提价,26666,梦寻,31666,牛秀元,36666,索尼,41666,调理,46666,陈石
1667,丑牛,6667,切片,11667,备用,16667,崭新,21667,提供,26667,梦小仙,31667,牛筋,36667,索性,41667,调皮,46667,陈砺志
1668,丑角,6668,切磋,11668,备胎,16668,崽儿,21668,提倡,26668,梦小加,31668,牛粪,36668,索然,41668,调研,46668,陈硕
1669,丑闻,6669,切糕,11669,备货,16669,崽子,21669,提出,26669,梦岛,31669,牛羊,36669,索索,41669,调节,46669,陈磊
1670,丑陋,6670,切肉,11670,备降,16670,嵊州,21670,提刀,26670,梦工厂,31670,牛羊肉,36670,索要,41670,调试,46670,陈祖芬
1671,丑鱼,6671,切菜,11671,复习,16671,嵩县,21671,提到,26671,梦幻,31671,牛肉,36671,索赔,41671,调调,46671,陈立民
1672,专一,6672,切记,11672,复仇,16672,嵩山,21672,提前,26672,梦幻般,31672,牛肉丸,36672,索道,41672,调酒,46672,陈紫涵
1673,专业,6673,刊发,11673,复仇者,16673,巅峰,21673,提升,26673,梦想,31673,牛肉干,36673,索马里,41673,调酒师,46673,陈紫瑶
1674,专业人士,6674,刊物,11674,复兴,16674,巍巍,21674,提及,26674,梦想家,31674,牛肉店,36674,紧凑,41674,调频,46674,陈红
1675,专业户,6675,刊登,11675,复兴门,16675,川北,21675,提取,26675,梦想成真,31675,牛肉汤,36675,紧实,41675,谄媚,46675,陈绍华
1676,专为,6676,刑事,11676,复出,16676,川味,21676,提名,26676,梦晓,31676,牛肉面,36676,紧张,41676,谅解,46676,陈维伟
1677,专享,6677,刑事拘留,11677,复制,16677,川姐,21677,提子,26677,梦晕,31677,牛肉饼,36677,紧急,41677,谆客,46677,陈维建
1678,专人,6678,刑事责任,11678,复制品,16678,川川,21678,提心吊胆,26678,梦晨伤,31678,牛肚,36678,紧急通知,41678,谈不上,46678,陈羽
1679,专供,6679,刑侦,11679,复印,16679,川沙,21679,提意见,26679,梦梦,31679,牛肝菌,36679,紧箍咒,41679,谈判,46679,陈耀
1680,专利,6680,刑拘,11680,复印件,16680,川航,21680,提成,26680,梦泪,31680,牛腩,36680,紧紧,41680,谈到,46680,陈老
1681,专制,6681,刑法,11681,复原,16681,川菜,21681,提拉,26681,梦游,31681,牛舌,36681,紧绷,41681,谈史,46681,陈老师
1682,专区,6682,刑法学,11682,复发,16682,川菜馆,21682,提拔,26682,梦溪,31682,牛舌饼,36682,紧致,41682,谈心,46682,陈耘
1683,专卖,6683,刑警,11683,复变,16683,川藏线,21683,提提,26683,梦琪,31683,牛若英,36683,紧要,41683,谈恋爱,46683,陈聃有
1684,专卖店,6684,刑讯,11684,复古,16684,川西,21684,提提神,26684,梦瑶,31684,牛蛙,36684,紧跟,41684,谈情说爱,46684,陈聪
1685,专员,6685,刑讯逼供,11685,复古风,16685,川豪,21685,提携,26685,梦碎,31685,牛街,36685,紧身,41685,谈笑,46685,陈肯
1686,专场,6686,划伤,11686,复叶,16686,川贝,21686,提早,26686,梦绕,31686,牛衰,36686,紧迫,41686,谈论,46686,陈胤
1687,专家,6687,划入,11687,复合,16687,川边,21687,提案,26687,梦落,31687,牛角,36687,紧锣密鼓,41687,谈话,46687,陈良
1688,专家团,6688,划分,11688,复旦,16688,川食,21688,提款机,26688,梦见,31688,牛车,36688,紧闭,41688,谈谈,46688,陈良均
1689,专家建议,6689,划拉,11689,复旦大学,16689,川香,21689,提点,26689,梦语,31689,牛轧糖,36689,紧随其后,41689,谈起,46689,陈艺
1690,专属,6690,划清界限,11690,复杂化,16690,州长,21690,提着,26690,梦遗,31690,牛逼大,36690,紫云,41690,谈过,46690,陈茜
1691,专心,6691,划痕,11691,复查,16691,巡回,21691,提示,26691,梦遥,31691,牛郎,36691,紫墨轩,41691,谋划,46691,陈荣彪
1692,专挑,6692,划破,11692,复活,16692,巡天,21692,提神,26692,梦醒,31692,牛郎织女,36692,紫外线,41692,谋杀,46692,陈萍
1693,专柜,6693,划算,11693,复活节,16693,巡展,21693,提神醒脑,26693,梦里,31693,牛顿,36693,紫嫣,41693,谋财害命,46693,陈蒙
1694,专栏,6694,划船,11694,复燃,16694,巡山,21694,提笔,26694,梦里醒,31694,牛骨,36694,紫宅,41694,谋面,46694,陈蕙
1695,专栏作家,6695,划过,11695,复生,16695,巡洋舰,21695,提纲,26695,梦野,31695,牛魔王,36695,紫微,41695,谌振宇,46695,陈蕾
1696,专治,6696,列为,11696,复苏,16696,巡游,21696,提议,26696,梦露,31696,牛黄,36696,紫忧,41696,谎言,46696,陈薄宇
1697,专注,6697,列举,11697,复读,16697,巡演,21697,提货,26697,梦魇,31697,牛鼻子,36697,紫悦,41697,谎话,46697,陈虹
1698,专用,6698,列位,11698,复辟,16698,巡礼,21698,提起,26698,梦鸽,31698,牟洋,36698,紫日,41698,谐星,46698,陈衰
1699,专科,6699,列入,11699,复返,16699,巡航,21699,提速,26699,梧桐,31699,牡丹,36699,紫晶,41699,谐音,46699,陈西西
1700,专程,6700,列出,11700,夏令营,16700,巡视组,21700,提醒,26700,梧桐树,31700,牡丹亭,36700,紫服,41700,谜底,46700,陈让
1701,专程来,6701,列出来,11701,夏侯,16701,巡讲,21701,提问,26701,梧桐雨,31701,牡丹园,36701,紫柏山,41701,谜语,46701,陈词
1702,专线,6702,列宁,11702,夏俊峰,16702,巡逻,21702,提防,26702,梨园,31702,牡丹江,36702,紫棋,41702,谢克尔,46702,陈贽
1703,专职,6703,列表,11703,夏利,16703,巢燕然,21703,提高,26703,梨子,31703,牡丹花,36703,紫檀,41703,谢墨,46703,陈赫
1704,专访,6704,列车,11704,夏华,16704,工业,21704,提高警惕,26704,梨花,31704,牡蛎,36704,紫气,41704,谢天笑,46704,陈超
1705,专车,6705,列车员,11705,夏商,16705,工业化,21705,插上,26705,梭梭,31705,牢底,36705,紫气东来,41705,谢天谢地,46705,陈超炎
1706,专辑,6706,列队,11706,夏夏,16706,工人,21706,插件,26706,梯子,31706,牢房,36706,紫水晶,41706,谢娜,46706,陈越铭
1707,专长,6707,列队欢迎,11707,夏夜,16707,工人体育场,21707,插入,26707,梯田,31707,牢记,36707,紫焰,41707,谢安琪,46707,陈路
1708,专门店,6708,刘一帆,11708,夏大,16708,工会,21708,插图,26708,梳妆台,31708,牢骚,36708,紫燕雅然,41708,谢宏,46708,陈辰
1709,专题,6709,刘万松,11709,夏天,16709,工会主席,21709,插头,26709,梳妆打扮,31709,牦牛,36709,紫砂,41709,谢帆,46709,陈远
1710,世上,6710,刘万永,11710,夏威夷,16710,工伤,21710,插座,26710,梳子,31710,牦牛肉,36710,紫砂壶,41710,谢幕,46710,陈述
1711,世事,6711,刘万祖,11711,夏娃,16711,工位,21711,插手,26711,梳理,31711,牧人,36711,紫禁,41711,谢思敏,46711,陈道明
1712,世人,6712,刘三金,11712,夏子,16712,工体,21712,插播,26712,梵净山,31712,牧场,36712,紫禁城,41712,谢思鹏,46712,陈酿
1713,世代,6713,刘上,11713,夏季,16713,工作,21713,插曲,26713,梵希,31713,牧师,36713,紫笛,41713,谢探,46713,陈醋
1714,世俗,6714,刘东旭,11714,夏宫,16714,工作人员,21714,插画,26714,梵梅,31714,牧歌,36714,紫罗兰,41714,谢文,46714,陈里
1715,世博,6715,刘丹,11715,夏家,16715,工作制,21715,插科打诨,26715,梵音,31715,牧民,36715,紫色,41715,谢欣酷,46715,陈钢
1716,世博会,6716,刘主饪,11716,夏志刚,16716,工作坊,21716,插花,26716,梵高,31716,牧童,36716,紫苏,41716,谢润良,46716,陈锋
1717,世友,6717,刘亦菲,11717,夏斗,16717,工作室,21717,插队,26717,检修,31717,牧笛,36717,紫茉莉,41717,谢炳超,46717,陈陈
1718,世园,6718,刘京京,11718,夏日,16718,工作岗位,21718,握个,26718,检出,31718,牧羊,36718,紫荆,41718,谢秋娘,46718,陈雨星
1719,世外,6719,刘亮,11719,夏有,16719,工作效率,21719,握手,26719,检察官,31719,牧羊人,36719,紫菊簪,41719,谢罡,46719,陈雪君
1720,世外桃源,6720,刘仰,11720,夏末,16720,工作日,21720,揣测,26720,检察院,31720,牧羊女,36720,紫菜,41720,谢谢,46720,陈雷
1721,世奇,6721,刘伟,11721,夏林菲,16721,工作服,21721,揣着,26721,检查,31721,牧羊犬,36721,紫薇,41721,谢谢你们,46721,陈震祉
1722,世家,6722,刘倩,11722,夏果果,16722,工作狂,21722,揪出,26722,检查一下,31722,牧者,36722,紫薯,41722,谢谢您,46722,陈静
1723,世态炎凉,6723,刘健,11723,夏柠儿,16723,工作组,21723,揪出来,26723,检测,31723,牧野,36723,紫藤,41723,谢超,46723,陈韬
1724,世斌,6724,刘先生,11724,夏洛克,16724,工作者,21724,揪心,26724,检疫,31724,牧马,36724,紫藤萝,41724,谢过,46724,陈香
1725,世方,6725,刘兵,11725,夏炎,16725,工作量,21725,揭发,26725,检票,31725,牧马人,36725,紫贝,41725,谢霆锋,46725,陈鱼
1726,世泽,6726,刘冉,11726,夏照,16726,工作餐,21726,揭幕,26726,检票口,31726,物业,36726,紫金,41726,谢震,46726,陈鹏
1727,世界,6727,刘凤鸣,11727,夏爸,16727,工信部,21727,揭开,26727,检讨,31727,物业费,36727,紫金山,41727,谢顶,46727,陈默
1728,世界之窗,6728,刘刚,11728,夏磊,16728,工兵,21728,揭晓,26728,检阅,31728,物以类聚,36728,累人,41728,谢颖,46728,陈龙
1729,世界冠军,6729,刘力,11729,夏秋,16729,工具,21729,揭秘,26729,检验,31729,物件,36729,累倒,41729,谣传,46729,陋习
1730,世界各地,6730,刘勇,11730,夏童,16730,工卡,21730,揭穿,26730,棉大衣,31730,物价,36730,累到,41730,谣吃,46730,陌一
1731,世界图书出版公司,6731,刘勘,11731,夏至,16731,工厂,21731,揭露,26731,棉服,31731,物价上涨,36731,累坏,41731,谣言,46731,陌上
1732,世界排名,6732,刘博君,11732,夏芒,16732,工商,21732,援助,26732,棉棉,31732,物体,36732,累得,41732,谣面,46732,陌上桑
1733,世界末日,6733,刘原,11733,夏花,16733,工商银行,21733,援手,26733,棉花,31733,物化,36733,累成,41733,谦和,46733,陌王
1734,世界杯,6734,刘同,11734,夏虫,16734,工地,21734,揽胜,26734,棉衣,31734,物品,36734,累晕,41734,谦祥益,46734,陌生
1735,世界级,6735,刘向南,11735,夏装,16735,工场,21735,搁浅,26735,棉袄,31735,物尽其用,36735,累死,41735,谦虚,46735,陌生人
1736,世界观,6736,刘君,11736,夏诺,16736,工坊,21736,搁着,26736,棉被,31736,物是人非,36736,累泪,41736,谦让,46736,陌白
1737,世纪,6737,刘哥,11737,夏雨,16737,工大,21737,搁置,26737,棉裤,31737,物有所值,36737,累积,41737,谦逊,46737,陌言
1738,世茂,6738,刘哲,11738,夏雨荷,16738,工头,21738,搅合,26738,棋友,31738,物欲,36738,累计,41738,谨慎,46738,陌陌
1739,世袭,6739,刘嘉,11739,夏骏,16739,工序,21739,搅和,26739,棋子,31739,物流,36739,累赘,41739,谨记,46739,降下
1740,世贸,6740,刘嘉彤,11740,夕冉,16740,工房,21740,搅局,26740,棋客,31740,物理,36740,絮叨,41740,谨防,46740,降下来
1741,世道,6741,刘国斌,11741,夕汐,16741,工整,21741,搅拌,26741,棋牌,31741,物理课,36741,絮语,41741,谩骂,46741,降临
1742,世间,6742,刘国权,11742,夕照,16742,工时,21742,搏击,26742,棋盘,31742,物种,36742,繁体,41742,谭世平,46742,降为
1743,丘比特,6743,刘备,11743,夕阳,16743,工服,21743,搏斗,26743,棋逢对手,31743,物美,36743,繁体字,41743,谭人玮,46743,降价
1744,业主,6744,刘大,11744,夕阳红,16744,工期,21744,搏浪,26744,棍子,31744,物美价廉,36744,繁华,41744,谭元元,46744,降低
1745,业余,6745,刘大哥,11745,夕阳西下,16745,工欲善其事,21745,搓衣板,26745,棍棒,31745,物色,36745,繁忙,41745,谭小娇,46745,降到
1746,业余生活,6746,刘大园,11746,外交,16746,工牌,21746,搓麻,26746,棒冰,31746,物语,36746,繁星,41746,谭总,46746,降噪
1747,业内,6747,刘妍,11747,外交学院,16747,工的,21747,搜出,26747,棒头,31747,物质,36747,繁琐,41747,谭文娟,46747,降大任
1748,业内人士,6748,刘姐,11748,外交官,16748,工种,21748,搜刮,26748,棒子,31748,物资,36748,繁花,41748,谭昱君,46748,降幅
1749,业务,6749,刘子,11749,外交部,16749,工科,21749,搜寻,26749,棒子面,31749,物超所值,36749,繁花似锦,41749,谭暑,46749,降服
1750,业务部,6750,刘宇,11750,外人,16750,工程,21750,搜救,26750,棒极了,31750,牯岭,36750,繁茂,41750,谭盾,46750,降温
1751,业协会,6751,刘宇哥,11751,外企,16751,工程学院,21751,搜狐,26751,棒棒,31751,牲口,36751,繁荣,41751,谭笑,46751,降火
1752,业界,6752,刘家,11752,外传,16752,工程师,21752,搜狗,26752,棒棒糖,31752,牵引,36752,纠正,41752,谭老斯,46752,降级
1753,业绩,6753,刘导,11753,外公,16753,工程部,21753,搜索,26753,棒槌,31753,牵强,36753,纠纠,41753,谭育君,46753,降落
1754,丛中,6754,刘小,11754,外出,16754,工程队,21754,搜索引擎,26754,棕榈,31754,牵手,36754,纠纷,41754,谭英,46754,降降
1755,丛义洁,6755,刘小佳,11755,外加,16755,工艺,21755,搜罗,26755,棕榈泉,31755,牵扯,36755,纠结,41755,谭谭,46755,降降温
1756,丛书,6756,刘小姐,11756,外包,16756,工艺品,21756,搜集,26756,棕熊,31756,牵挂,36756,纠缠,41756,谭迁,46756,降雨
1757,丛娜,6757,刘小懒,11757,外包装,16757,工蚁,21757,搞不好,26757,棕色,31757,牵着,36757,纠葛,41757,谭阿敏,46757,降雪
1758,丛林,6758,刘小枫,11758,外卖,16758,工行,21758,搞不定,26758,棘手,31758,牵线,36758,红与黑,41758,谭飞,46758,降魔
1759,丛林中,6759,刘小白,11759,外史,16759,工贸,21759,搞不懂,26759,棚内,31759,牵连,36759,红丝,41759,谱儿,46759,降龙十八掌
1760,丛生,6760,刘少,11760,外号,16760,工资,21760,搞不清,26760,棚里,31760,特么,36760,红人,41760,谴责,46760,限价
1761,丛虫时,6761,刘少军,11761,外围,16761,工资单,21761,搞不清楚,26761,森快,31761,特产,36761,红会,41761,谷三儿,46761,限制级
1762,东三环,6762,刘展耘,11762,外国,16762,工钱,21762,搞个,26762,森斯坦,31762,特仑苏,36762,红伟,41762,谷哥,46762,限号
1763,东三省,6763,刘岩,11763,外国人,16763,工长,21763,搞好,26763,森林,31763,特价,36763,红光满面,41763,谷声,46763,限定
1764,东东,6764,刘峥,11764,外地,16764,左一,21764,搞定,26764,森林公园,31764,特价机票,36764,红军,41764,谷子,46764,限度
1765,东二环,6765,刘峰,11765,外地人,16765,左上,21765,搞怪,26765,森森,31765,特伦,36765,红利,41765,谷峰,46765,限时
1766,东亚,6766,刘工,11766,外型,16766,左上角,21766,搞懂,26766,森活,31766,特例,36766,红包,41766,谷底,46766,限期
1767,东交民巷,6767,刘帅,11767,外墙,16767,左下,21767,搞掂,26767,森爱,31767,特供,36767,红十字,41767,谷歌,46767,限流
1768,东京,6768,刘帆,11768,外壳,16768,左下角,21768,搞掉,26768,森碟,31768,特像,36768,红十字会,41768,谷物,46768,限行
1769,东侧,6769,刘希平,11769,外太空,16769,左中,21769,搞搞,26769,森蝶,31769,特元,36769,红双喜,41769,谷玉恒,46769,限购
1770,东倒西歪,6770,刘应杰,11770,外头,16770,左丽莉来,21770,搞混,26770,棱角,31770,特全,36770,红叶,41770,谷雨,46770,限速
1771,东冬,6771,刘建波,11771,外套,16771,左二,21771,搞清楚,26771,棺材,31771,特写,36771,红土,41771,谷靖天,46771,限量
1772,东北,6772,刘开,11772,外婆,16772,左侧,21772,搞破坏,26772,椅子,31772,特冻,36772,红地毯,41772,豁出去,46772,限量供应
1773,东北菜,6773,刘强,11773,外婆家,16773,左先,21773,搞笑,26773,椅背,31773,特刊,36773,红墙,41773,豁然开朗,46773,限量版
1774,东区,6774,刘彤,11774,外媒,16774,左家庄,21774,搞起,26774,植万禄,31774,特别,36774,红外,41774,豆乳,46774,陕北
1775,东单,6775,刘彬,11775,外孙女,16775,左小,21775,搞错,26775,植保,31775,特别感谢,36775,红姐,41775,豆儿,46775,陕南
1776,东南,6776,刘德华,11776,外宾,16776,左小祖,21776,搬个,26776,植入,31776,特别版,36776,红姨,41776,豆包,46776,陕西
1777,东南亚,6777,刘心,11777,外带,16777,左小祖咒,21777,搬回,26777,植树节,31777,特别节目,36777,红姨梅华,41777,豆壳,46777,陕西省
1778,东南西北,6778,刘忆斯,11778,外形,16778,左岸,21778,搬家,26778,植物,31778,特制,36778,红娘,41778,豆奶,46778,陛下
1779,东厂,6779,刘志军,11779,外拍,16779,左影,21779,搬走,26779,植物园,31779,特务,36779,红宝石,41779,豆妈,46779,院内
1780,东吴,6780,刘志勇,11780,外援,16780,左微,21780,搬迁,26780,植被,31780,特勤,36780,红小豆,41780,豆姐,46780,院士
1781,东哥,6781,刘忙,11781,外教,16781,左手,21781,搬运,26781,椎间盘,31781,特区,36781,红尘,41781,豆子,46781,院子
1782,东嘉积,6782,刘念孙,11782,外族,16782,左拥右抱,21782,搬运工,26782,椒盐,31782,特卖,36782,红嵋,41782,豆果,46782,院庆
1783,东四,6783,刘忻,11783,外星,16783,左撇子,21783,搬进,26783,椰奶,31783,特发,36783,红彤彤,41783,豆汁,46783,院校
1784,东四环,6784,刘思,11784,外星人,16784,左派,21784,搭个,26784,椰子,31784,特困,36784,红心,41784,豆沙,46784,院生氏
1785,东坡,6785,刘思敏,11785,外景,16785,左看,21785,搭乘,26785,椰子树,31785,特地,36785,红料,41785,豆浆,46785,院线
1786,东坡肉,6786,刘总,11786,外来,16786,左眼,21786,搭建,26786,椰岛,31786,特多,36786,红旗,41786,豆浆机,46786,院落
1787,东城,6787,刘恺威,11787,外楼,16787,左耳,21787,搭档,26787,椰林,31787,特大,36787,红星,41787,豆渣,46787,院里
1788,东城区,6788,刘悦,11788,外滩,16788,左脚,21788,搭理,26788,椰汁,31788,特好,36788,红杉,41788,豆瓣,46788,院长
1789,东大桥,6789,刘惠璞,11789,外焦里嫩,16789,左脸,21789,搭讪,26789,椰浆,31789,特定,36789,红极一时,41789,豆瓣酱,46789,除四害
1790,东大街,6790,刘慧,11790,外环,16790,左至,21790,搭车,26790,椰肉,31790,特工,36790,红果,41790,豆皮,46790,除夕
1791,东子,6791,刘戈,11791,外甥,16791,左英杰,21791,搭载,26791,椰蓉,31791,特工队,36791,红枣,41791,豆腐,46791,除夕夜
1792,东学,6792,刘捷,11792,外甥女,16792,左象,21792,搭配,26792,椰风,31792,特异功能,36792,红树林,41792,豆腐干,46792,除掉
1793,东宝,6793,刘敏,11793,外界,16793,左转,21793,携伴,26793,椰香,31793,特征,36793,红梅,41793,豆腐心,46793,除魔
1794,东宫,6794,刘文杰,11794,外皮,16794,左边,21794,携带,26794,楚丫儿,31794,特忙,36794,红楼,41794,豆腐汤,46794,陨石
1795,东家,6795,刘新征,11795,外省,16795,左邻右里,21795,携手,26795,楚天,31795,特快,36795,红楼梦,41795,豆腐渣,46795,陨落
1796,东山,6796,刘旗辉,11796,外科,16796,左面,21796,携程,26796,楚天金,31796,特性,36796,红樱桃,41796,豆腐渣工程,46796,险些
1797,东山岛,6797,刘旭,11797,外籍,16797,巧克力,21797,摄之途,26797,楚客,31797,特惠,36797,红歌,41797,豆腐脑,46797,险峰
1798,东平,6798,刘明莹,11798,外行,16798,巧克力糖,21798,摄于,26798,楚楚,31798,特想,36798,红毯,41798,豆腐花,46798,险恶
1799,东方,6799,刘星,11799,外衣,16799,巧合,21799,摄会,26799,楚汉,31799,特意,36799,红水河,41799,豆花,46799,险胜
1800,东方不败,6800,刘星嘻哈,11800,外表,16800,巧妙,21800,摄像,26800,楚雄,31800,特技,36800,红河,41800,豆芽,46800,陪伴
1801,东方明珠,6801,刘星洪,11801,外观,16801,巧巧,21801,摄像头,26801,楠吹事班,31801,特拉,36801,红油,41801,豆芽儿,46801,陪伴着
1802,东方红,6802,刘春,11802,外语,16802,巧思,21802,摄像师,26802,楠哥,31802,特攻队,36802,红海,41802,豆苗,46802,陪你到
1803,东方航空,6803,刘春孔,11803,外貌,16803,巧手,21803,摄像机,26803,楠宝儿,31803,特效,36803,红润,41803,豆蔻,46803,陪你去
1804,东明,6804,刘春山,11804,外贸,16804,巧玲,21804,摄入,26804,楠心,31804,特效药,36804,红火,41804,豆角,46804,陪你玩
1805,东星,6805,刘春泪,11805,外边,16805,巧遇,21805,摄制组,26805,楠意,31805,特斯,36805,红灯,41805,豆豆,46805,陪你走
1806,东晕,6806,刘是,11806,外送,16806,巨人,21806,摄友,26806,楠木,31806,特曼,36806,红灯笼,41806,豆豉,46806,陪同
1807,东木,6807,刘晓庆,11807,外遇,16807,巨制,21807,摄取,26807,楠极风,31807,特有,36807,红点,41807,豆魂,46807,陪客
1808,东来,6808,刘晓玲,11808,外部,16808,巨力,21808,摄女,26808,楠梓,31808,特权,36808,红烧,41808,豇豆,46808,陪您
1809,东来顺,6809,刘晓银,11809,外露,16809,巨匠,21809,摄客,26809,楠楠,31809,特来,36809,红烧肉,41809,豉汁,46809,陪我玩
1810,东林,6810,刘晓鹏,11810,外面,16810,巨响,21810,摄影,26810,楠溪江,31810,特棒,36810,红牛,41810,豌豆,46810,陪护
1811,东泪,6811,刘晔爱,11811,夙生,16811,巨型,21811,摄影包,26811,楷书,31811,特此,36811,红玫瑰,41811,豌豆荚,46811,陪泪
1812,东洋,6812,刘曦,11812,多一些,16812,巨多,21812,摄影家,26812,楷模,31812,特没,36812,红白,41812,豌豆黄,46812,陪练
1813,东海,6813,刘有凯,11813,多一份,16813,巨头,21813,摄影展,26813,楼上,31813,特洛伊,36813,红眼,41813,豚鼠,46813,陪聊
1814,东海岸,6814,刘朔硕,11814,多一点,16814,巨好,21814,摄影师,26814,楼下,31814,特洛夫,36814,红砖,41814,象山,46814,陪著
1815,东渡,6815,刘杨,11815,多万,16815,巨巨,21815,摄影者,26815,楼主,31815,特派,36815,红米,41815,象带,46815,陪葬
1816,东湖,6816,刘杰,11816,多万美元,16816,巨幅,21816,摄影艺术,26816,楼仲平,31816,特派员,36816,红粉,41816,象征,46816,陪衬
1817,东瀛,6817,刘松,11817,多上,16817,巨幕,21817,摄影集,26817,楼兰,31817,特派记者,36817,红糖,41817,象是,46817,陪酒
1818,东狂,6818,刘枫,11818,多个,16818,巨思特,21818,摄手,26818,楼台,31818,特爱,36818,红红,41818,象棋,46818,陪陪
1819,东玛,6819,刘栋,11819,多为,16819,巨想,21819,摄氏度,26819,楼宇,31819,特特,36819,红红火火,41819,象泰餐,46819,陶伟
1820,东田,6820,刘桂娟,11820,多久,16820,巨无霸,21820,摄苑,26820,楼层,31820,特种兵,36820,红红的,41820,象牙,46820,陶冶
1821,东盟,6821,刘梅,11821,多乐,16821,巨星,21821,摆个,26821,楼市,31821,特种部队,36821,红绿,41821,象象,46821,陶冶情操
1822,东直门,6822,刘森华,11822,多买,16822,巨汗,21822,摆件,26822,楼房,31822,特立,36822,红绿灯,41822,豪华,46822,陶吉吉
1823,东站,6823,刘欢,11823,多事,16823,巨献,21823,摆古论,26823,楼板,31823,特立独行,36823,红肉,41823,豪华游,46823,陶园
1824,东篱,6824,刘欣,11824,多云,16824,巨疼,21824,摆在,26824,楼梯,31824,特等,36824,红肿,41824,豪哥,46824,陶子
1825,东经,6825,刘正,11825,多云转晴,16825,巨痛,21825,摆好,26825,楼梯间,31825,特约,36825,红胡子,41825,豪宅,46825,陶文鹏
1826,东航,6826,刘步尘,11826,多些,16826,巨臂,21826,摆平,26826,楼楼,31826,特级,36826,红色,41826,豪客,46826,陶景华
1827,东莞,6827,刘毅,11827,多亮,16827,巨蛋,21827,摆弄,26827,楼盘,31827,特给力,36827,红艳,41827,豪廷,46827,陶晶莹
1828,东街,6828,刘氏,11828,多人,16828,巨蟹,21828,摆手,26828,楼群,31828,特罗,36828,红花,41828,豪情,46828,陶淘
1829,东西,6829,刘江,11829,多件,16829,巨蟹座,21829,摆摊,26829,楼道,31829,特能,36829,红茶,41829,豪放,46829,陶然
1830,东西南北,6830,刘波,11830,多会,16830,巨资,21830,摆放,26830,楼里,31830,特航,36830,红莓,41830,豪斯,46830,陶然亭
1831,东路,6831,刘洋,11831,多伦多,16831,巨额,21831,摆明,26831,楼门,31831,特色,36831,红莲,41831,豪气,46831,陶瓷
1832,东软,6832,刘洛洛,11832,多位,16832,巨鸭,21832,摆渡,26832,楼门口,31832,特色小吃,36832,红萝卜,41832,豪爽,46832,陶真
1833,东边,6833,刘海,11833,多余,16833,巨龙,21833,摆渡人,26833,楼顶,31833,特色美食,36833,红葡萄酒,41833,豪生,46833,陶艺
1834,东邪,6834,刘涛,11834,多元,16834,巩义,21834,摆盘,26834,楼顶上,31834,特色菜,36834,红蓝,41834,豪礼,46834,陶醉
1835,东郊,6835,刘涛滔,11835,多元化,16835,巫婆,21835,摆着,26835,概念,31835,特莱斯,36835,红薯,41835,豪英,46835,陶陶
1836,东部,6836,刘湘明,11836,多公里,16836,巫家坝,21836,摆脱,26836,概念股,31836,特蕾西,36836,红衣,41836,豪言壮语,46836,陶鹏
1837,东门,6837,刘溯,11837,多出,16837,巫小,21837,摆设,26837,概念车,31837,特警,36837,红衣服,41837,豪车,46837,陷入
1838,东阳,6838,刘滢,11838,多分,16838,巫山,21838,摆谱,26838,概括,31838,特设,36838,红袍,41838,豪迈,46838,陷害
1839,东面,6839,刘炫,11839,多分钟,16839,巫师,21839,摇一摇,26839,概率,31839,特质,36839,红袖,41839,豪门,46839,陷阱
1840,东风,6840,刘烨,11840,多到,16840,巫术,21840,摇到,26840,概论,31840,特辑,36840,红豆,41840,豫园,46840,隆中
1841,丝丝,6841,刘燕,11841,多功能,16841,巫门,21841,摇号,26841,榆林,31841,特远,36841,红辣椒,41841,豫山鹰,46841,隆冬
1842,丝丝缕缕,6842,刘燕飞,11842,多加,16842,巫魅,21842,摇头,26842,榔头,31842,特选,36842,红透,41842,豹哥,46842,隆福寺
1843,丝们,6843,刘爽,11843,多半,16843,差不离,21843,摇头晃脑,26843,榕庄,31843,特逗,36843,红遍,41843,豹子,46843,隆美尔
1844,丝儿,6844,刘猛,11844,多去,16844,差个,21844,摇控器,26844,榕树,31844,特邀嘉宾,36844,红配,41844,豹纹,46844,隆行
1845,丝巾,6845,刘玲,11845,多发,16845,差价,21845,摇摆,26845,榕树下,31845,特里,36845,红酒,41845,豹豹,46845,隆裕太后
1846,丝带,6846,刘瑜,11846,多变,16846,差别,21846,摇摆舞,26846,榛子,31846,特里萨,36846,红阳,41846,貌似,46846,隆重
1847,丝毫,6847,刘璇,11847,多只,16847,差到,21847,摇摇,26847,榛果,31847,特长,36847,红雨,41847,貌美如花,46847,隆重举行
1848,丝滑,6848,刘畅,11848,多吃点,16848,差劲,21848,摇摇头,26848,榜上有名,31848,特首,36848,红霞,41848,貔貅,46848,隆重开业
1849,丝瓜,6849,刘皓,11849,多吉,16849,差太多,21849,摇旗呐喊,26849,榜中榜,31849,牺牲,36849,红领巾,41849,贝儿,46849,隆重推出
1850,丝绒,6850,刘磊,11850,多名,16850,差太远,21850,摇晃,26850,榜单,31850,牺牲品,36850,红颜,41850,贝克汉姆,46850,隋兰
1851,丝绸,6851,刘竹清,11851,多喝水,16851,差头,21851,摇曳,26851,榜样,31851,犀利,36851,红馆,41851,贝勒,46851,隋唐
1852,丝绸之路,6852,刘美娜,11852,多地,16852,差异,21852,摇滚,26852,榜首,31852,犀牛,36852,红骏,41852,贝塔,46852,隋毅
1853,丝袜,6853,刘羽,11853,多块,16853,差异化,21853,摇滚乐,26853,榨干,31853,犀牛角,36853,红魔,41853,贝壳,46853,隋笑梅
1854,丝路,6854,刘翔,11854,多处,16854,差强人意,21854,摇篮,26854,榨汁,31854,犄角,36854,纤维,41854,贝多芬,46854,随之
1855,丝逆袭,6855,刘耀辉,11855,多多关照,16855,差得,21855,摊上,26855,榨汁机,31855,犊子,36855,约个,41855,贝太,46855,随之而来
1856,丢下,6856,刘老师,11856,多多指教,16856,差泪,21856,摊主,26856,榨菜,31856,犒劳,36856,约会,41856,贝宁,46856,随便
1857,丢个,6857,刘老板,11857,多大,16857,差点,21857,摊位,26857,榴莲,31857,犬种,36857,约克,41857,贝尔,46857,随刊
1858,丢人,6858,刘耘,11858,多天,16858,差点儿,21858,摊儿,26858,槐花,31858,犯二,36858,约合,41858,贝尔特,46858,随博
1859,丢人现眼,6859,刘胜军,11859,多好,16859,差衰,21859,摊子,26859,槟榔,31859,犯人,36859,约定,41859,贝拉,46859,随即
1860,丢失,6860,刘臻,11860,多姿,16860,差评,21860,摊开,26860,樊哲,31860,犯困,36860,约定俗成,41860,贝斯,46860,随口
1861,丢姐,6861,刘艳,11861,多姿多彩,16861,差距,21861,摊手,26861,樊小,31861,犯得上,36861,约惠,41861,贝月森,46861,随叫随到
1862,丢弃,6862,刘芮,11862,多娇,16862,差远了,21862,摊贩,26862,樊小博,31862,犯愁,36862,约旦,41862,贝母,46862,随命
1863,丢掉,6863,刘芮东,11863,多字,16863,差钱,21863,摊鸡蛋,26863,樊小平,31863,犯法,36863,约束,41863,贝贝,46863,随和
1864,丢球,6864,刘芯菲,11864,多宝,16864,己经,21864,摔下去,26864,樊旭兵,31864,犯病,36864,约炮,41864,贝隆生,46864,随喜
1865,丢脸,6865,刘芳,11865,多家,16865,已久,21865,摔下来,26865,樟宜,31865,犯罪,36865,约稿,41865,贝鲁特,46865,随园
1866,丢进,6866,刘芸,11866,多封,16866,已于,21866,摔个,26866,模仿,31866,犯罪分子,36866,约翰,41866,贞子,46866,随地
1867,两万,6867,刘若英,11867,多岁,16867,已入,21867,摔了一跤,26867,模仿秀,31867,犯罪心理,36867,约见,41867,贞操,46867,随地吐痰
1868,两万多,6868,刘荣,11868,多巴,16868,已到,21868,摔倒,26868,模具,31868,犯规,36868,级别,41868,负伤,46868,随处可见
1869,两三个,6869,刘莉娟,11869,多帅,16869,已加,21869,摔成,26869,模块,31869,犯贱,36869,纪事,41869,负分,46869,随心
1870,两三天,6870,刘莎莎,11870,多年,16870,已去,21870,摔死,26870,模型,31870,犯错,36870,纪委,41870,负担,46870,随心所欲
1871,两三点,6871,刘蔷,11871,多年不见,16871,已售,21871,摔碎,26871,模子,31871,犯错误,36871,纪实,41871,负离子,46871,随性
1872,两下,6872,刘言,11872,多度,16872,已备,21872,摔跤,26872,模式,31872,犯闲,36872,纪录,41872,负责,46872,随想
1873,两不误,6873,刘诗,11873,多开,16873,已多,21873,摘下,26873,模拟,31873,状元,36873,纪录片,41873,负责人,46873,随意
1874,两个,6874,刘谦,11874,多彩,16874,已婚,21874,摘下来,26874,模板,31874,状况,36874,纪念,41874,负重,46874,随手
1875,两人,6875,刘越,11875,多彩的,16875,已定,21875,摘取,26875,模样,31875,状态,36875,纪念品,41875,负面,46875,随拍
1876,两亿,6876,刘进,11876,多得,16876,已属,21876,摘录,26876,模版,31876,犹他州,36876,纪念日,41876,贡乔卓玛,46876,随时欢迎
1877,两件,6877,刘道,11877,多得是,16877,已成,21877,摘得,26877,模特,31877,犹太人,36877,纪念版,41877,贡品,46877,随时随地
1878,两件事,6878,刘金,11878,多怒,16878,已故,21878,摘掉,26878,模特儿,31878,犹如,36878,纪念馆,41878,贡布,46878,随机
1879,两份,6879,刘金霏嘻哈,11879,多情,16879,已有,21879,摘星,26879,模特大赛,31879,犹豫,36879,纪敏佳,41879,贡献,46879,随笔
1880,两会,6880,刘鑫,11880,多想,16880,已来,21880,摘菜,26880,模糊,31880,狂亲,36880,纪茹,41880,贡献奖,46880,随缘
1881,两位,6881,刘钢涛,11881,多愁善感,16881,已死,21881,摘要,26881,模范,31881,狂人,36881,纯净,41881,贡贡,46881,随行
1882,两位数,6882,刘钧,11882,多慢,16882,已然,21882,摧残,26882,横冲直撞,31882,狂人日记,36882,纯天然,41882,财主,46882,随视
1883,两倍,6883,刘铨淼,11883,多才,16883,已知,21883,摧毁,26883,横切面,31883,狂刷,36883,纯属,41883,财产,46883,随记
1884,两元,6884,刘锐,11884,多才多艺,16884,已致,21884,摩卡,26884,横幅,31884,狂吻,36884,纯属巧合,41884,财前,46884,随身
1885,两分钟,6885,刘锡铭,11885,多拉,16885,已过,21885,摩天,26885,横店,31885,狂呼,36885,纯情,41885,财力,46885,随身带
1886,两副,6886,刘阳,11886,多提,16886,已近,21886,摩天楼,26886,横扫,31886,狂喜,36886,纯手工,41886,财务,46886,随身携带
1887,两包,6887,刘雪枫,11887,多收,16887,已远,21887,摩天轮,26887,横批,31887,狂奔,36887,纯朴,41887,财富,46887,随遇而安
1888,两千,6888,刘雯,11888,多放,16888,已逝,21888,摩尔,26888,横流,31888,狂妄,36888,纯棉,41888,财政,46888,随随便便
1889,两双,6889,刘霞,11889,多斤,16889,巴不得,21889,摩托,26889,横牛花,31889,狂封,36889,纯正,41889,财政收入,46889,随风
1890,两口,6890,刘青,11890,多方,16890,巴丹,21890,摩托罗拉,26890,横生,31890,狂怒,36890,纯洁,41890,财新,46890,随风飘
1891,两口子,6891,刘青云,11891,多方面,16891,巴乔,21891,摩托艇,26891,横着,31891,狂想,36891,纯爱,41891,财智,46891,隐于
1892,两句,6892,刘音,11892,多日,16892,巴伐利亚,21892,摩托车,26892,横空出世,31892,狂想曲,36892,纯生,41892,财气,46892,隐匿
1893,两只,6893,刘韶清,11893,多月,16893,巴依,21893,摩挲,26893,横竖,31893,狂欢,36893,纯白,41893,财源,46893,隐士
1894,两只手,6894,刘颖,11894,多有,16894,巴先森,21894,摩斯,26894,横笛,31894,狂欢夜,36894,纯真,41894,财源滚滚,46894,隐居
1895,两台,6895,刘颖婷,11895,多条,16895,巴厘,21895,摩根,26895,横行,31895,狂欢节,36895,纯种,41895,财神,46895,隐形
1896,两名,6896,刘颖浩楠,11896,多来,16896,巴厘岛,21896,摩洛哥,26896,横行霸道,31896,狂流,36896,纯纯,41896,财神爷,46896,隐形眼镜
1897,两周,6897,刘馨,11897,多杰,16897,巴喇子,21897,摩登,26897,横街,31897,狂点,36897,纯美,41897,财经,46897,隐忍
1898,两周岁,6898,刘骥,11898,多样,16898,巴基斯坦,21898,摩羯座,26898,横跨,31898,狂热,36898,纯良,41898,财经类,46898,隐性
1899,两周年,6899,刘鹏,11899,多款,16899,巴塔,21899,摸了摸,26899,樱木,31899,狂爱,36899,纯色,41899,财经网,46899,隐患
1900,两回,6900,则安之,11900,多汁,16900,巴塞,21900,摸头,26900,樱桃,31900,狂犬,36900,纯银,41900,财经频道,46900,隐晦
1901,两回事,6901,刚一,11901,多汗,16901,巴塞罗那,21901,摸摸,26901,樱桃树,31901,狂犬病,36901,纱窗,41901,财运,46901,隐来
1902,两圈,6902,刚上,11902,多泪,16902,巴士,21902,摸样,26902,樱花,31902,狂猛,36902,纲丝,41902,财迷,46902,隐泉
1903,两地,6903,刚下,11903,多活,16903,巴姆,21903,摸爬滚打,26903,樵园,31903,狂生,36903,纳入,41903,责任,46903,隐瞒
1904,两场,6904,刚买,11904,多灾多难,16904,巴子,21904,摸着石头过河,26904,樵夫,31904,狂笑,36904,纳兰,41904,责任人,46904,隐私
1905,两块,6905,刚出,11905,多点,16905,巴富仕,21905,摸索,26905,橄榄,31905,狂舞,36905,纳兰咏荷,41905,责任心,46905,隐约
1906,两块钱,6906,刚出去,11906,多爱,16906,巴山,21906,摸脑,26906,橄榄油,31906,狂补,36906,纳努克,41906,责任感,46906,隐者
1907,两声,6907,刚出生,11907,多爽,16907,巴布,21907,摸鱼,26907,橄榄球,31907,狂言,36907,纳塔拉,41907,责怪,46907,隐蔽
1908,两处,6908,刚刚,11908,多瑙河,16908,巴德,21908,摸黑,26908,橄榄石,31908,狂躁,36908,纳帕海,41908,责编,46908,隐藏
1909,两夜,6909,刚刚开始,11909,多生,16909,巴扎,21909,撂倒,26909,橘子,31909,狂转,36909,纳木错,41909,贤人,46909,隐语
1910,两大,6910,刚到,11910,多用,16910,巴拉,21910,撑下去,26910,橘子洲,31910,狂轰滥炸,36910,纳税,41910,贤妻,46910,隐身
1911,两天,6911,刚加,11911,多盟,16911,巴拉巴,21911,撑不住,26911,橘子酱,31911,狂野,36911,纳税人,41911,贤妻良母,46911,隐隐
1912,两头,6912,刚去,11912,多种,16912,巴掌,21912,撑伞,26912,橘色,31912,狂雨,36912,纳粹,41912,贤德,46912,隐隐作痛
1913,两套,6913,刚发,11913,多米,16913,巴曙松,21913,撑住,26913,橙子,31913,狂风,36913,纳西,41913,贤惠,46913,隔三差五
1914,两字,6914,刚哥,11914,多美,16914,巴曙松泪,21914,撑场面,26914,橙汁,31914,狂风暴雨,36914,纳达尔,41914,贤淑,46914,隔壁
1915,两家,6915,刚回,11915,多美滋,16915,巴松,21915,撑死,26915,橙红,31915,狂飙,36915,纳闷,41915,贤良,46915,隔壁邻居
1916,两层,6916,刚回到,11916,多肉,16916,巴林,21916,撑破,26916,橙色,31916,狂龙,36916,纳闷儿,41916,贤莹定,46916,隔天
1917,两岁,6917,刚回来,11917,多胜游,16917,巴桑,21917,撑腰,26917,橡实,31917,狄仁杰,36917,纵容,41917,败坏,46917,隔岸
1918,两岸,6918,刚子,11918,多花,16918,巴楚,21918,撑船,26918,橡树,31918,狄嘉,36918,纵情,41918,败家,46918,隔离
1919,两岸三地,6919,刚峰,11919,多苦,16919,巴洛克,21919,撑起,26919,橡皮,31919,狍子,36919,纵横,41919,败家子,46919,隔空
1920,两幅,6920,刚开,11920,多衰,16920,巴瓦,21920,撑过去,26920,橡皮泥,31920,狐儿,36920,纵火,41920,败笔,46920,隔音
1921,两年,6921,刚想,11921,多话,16921,巴神,21921,撒上,26921,橡胶,31921,狐哥,36921,纷争,41921,败类,46921,障碍
1922,两张,6922,刚换,11922,多谢,16922,巴菲特,21922,撒个,26922,橱柜,31922,狐涂,36922,纷扰,41922,败给,46922,隧道
1923,两性,6923,刚有,11923,多谢您,16923,巴萨,21923,撒丫子,26923,橱窗,31923,狐狸,36923,纷纷,41923,账单,46923,隶属
1924,两手空空,6924,刚来,11924,多贝,16924,巴蒂,21924,撒切尔,26924,檀香,31924,狐狸精,36924,纷飞,41924,账号,46924,隽永
1925,两把,6925,刚查,11925,多贵,16925,巴蜀,21925,撒哈拉,26925,欠下,31925,狐疑,36925,纸上,41925,账户,46925,难上
1926,两把刷子,6926,刚毅,11926,多车,16926,巴西,21926,撒哈拉沙漠,26926,欠佳,31926,狐臭,36926,纸们,41926,货主,46926,难不倒
1927,两拨,6927,刚洗,11927,多转,16927,巴西木,21927,撒娇,26927,欠债,31927,狐钰钰,36927,纸媒,41927,货吃,46927,难不成
1928,两斤,6928,刚满,11928,多辆,16928,巴西队,21928,撒子,26928,欠债还钱,31928,狒哥,36928,纸尿裤,41928,货品,46928,难为
1929,两旁,6929,刚演,11929,多达,16929,巴豆,21929,撒尿,26929,欠扁,31929,狒狒,36929,纸巾,41929,货币,46929,难为情
1930,两晚,6930,刚生,11930,多过,16930,巴赫,21930,撒手,26930,欠揍,31930,狗不理,36930,纸币,41930,货怒,46930,难事
1931,两月,6931,刚看,11931,多远,16931,巴适,21931,撒旦,26931,欠款,31931,狗东西,36931,纸张,41931,货是,46931,难于
1932,两期,6932,刚要,11932,多遍,16932,巴里,21932,撒来,26932,欠缺,31932,狗仗人势,36932,纸条,41932,货有,46932,难于上青天
1933,两本,6933,刚试,11933,多重,16933,巴陵,21933,撒欢,26933,欠费,31933,狗叫,36933,纸杯,41933,货泪,46933,难以
1934,两本书,6934,刚过,11934,多钱,16934,巴音,21934,撒泼打滚,26934,欠钱,31934,狗命,36934,纸片,41934,货源,46934,难以想像
1935,两朵,6935,刚进,11935,多长,16935,巴顿,21935,撒点野,26935,次列车,31935,狗哥,36935,纸牌,41935,货真价实,46935,难以想象
1936,两条,6936,刚醒,11936,多长时间,16936,巴马,21936,撒盐,26936,次奥,31936,狗娃,36936,纸盒,41936,货色,46936,难以相信
1937,两条腿,6937,创下,11937,多难,16937,巴鱼,21937,撒花,26937,次年,31937,狗娘养,36937,纸箱,41937,货车,46937,难以置信
1938,两杯,6938,创业,11938,多雨,16938,巴黎,21938,撒谎,26938,次数,31938,狗子,36938,纸质,41938,质地,46938,难以逾越
1939,两枚,6939,创业家,11939,多页,16939,巷伟,21939,撒野,26939,次方,31939,狗官,36939,纸飞机,41939,质感,46939,难倒
1940,两栖,6940,创业投资,11940,夜千,16940,巷口,21940,撕下,26940,次日,31940,狗尾巴草,36940,纹丝不动,41940,质朴,46940,难兄难弟
1941,两样,6941,创业者,11941,夜千兔,16941,巷子,21941,撕下来,26941,次次,31941,狗屁,36941,纹路,41941,质检,46941,难免
1942,两根,6942,创伤,11942,夜半,16942,巷子深,21942,撕开,26942,次泪,31942,狗屎,36942,纹身,41942,质疑,46942,难养
1943,两桌,6943,创作,11943,夜叉,16943,巷陌,21943,撕心裂肺,26943,次要,31943,狗屎运,36943,纹雯,41943,质素,46943,难到
1944,两桶,6944,创作者,11944,夜场,16944,巾帼不让须眉,21944,撕掉,26944,次郎,31944,狗日,36944,纺织,41944,质量,46944,难办
1945,两棵,6945,创刊,11945,夜夜,16945,巾帼英雄,21945,撕毁,26945,次饭,31945,狗泪,36945,纽扣,41945,质量保证,46945,难受
1946,两次,6946,创办,11946,夜奶,16946,市中心,21946,撕碎,26946,欢乐,31946,狗游,36946,纽约,41946,质问,46946,难吃
1947,两款,6947,创可贴,11947,夜宴,16947,市井,21947,撕票,26947,欢乐地,31947,狗熊,36947,纽约时代广场,41947,贩卖,46947,难听
1948,两步,6948,创始,11948,夜宵,16948,市值,21948,撕裂,26948,欢乐谷,31948,狗狗,36948,纽约时报,41948,贩子,46948,难堪
1949,两段,6949,创始人,11949,夜宿,16949,市内,21949,撞击,26949,欢乐颂,31949,狗王,36949,线上,41949,贩毒,46949,难寻
1950,两清,6950,创建,11950,夜市,16950,市区,21950,撞墙,26950,欢呼,31950,狗生,36950,线下,41950,贪便宜,46950,难度
1951,两湖,6951,创想,11951,夜幕,16951,市场,21951,撞大运,26951,欢呼声,31951,狗男女,36951,线条,41951,贪吃,46951,难当
1952,两点,6952,创意,11952,夜店,16952,市场价,21952,撞死,26952,欢哥,31952,狗眼,36952,线索,41952,贪婪,46952,难得一见
1953,两片,6953,创意设计,11953,夜总会,16953,市场份额,21953,撞死人,26953,欢唱,31953,狗窝,36953,线路,41953,贪官,46953,难得糊涂
1954,两瓶,6954,创投,11954,夜明,16954,市场化,21954,撞色,26954,欢喜,31954,狗肉,36954,练字,41954,贪官污吏,46954,难忍
1955,两生花,6955,创收,11955,夜晚,16955,市场总监,21955,撞衫,26955,欢型,31955,狗腿子,36955,练成,41955,贪得无厌,46955,难忘
1956,两用,6956,创新,11956,夜景,16956,市场竞争,21956,撞车,26956,欢声笑语,31956,狗血,36956,练手,41956,贪心,46956,难念
1957,两百,6957,创立,11957,夜未央,16957,市场经济,21957,撤掉,26957,欢天喜地,31957,狗贩子,36957,练球,41957,贪污,46957,难怒
1958,两百多,6958,创联,11958,夜来,16958,市场营销,21958,撤退,26958,欢小南,31958,狗贼,36958,练琴,41958,贪玩,46958,难懂
1959,两盆,6959,创荣,11959,夜泪,16959,市场营销部,21959,撤销,26959,欢岛,31959,狙击,36959,练瑜珈,41959,贪睡,46959,难搞
1960,两盒,6960,创造,11960,夜深,16960,市场部,21960,撩人,26960,欢庆,31960,狙击手,36960,练练,41960,贪腐,46960,难民
1961,两盘,6961,创造力,11961,夜深人静,16961,市委,21961,播下,26961,欢度,31961,狠心,36961,练车,41961,贫僧,46961,难求
1962,两眼,6962,创造性,11962,夜游,16962,市委书记,21962,播出,26962,欢心,31962,狠怒,36962,练过,41962,贫嘴,46962,难泪
1963,两碗,6963,初一,11963,夜游神,16963,市政,21963,播报,26963,欢快,31963,狠想,36963,组个,41963,贫困,46963,难点
1964,两种,6964,初七,11964,夜猫,16964,市政府,21964,播放,26964,欢愉,31964,狠手,36964,组了,41964,贫困地区,46964,难熬
1965,两站,6965,初三,11965,夜猫子,16965,市民,21965,播放器,26965,欢欢,31965,狠抓,36965,组合,41965,贫头,46965,难看
1966,两端,6966,初中,11966,夜班,16966,市里,21966,播种,26966,欢欢乐乐,31966,狠毒,36966,组团,41966,贫富,46966,难眠
1967,两箱,6967,初中生,11967,夜生活,16967,市销,21967,播音,26967,欢欢喜喜,31967,狠泪,36967,组图,41967,贫民,46967,难耐
1968,两篇,6968,初九,11968,夜空,16968,市长,21968,播音员,26968,欢欣鼓舞,31968,狠狠,36968,组委会,41968,贫穷,46968,难衰
1969,两组,6969,初二,11969,夜航,16969,市集,21969,撮合,26969,欢歌,31969,狠话,36969,组局,41969,贫血,46969,难觅
1970,两罐,6970,初五,11970,夜色,16970,市面,21970,撰写,26970,欢歌笑语,31970,狡猾,36970,组撒,41970,贫贱不能,46970,难辨
1971,两者之间,6971,初体验,11971,夜行,16971,市面上,21971,撰文,26971,欢爷,31971,狡黠,36971,组有,41971,贫道,46971,难过
1972,两耳不闻,6972,初八,11972,夜袭,16972,布丁,21972,撰稿,26972,欢畅,31972,狩猎,36972,组织,41972,贬低,46972,难逃
1973,两脚,6973,初六,11973,夜话,16973,布下,21973,撰稿人,26973,欢笑,31973,独一,36973,组装,41973,贬值,46973,难道真
1974,两艘,6974,初冬,11974,夜路,16974,布兰,21974,撷芳,26974,欢聚,31974,独一无二,36974,组长,41974,贬损,46974,难题
1975,两行,6975,初吻,11975,夜里,16975,布兰妮,21975,撸子,26975,欢聚一堂,31975,独乐,36975,组队,41975,购书,46975,雀子
1976,两趟,6976,初四,11976,夜间,16976,布列塔尼,21976,撺掇,26976,欢脱,31976,独享,36976,绅士,41976,购买,46976,雀巢
1977,两车,6977,初夏,11977,夜雨,16977,布力,21977,撼动,26977,欢腾,31977,独具,36977,细分,41977,购价,46977,雀斑
1978,两辆,6978,初学,11978,够不够,16978,布娃娃,21978,擀面,26978,欢迎光临,31978,独具特色,36978,细则,41978,购入,46978,雀跃
1979,两辆车,6979,初心,11979,够不着,16979,布宫,21979,擅自,26979,欢迎您,31979,独创,36979,细品,41979,购房,46979,雀雀
1980,两边,6980,初恋,11980,够吃,16980,布尔,21980,擅长,26980,欢送,31980,独到,36980,细嫩,41980,购物,46980,雁南飞
1981,两遍,6981,初春,11981,够呛,16981,布局,21981,操作,26981,欣儿,31981,独占,36981,细小,41981,购物中心,46981,雁塔
1982,两道,6982,初期,11982,够味,16982,布展,21982,操作系统,26982,欣喜,31982,独唱,36982,细心,41982,购物券,46982,雁声
1983,两部,6983,初次,11983,够味儿,16983,布岛,21983,操刀,26983,欣喜若狂,31983,独在,36983,细毛,41983,购物狂,46983,雁子
1984,两重天,6984,初次见面,11984,够快,16984,布布,21984,操办,26984,欣嘻哈,31984,独坐,36984,细水长流,41984,购物袋,46984,雁荡
1985,两锅,6985,初步,11985,够意思,16985,布拉,21985,操劳,26985,欣在,31985,独夫,36985,细看,41985,购物车,46985,雁鸣
1986,两集,6986,初现,11986,够早,16986,布拉格,21986,操场,26986,欣快,31986,独奏,36986,细纹,41986,购票,46986,雄仔
1987,两面,6987,初稿,11987,够用,16987,布措,21987,操场上,26987,欣怡,31987,独好,36987,细细,41987,购置,46987,雄伟
1988,两顿,6988,初级,11988,大丈夫,16988,布料,21988,操守,26988,欣悦,31988,独孤,36988,细细品味,41988,购车,46988,雄建
1989,两颗,6989,初衷,11989,大三,16989,布施,21989,操心,26989,欣情,31989,独守,36989,细细的,41989,贯彻,46989,雄心
1990,两首,6990,初见,11990,大不列颠,16990,布朗,21990,操怒,26990,欣慰,31990,独家,36990,细胞,41990,贯穿,46990,雄性
1991,两首歌,6991,初选,11991,大不大,16991,布棉,21991,操控,26991,欣欣,31991,独居,36991,细腻,41991,贰伟,46991,雄标
1992,两高,6992,初长成,11992,大专,16992,布满,21992,操操,26992,欣欣然,31992,独播,36992,细致,41992,贱人,46992,雄起
1993,严严实实,6993,初雪,11993,大业,16993,布置,21993,操纵,26993,欣源,31993,独有,36993,细节,41993,贱行,46993,雄霸
1994,严冬,6994,删帖,11994,大东海,16994,布置任务,21994,操练,26994,欣然,31994,独木桥,36994,细节决定,41994,贱货,46994,雄飞
1995,严厉,6995,删掉,11995,大个,16995,布蕾,21995,操蛋,26995,欣爱,31995,独木舟,36995,细菌,41995,贴个,46995,雄鹰
1996,严实,6996,删除,11996,大个儿,16996,布衣,21996,擎天柱,26996,欣荣,31996,独栋,36996,细说,41996,贴出来,46996,雅乐
1997,严密,6997,判决,11997,大中华,16997,布袋,21997,擦亮,26997,欣赏,31997,独树一帜,36997,细长,41997,贴切,46997,雅兰
1998,严寒,6998,判决书,11998,大中华区,16998,布谷,21998,擦亮眼睛,26998,欧了,31998,独此一家,36998,细雨,41998,贴合,46998,雅兴
1999,严峻,6999,判刑,11999,大丰收,16999,布谷鸟,21999,擦屁股,26999,欧亚,31999,独活,36999,织女,41999,贴士,46999,雅典
2000,严彦子,7000,判官,12000,大为,17000,布赖,22000,擦干,27000,欧元,32000,独爱,37000,织女星,42000,贴子,47000,雅典娜
2001,严彬,7001,判定,12001,大义凛然,17001,布达,22001,擦掉,27001,欧冠,32001,独特,37001,织完,42001,贴心,47001,雅娜
2002,严惩,7002,判年,12002,大乐,17002,布达佩斯,22002,擦擦,27002,欧吧,32002,独独,37002,织梦,42002,贴条,47002,雅娟
2003,严惩不贷,7003,判断,12003,大乖,17003,布达拉宫,22003,擦汗,27003,欧宝,32003,独狼,37003,织织,42003,贴着,47003,雅安
2004,严惩凶手,7004,判罚,12004,大乙八郎,17004,布里斯班,22004,擦泪,27004,欧尼,32004,独生子女,37004,织造,42004,贴秋,47004,雅宝
2005,严打,7005,刨冰,12005,大事儿,17005,布陪,22005,擦肩,27005,欧巴,32005,独眼,37005,终于,42005,贴纸,47005,雅小
2006,严查,7006,刨花,12006,大二,17006,布鞋,22006,擦肩而过,27006,欧式,32006,独眼龙,37006,终会,42006,贴膜,47006,雅尔
2007,严梓妤,7007,利于,12007,大于,17007,布鲁克,22007,攀丝,27007,欧弟,32007,独秀,37007,终审,42007,贴身,47007,雅尼
2008,严正,7008,利亚,12008,大亨,17008,布鲁姆,22008,攀丝洞,27008,欧文,32008,独立,37008,终将,42008,贴近,47008,雅居乐
2009,严琦,7009,利剑,12009,大亮,17009,布鲁斯,22009,攀今吊古,27009,欧欧,32009,独立团,37009,终归,42009,贴面,47009,雅座
2010,严禁,7010,利器,12010,大人,17010,布鲁斯南,22010,攀升,27010,欧泪,32010,独立王国,37010,终归是,42010,贵不贵,47010,雅思
2011,严肃,7011,利好,12011,大人物,17011,帅到,22011,攀岩,27011,欧洋,32011,独臂,37011,终成眷属,42011,贵人,47011,雅文
2012,严肃处理,7012,利害,12012,大仙,17012,帅呆了,22012,攀比,27012,欧洲,32012,独自一人,37012,终有,42012,贵圈,47012,雅昌
2013,严谨,7013,利己,12013,大件,17013,帅哥,22013,攀爬,27013,欧洲人,32013,独舞,37013,终极,42013,贵在,47013,雅格
2014,严重不足,7014,利息,12014,大众,17014,帅哥美女,22014,攀登,27014,欧洲杯,32014,独行,37014,终极版,42014,贵多,47014,雅楠
2015,严重后果,7015,利比亚,12015,大众传播,17015,帅多,22015,攀要,27015,欧洲游,32015,独行侠,37015,终极目标,42015,贵妃,47015,雅然
2016,严锋,7016,利润,12016,大众汽车,17016,帅天,22016,攒够,27016,欧盟,32016,独裁,37016,终止,42016,贵妇,47016,雅琼
2017,丧失,7017,利滚利,12017,大伙,17017,帅小伙,22017,攒底,27017,欧美,32017,独裁者,37017,终点,42017,贵姓,47017,雅痞
2018,丧尸,7018,利用,12018,大伙儿,17018,帅少,22018,攒点,27018,欧美人,32018,独角,37018,终点站,42018,贵子,47018,雅维娅
2019,丧尽天良,7019,利益,12019,大会,17019,帅帅,22019,攒着,27019,欧美国家,32019,独角兽,37019,终生,42019,贵客,47019,雅致
2020,丧心病狂,7020,利益集团,12020,大会堂,17020,帅帅帅,22020,攒钱,27020,欧耶,32020,独走,37020,终究,42020,贵宾,47020,雅芳
2021,个个,7021,利索,12021,大伟,17021,帅得,22021,支个,27021,欧舒丹,32021,独身,37021,终端,42021,贵宾卡,47021,雅萍
2022,个事,7022,利群,12022,大余湾,17022,帅死,22022,支付,27022,欧莱雅,32022,独酌,37022,终结,42022,贵宾犬,47022,雅虎
2023,个人信息,7023,利落,12023,大佛,17023,帅气,22023,支付宝,27023,欧豪,32023,独门,37023,终结者,42023,贵州,47023,雅诗兰黛
2024,个人感觉,7024,利马,12024,大作,17024,帅点,22024,支出,27024,欧阳,32024,独食,37024,终老,42024,贵州省,47024,雅阁
2025,个体,7025,别下,12025,大佬,17025,帅爆,22025,支招,27025,欧阳锋,32025,狭小,37025,终身,42025,贵州省旅游局,47025,雅雅
2026,个例,7026,别个,12026,大佳网,17026,帅爱,22026,支招儿,27026,欧阳靖,32026,狭窄,37026,终身难忘,42026,贵族,47026,雅集
2027,个儿,7027,别乱,12027,大使,17027,帅翻,22027,支持,27027,欧陆,32027,狭路相逢,37027,绊倒,42027,贵气,47027,雅静
2028,个剧,7028,别介,12028,大使馆,17028,帅酷,22028,支持者,27028,欲哭无泪,32028,狭隘,37028,绍兴,42028,贵泪,47028,雅高
2029,个场,7029,别以为,12029,大侠,17029,帅锅,22029,支援,27029,欲望,32029,狮兄,37029,绍尔,42029,贵点,47029,雅鲁藏布
2030,个头,7030,别光,12030,大便,17030,帆哥,22030,支撑,27030,欲盖弥彰,32030,狮吼,37030,经不住,42030,贵贱,47030,集中地
2031,个头儿,7031,别克,12031,大促,17031,帆姐,22031,支教,27031,欲罢不能,32031,狮城,37031,经不起,42031,贵阳,47031,集中精力
2032,个子,7032,别具,12032,大俗,17032,帆布,22032,支架,27032,欲裂,32032,狮姐,37032,经停,42032,贵阳市,47032,集中营
2033,个展,7033,别具一格,12033,大假,17033,帆帆,22033,支柱,27033,欲识,32033,狮子,37033,经典,42033,贷款,47033,集会
2034,个性,7034,别出心裁,12034,大儿,17034,帆影,22034,支流,27034,欺人,32034,狮子会,37034,经典台词,42034,贸易,47034,集体
2035,个性化,7035,别动,12035,大儿子,17035,帆船,22035,支点,27035,欺人太甚,32035,狮子头,37035,经典电影,42035,费列罗,47035,集体婚礼
2036,个表,7036,别去,12036,大元,17036,帆船赛,22036,支烟,27036,欺诈,32036,狮子山,37036,经典语录,42036,费力,47036,集体照
2037,个赞,7037,别去了,12037,大全,17037,师从,22037,支票,27037,欺负,32037,狮子座,37037,经典音乐,42037,费加罗,47037,集创
2038,丫丫,7038,别发,12038,大公,17038,师们,22038,支离破碎,27038,欺骗,32038,狮子王,37038,经历,42038,费劲,47038,集合
2039,丫儿,7039,别名,12039,大公鸡,17039,师傅,22039,支英珉,27039,欺骗性,32039,狮家,37039,经受,42039,费城,47039,集团
2040,丫在,7040,别哭,12040,大兴,17040,师兄,22040,支行,27040,款式,32040,狮海,37040,经年,42040,费奥,47040,集市
2041,丫头,7041,别国,12041,大兴区,17041,师兄弟,22041,支配,27041,款待,32041,狮王,37041,经得住,42041,费尔蒙,47041,集思广益
2042,丫才,7042,别墅,12042,大兵,17042,师友,22042,支队,27042,款款,32042,狮鸢,37042,经得起,42042,费尽心思,47042,集成
2043,丫挺,7043,别太,12043,大典,17043,师叔,22043,收下,27043,款项,32043,狰狞,37043,经查,42043,费心,47043,集散地
2044,丫是,7044,别太累,12044,大内,17044,师哥,22044,收不到,27044,歇业,32044,狱警,37044,经济,42044,费所建,47044,集结
2045,丫有,7045,别学,12045,大冒险,17045,师大,22045,收个,27045,歇会儿,32045,狸狸,37045,经济危机,42045,费明,47045,集美
2046,丫真,7046,别家,12046,大写,17046,师太,22046,收买,27046,歇息,32046,狸猫,37046,经济型,42046,费用,47046,集群
2047,丫能,7047,别带,12047,大军,17047,师奶,22047,收件,27047,歇斯底里,32047,狼人,37047,经济学,42047,费解,47047,集聚
2048,丫路,7048,别干,12048,大冷,17048,师妹,22048,收件人,27048,歇歇,32048,狼哥,37048,经济学家,42048,费雷尔,47048,集装箱
2049,丫都,7049,别志平,12049,大出血,17049,师姐,22049,收信,27049,歇脚,32049,狼外婆,37049,经济舱,42049,贺兰,47049,集训
2050,丫鬟,7050,别忘,12050,大刀,17050,师娘,22050,收入,27050,歇菜,32050,狼心狗肺,37050,经理,42050,贺兰山,47050,集锦
2051,中上,7051,别忘了,12051,大刚,17051,师宗,22051,收养,27051,歉意,32051,狼晕,37051,经理人,42051,贺卡,47051,集集
2052,中世纪,7052,别忘记,12052,大利,17052,师弟,22052,收到,27052,歌乐山,32052,狼来了,37052,经纪,42052,贺卫方,47052,集齐
2053,中东,7053,别怕,12053,大到,17053,师徒,22053,收割,27053,歌仔,32053,狼烟,37053,经纪人,42053,贺喜,47053,雇主
2054,中个,7054,别急,12054,大剧,17054,师是,22054,收发,27054,歌会,32054,狼牙山,37054,经纬,42054,贺岁,47054,雇佣
2055,中产,7055,别怪,12055,大力发展,17055,师永刚,22055,收取,27055,歌儿,32055,狼狈,37055,经纬度,42055,贺延光,47055,雌性
2056,中人,7056,别扭,12056,大力士,17056,师父,22056,收口,27056,歌剧,32056,狼狗,37056,经营,42056,贺新年,47056,雌雄
2057,中介,7057,别拦,12057,大力支持,17057,师爷,22057,收听,27057,歌华有线,32057,狼王,37057,经营报,42057,贺永强,47057,雌雄同体
2058,中介费,7058,别提,12058,大动脉,17058,师生,22058,收回,27058,歌单,32058,狼群,37058,经营者,42058,贺江,47058,雍和宫
2059,中会,7059,别有,12059,大势,17059,师者,22059,收图,27059,歌友会,32059,狼藉,37059,经观,42059,贺然,47059,雍容
2060,中传,7060,别有洞天,12060,大勇,17060,师范,22060,收场,27060,歌名,32060,猎人,37060,经视,42060,贺电,47060,雍小雍
2061,中俊,7061,别来,12061,大包,17061,师长,22061,收复,27061,歌后,32061,猎头,37061,经费,42061,贺老,47061,雍正
2062,中信,7062,别样,12062,大匠,17062,师门,22062,收好,27062,歌咏,32062,猎户,37062,经销商,42062,贺若惠儿,47062,雏形
2063,中信银行,7063,别样红,12063,大区,17063,师院,22063,收完,27063,歌唱,32063,猎手,37063,经验,42063,贺超兵,47063,雏菊
2064,中元节,7064,别理,12064,大千世界,17064,希哥,22064,收官,27064,歌唱家,32064,猎杀,37064,经验之谈,42064,贺霄,47064,雒尘
2065,中共,7065,别生气,12065,大半,17065,希尔,22065,收容,27065,歌喉,32065,猎物,37065,绑定,42065,贻笑大方,47065,雕像
2066,中关村,7066,别看,12066,大半个,17066,希尔顿,22066,收容所,27066,歌坛,32066,猎者,37066,绑架,42066,贾乃亮,47066,雕刻
2067,中兴,7067,别着急,12067,大半夜,17067,希尔顿酒店,22067,收尾,27067,歌声,32067,猎豹,37067,结个,42067,贾云峰,47067,雕塑
2068,中分,7068,别睡了,12068,大半天,17068,希希,22068,收工,27068,歌子,32068,猎隼,37068,结了婚,42068,贾佳,47068,雕爷
2069,中到,7069,别离,12069,大半年,17069,希慎,22069,收录,27069,歌手,32069,猕猴,37069,结交,42069,贾先兵,47069,雕粉
2070,中医,7070,别笑,12070,大卖,17070,希拉,22070,收徒,27070,歌星,32070,猕猴桃,37070,结伴,42070,贾妍,47070,雨下
2071,中医药,7071,别老,12071,大卡,17071,希拉里,22071,收心,27071,歌曲,32071,猖狂,37071,结伴同行,42071,贾宁,47071,雨中
2072,中医院,7072,别老是,12072,大卫,17072,希望,22072,收手,27072,歌有,32072,猖獗,37072,结冰,42072,贾宝玉,47072,雨亭
2073,中午,7073,别致,12073,大厅,17073,希望工程,22073,收拾,27073,歌泪,32073,猛一,37073,结婚,42073,贾家国,47073,雨伞
2074,中午饭,7074,别装,12074,大厦,17074,希热,22074,收摊,27074,歌爱,32074,猛一看,37074,结婚照,42074,贾建强,47074,雨停
2075,中华,7075,别误会,12075,大厨,17075,希特勒,22075,收收,27075,歌王,32075,猛于,37075,结婚网,42075,贾樟柯,47075,雨儿
2076,中华书局,7076,别跟我,12076,大发,17076,希瑞,22076,收放自如,27076,歌神,32076,猛击,37076,结婚证,42076,贾澎,47076,雨具
2077,中华人民共和国,7077,别错过,12077,大叔,17077,希腊,22077,收敛,27077,歌者,32077,猛刚,37077,结实,42077,贾玲,47077,雨势
2078,中华儿女,7078,别问,12078,大叔叔,17078,希茜爸,22078,收服,27078,歌舞,32078,猛力,37078,结尾,42078,贾老师,47078,雨化
2079,中华民族,7079,别闹,12079,大受欢迎,17079,希道,22079,收留,27079,歌衰,32079,猛地,37079,结局,42079,贾董,47079,雨后
2080,中华美食,7080,别难过,12080,大口,17080,希金斯,22080,收益,27080,歌词,32080,猛士,37080,结巴,42080,贾跃亭,47080,雨声
2081,中南,7081,刮痧,12081,大叫,17081,帐单,22081,收看,27081,歌诗达,32081,猛敌,37081,结帐,42081,贾静雯,47081,雨夜
2082,中南海,7082,刮目相看,12082,大可,17082,帐号,22082,收着,27082,歌迷,32082,猛料,37082,结成,42082,贾鹏,47082,雨天
2083,中原,7083,刮胡子,12083,大号,17083,帐户,22083,收礼,27083,歌迷会,32083,猛涨,37083,结晶,42083,贿赂,47083,雨夹雪
2084,中去,7084,刮起,12084,大吃,17084,帐篷,22084,收纳,27084,歌颂,32084,猛烈,37084,结束,42084,资产,47084,雨娟儿
2085,中台,7085,刮风,12085,大吃一顿,17085,帕劳,22085,收花,27085,歙县,32085,猛男,37085,结构,42085,资兴,47085,雨季
2086,中品,7086,到位,12086,大吃大喝,17086,帕尔哈,22086,收获,27086,止不住,32086,猛禽,37086,结石,42086,资助,47086,雨巷
2087,中国,7087,到哪去,12087,大合唱,17087,帕尔玛,22087,收藏,27087,止咳,32087,猛虎,37087,结算,42087,资我,47087,雨彤
2088,中国人民大学,7088,到场,12088,大吉,17088,帕帕,22088,收藏家,27088,止戈,32088,猜不出,37088,结结实实,42088,资料,47088,雨晓薇
2089,中国人民解放军,7089,到家,12089,大吉大利,17089,帕帝,22089,收视,27089,止步,32089,猜中,37089,结缘,42089,资本,47089,雨来
2090,中国传媒,7090,到家后,12090,大同,17090,帕斯,22090,收视率,27090,止渴,32090,猜出,37090,结论,42090,资本主义,47090,雨林
2091,中国区,7091,到度,12091,大同小异,17091,帕特,22091,收货,27091,止疼药,32091,猜出来,37091,结识,42091,资本家,47091,雨果
2092,中国史,7092,到手,12092,大名,17092,帕萨特,22092,收购,27092,止痛,32092,猜到,37092,结账,42092,资格,47092,雨枫
2093,中国大饭店,7093,到斤,12093,大名鼎鼎,17093,帕西,22093,收费,27093,止痛片,32093,猜图,37093,绕口令,42093,资深,47093,雨桐
2094,中国工商银行,7094,到时候,12094,大后天,17094,帕金森,22094,收费口,27094,止痛药,32094,猜得出,37094,绕城,42094,资源,47094,雨水
2095,中国式,7095,到期,12095,大君,17095,帖子,22095,收费员,27095,止血,32095,猜想,37095,绕梁,42095,资源网,47095,雨润
2096,中国政府,7096,到来,12096,大吼,17096,帘子,22096,收费处,27096,正一,32096,猜拳,37096,绕梁三日,42096,资讯,47096,雨淋
2097,中国旅游出版社,7097,到来之际,12097,大呼,17097,帝国,22097,收费站,27097,正中,32097,猜测,37097,绕行,42097,资讯中心,47097,雨滴
2098,中国民航,7098,到极点,12098,大哥,17098,帝国主义,22098,收走,27098,正中间,32098,猜猜,37098,绕路,42098,资讯网,47098,雨潇潇
2099,中国电信,7099,到此一游,12099,大哥大,17099,帝堵,22099,收起,27099,正为,32099,猜猜猜,37099,绕道,42099,资质,47099,雨点
2100,中国移动,7100,到访,12100,大哭,17100,帝王,22100,收钱,27100,正义,32100,猜猜看,37100,绘制,42100,资金,47100,雨燕
2101,中国籍,7101,到货,12101,大唐,17101,帝皇,22101,收银,27101,正义感,32101,猜谜,37101,绘本,42101,赋予,47101,雨琪
2102,中国经贸,7102,到达,12102,大喊,17102,帝辰妈,22102,收银员,27102,正义者,32102,猜错,37102,绘画,42102,赌博,47102,雨神
2103,中国联通,7103,制作,12103,大喜,17103,帝都,22103,收集,27103,正事,32103,猝不及防,37103,给与,42103,赌场,47103,雨翼
2104,中国航天,7104,制作方法,12104,大嘴,17104,带上,22104,收音机,27104,正事儿,32104,猝死,37104,给予,42104,赌城,47104,雨蒙蒙
2105,中国足协,7105,制冷,12105,大嘴巴,17105,带不带,22105,改一改,27105,正价,32105,猥亵,37105,给人以,42105,赌石,47105,雨衣
2106,中国足球队,7106,制品,12106,大四,17106,带个,22106,改不了,27106,正传,32106,猥琐,37106,给你个,42106,赏味,47106,雨路
2107,中国邮政,7107,制定,12107,大四喜,17107,带些,22107,改个,27107,正儿八经,32107,猥琐男,37107,给出,42107,赏心悦目,47107,雨辰
2108,中国银行,7108,制度,12108,大团圆,17108,带件,22108,改为,27108,正则,32108,猩猩,37108,给力,42108,赏月,47108,雨辰海
2109,中国队,7109,制成,12109,大团结,17109,带伞,22109,改买,27109,正午,32109,猪仔,37109,给我发,42109,赏枫,47109,雨过天晴
2110,中场,7110,制服,12110,大国,17110,带伤,22110,改了,27110,正反,32110,猪八戒,37110,给钱,42110,赏花,47110,雨量
2111,中堂,7111,制止,12111,大图,17111,带你去,22111,改到,27111,正反面,32111,猪哥,37111,给面,42111,赏赐,47111,雨金争
2112,中壮,7112,制片,12112,大圣,17112,带俩,22112,改制,27112,正合适,32112,猪嘴,37112,给面子,42112,赐予,47112,雨雨
2113,中外,7113,制片人,12113,大地,17113,带儿,22113,改动,27113,正名,32113,猪圈,37113,绚丽,42113,赐教,47113,雨雪
2114,中多,7114,制约,12114,大坏蛋,17114,带入,22114,改变,27114,正告,32114,猪头,37114,绚烂,42114,赐给,47114,雨雾
2115,中大,7115,制造,12115,大坑,17115,带兵,22115,改变命运,27115,正和岛,32115,猪妹,37115,络绎不绝,42115,赔不起,47115,雨露
2116,中大奖,7116,制造者,12116,大块,17116,带刀,22116,改叫,27116,正品,32116,猪快,37116,绝不会,42116,赔偿,47116,雨鞋
2117,中太,7117,刷到,12117,大块朵颐,17117,带到,22117,改名,27117,正大,32117,猪手,37117,绝不能,42117,赔款,47117,雪上加霜
2118,中央,7118,刷刷,12118,大坝,17118,带刺,22118,改名字,27118,正大光明,32118,猪扒,37118,绝世,42118,赔死,47118,雪中
2119,中央人民广播电台,7119,刷卡,12119,大型,17119,带动,22119,改善,27119,正太,32119,猪排,37119,绝交,42119,赔钱,47119,雪中送炭
2120,中央台,7120,刷屏,12120,大城,17120,带劲,22120,改善生活,27120,正央,32120,猪油,37120,绝佳,42120,赖宝,47120,雪亮
2121,中央电视台,7121,刷新,12121,大城市,17121,带劲儿,22121,改天,27121,正好,32121,猪泪,37121,绝唱,42121,赖床,47121,雪人
2122,中央空调,7122,刷机,12122,大埔,17122,带去,22122,改天再来,27122,正宗,32122,猪狗,37122,绝壁,42122,赖皮,47122,雪儿
2123,中央美术学院,7123,刷牙,12123,大堂,17123,带回,22123,改好,27123,正室,32123,猪狗不如,37123,绝大多数,42123,赖着,47123,雪兰莪
2124,中央美院,7124,刷碗,12124,大堡礁,17124,带回去,22124,改完,27124,正对面,32124,猪猪,37124,绝好,42124,赖赖,47124,雪凝花璨
2125,中奖,7125,刷票,12125,大增,17125,带回家,22125,改建,27125,正山,32125,猪皮,37125,绝妙,42125,赖远兴,47125,雪原
2126,中奖率,7126,券仅售,12126,大声,17126,带团,22126,改成,27126,正常人,32126,猪肉,37126,绝密,42126,赘肉,47126,雪后
2127,中奖者,7127,券商,12127,大大咧咧,17127,带坏,22127,改掉,27127,正常值,32127,猪肚,37127,绝情,42127,赚取,47127,雪国
2128,中好,7128,券张,12128,大大小小,17128,带大,22128,改改,27128,正式,32128,猪肝,37128,绝技,42128,赚点,47128,雪地
2129,中学,7129,刹车,12129,大大的,17129,带头,22129,改日,27129,正式版,32129,猪脑子,37129,绝招,42129,赚钱,47129,雪场
2130,中学生,7130,刹那,12130,大天力,17130,带好,22130,改期,27130,正当,32130,猪脚,37130,绝无,42130,赛事,47130,雪域
2131,中将,7131,刹那间,12131,大夫,17131,带娃,22131,改来改去,27131,正当防卫,32131,猪血,37131,绝无仅有,42131,赛前,47131,雪夜
2132,中小企业,7132,刺杀,12132,大失所望,17132,带子,22132,改正,27132,正想,32132,猪要,37132,绝望,42132,赛区,47132,雪天
2133,中小城市,7133,刺激,12133,大头,17133,带宽,22133,改版,27133,正愁,32133,猪蹄,37133,绝活,42133,赛后,47133,雪娜
2134,中小学,7134,刺猬,12134,大奔,17134,带感,22134,改用,27134,正文,32134,猪饲料,37134,绝版,42134,赛场,47134,雪子
2135,中层,7135,刺痛,12135,大奖,17135,带我去,22135,改种,27135,正旺,32135,猫们,37135,绝症,42135,赛季,47135,雪季
2136,中山,7136,刺眼,12136,大奖赛,17136,带有,22136,改稿,27136,正月,32136,猫儿,37136,绝美,42136,赛斯,47136,雪山
2137,中山公园,7137,刺绣,12137,大奸,17137,带来,22137,改签,27137,正月初,32137,猫力,37137,绝育,42137,赛赛,47137,雪峰
2138,中山大学,7138,刺身,12138,大好,17138,带泪,22138,改编,27138,正月十五,32138,猫咪,37138,绝色,42138,赛跑,47138,雪崩
2139,中山装,7139,刺青,12139,大好事,17139,带点,22139,改联,27139,正有,32139,猫哥,37139,绝迹,42139,赛车,47139,雪平
2140,中山路,7140,刻不容缓,12140,大好人,17140,带狗,22140,改良,27140,正果,32140,猫城,37140,绝配,42140,赛车手,47140,雪是
2141,中山陵,7141,刻字,12141,大好河山,17141,带瓶,22141,改行,27141,正气,32141,猫头,37141,绝食,42141,赛过,47141,雪景
2142,中山音乐堂,7142,刻意,12142,大妈,17142,带电,22142,改装,27142,正点,32142,猫头鹰,37142,绞痛,42142,赛道,47142,雪来
2143,中州,7143,刻画,12143,大妞,17143,带病,22143,改装车,27143,正片,32143,猫奴,37143,统一,42143,赛马,47143,雪松
2144,中带,7144,刻苦,12144,大姐,17144,带盐,22144,改观,27144,正版,32144,猫妈,37144,统一标准,42144,赞一,47144,雪梨
2145,中年,7145,刻薄,12145,大姐大,17145,带米,22145,改过,27145,正牌,32145,猫姐,37145,统战部,42145,赞不绝口,47145,雪橇
2146,中年男子,7146,刻骨铭心,12146,大姑,17146,带给,22146,改进,27146,正琢磨,32146,猫子,37146,统治,42146,赞助,47146,雪江舟
2147,中度,7147,剃刀,12147,大姑娘,17147,带罐,22147,改造,27147,正畸,32147,猫宁,37147,统治者,42147,赞助商,47147,雪泥
2148,中庸,7148,削皮,12148,大姚,17148,带美瞳,22148,改错,27148,正直,32148,猫宅,37148,统称,42148,赞去,47148,雪泪
2149,中建,7149,削面,12149,大姨,17149,带薪,22149,改革,27149,正相反,32149,猫帝,37149,统筹,42149,赞叹,47149,雪漫
2150,中式,7150,前一天,12150,大姨妈,17150,带薪休假,22150,改革开放,27150,正看,32150,猫扑,37150,统统,42150,赞同,47150,雪灯
2151,中弹,7151,前三位,12151,大娘,17151,带走,22151,攻克,27151,正确,32151,猫样,37151,统计,42151,赞在,47151,雪球
2152,中微,7152,前三名,12152,大婚,17152,带足,22152,攻击,27152,正经,32152,猫步,37152,统计学,42152,赞大,47152,雪白
2153,中心,7153,前三甲,12153,大婶,17153,带路,22153,攻势,27153,正经事,32153,猫泪,37153,统计局,42153,赞太,47153,雪米
2154,中心店,7154,前不久,12154,大嫂,17154,带锁,22154,攻城,27154,正经事儿,32154,猫熊,37154,统计数据,42154,赞好,47154,雪糕
2155,中怒,7155,前世,12155,大字,17155,带错,22155,攻打,27155,正统,32155,猫爪,37155,绣楼,42155,赞小,47155,雪色
2156,中性,7156,前两天,12156,大学,17156,带队,22156,攻略,27156,正胖,32156,猫猫,37156,绣花,42156,赞张,47156,雪花
2157,中意,7157,前个,12157,大学城,17157,带领,22157,放上,27157,正脸,32157,猫王,37157,继往,42157,赞心,47157,雪茄
2158,中招,7158,前些,12158,大学校园,17158,带饭,22158,放下,27158,正装,32158,猫眼,37158,继承,42158,赞成,47158,雪莲
2159,中指,7159,前些天,12159,大学毕业,17159,带鱼,22159,放下屠刀,27159,正襟危坐,32159,猫科动物,37159,继承人,42159,赞扬,47159,雪莹
2160,中文,7160,前人,12160,大学生,17160,带齐,22160,放不下,27160,正要,32160,猫肉,37160,继承者,42160,赞是,47160,雪菜
2161,中文台,7161,前仆后继,12161,大学老师,17161,席位,22161,放个,27161,正规,32161,猫腻,37161,继续下去,42161,赞有,47161,雪落
2162,中文名,7162,前任,12162,大宁,17162,席文,22162,放之四海而皆准,27162,正规军,32162,献上,37162,继续前进,42162,赞来,47162,雪藏
2163,中文字幕,7163,前位,12163,大宇,17163,席窑,22163,放些,27163,正视,32163,献丑,37163,绩效,42163,赞歌,47163,雪蟹
2164,中文版,7164,前兆,12164,大宗,17164,席间,22164,放人,27164,正解,32164,献出,37164,绩溪,42164,赞比亚,47164,雪豹
2165,中文网,7165,前先,12165,大官,17165,帮不了,22165,放任,27165,正赶上,32165,献唱,37165,续杯,42165,赞泪,47165,雪里
2166,中断,7166,前几日,12166,大官人,17166,帮个,22166,放假,27166,正辰,32166,献爱心,37166,续航,42166,赞爱,47166,雪铁龙
2167,中新社,7167,前列,12167,大宝,17167,帮主,22167,放光,27167,正途,32167,献礼,37167,续集,42167,赞牛,47167,雪镜
2168,中新网,7168,前列腺,12168,大宴,17168,帮人,22168,放入,27168,正道,32168,献给,37168,绯闻,42168,赞王,47168,雪雪
2169,中旅,7169,前功尽弃,12169,大家乐,17169,帮凶,22169,放养,27169,正邪,32169,献花,37169,绰号,42169,赞瑞龟,47169,雪雪酱
2170,中旅总社,7170,前半段,12170,大家伙,17170,帮别人,22170,放出,27170,正阳,32170,献血,37170,绰绰有余,42170,赞给力,47170,雪雪雪
2171,中日,7171,前卫,12171,大家伙儿,17171,帮到,22171,放到,27171,正面,32171,献计献策,37171,绳之以法,42171,赞美,47171,雪风
2172,中日友好医院,7172,前厅,12172,大家庭,17172,帮办,22172,放回,27172,正餐,32172,献身,37172,绳命,42172,赞耶,47172,雪鸿
2173,中旬,7173,前去,12173,大家族,17173,帮好,22173,放在,27173,此举,32173,猴儿,37173,绳子,42173,赞誉,47173,雯儿
2174,中是,7174,前台,12174,大家闺秀,17174,帮子,22174,放在眼里,27174,此书,32174,猴哥,37174,维也纳,42174,赞赏,47174,雯婕
2175,中晕,7175,前名,12175,大富,17175,帮帮,22175,放声,27175,此事,32175,猴子,37175,维亚,42175,赞赞,47175,雯子
2176,中暑,7176,前夕,12176,大寒,17176,帮帮忙,22176,放多,27176,此人,32176,猴年马月,37176,维他命,42176,赞赞赞,47176,雯彬
2177,中有,7177,前夜,12177,大寿,17177,帮帮我,22177,放大,27177,此刻,32177,猴急,37177,维体,42177,赞陆,47177,雯旭旭
2178,中来,7178,前天,12178,大将军,17178,帮忙,22178,放天,27178,此前,32178,猴猴,37178,维修,42178,赠书,47178,雯雅
2179,中枪,7179,前夫,12179,大小,17179,帮手,22179,放学,27179,此去,32179,猴王,37179,维吾尔,42179,赠予,47179,雯雯
2180,中枪泪,7180,前头,12180,大小便,17180,帮扶,22180,放宽,27180,此名,32180,猿声,37180,维多利亚,42180,赠品,47180,零下
2181,中标,7181,前奏,12181,大少爷,17181,帮拍,22181,放寒假,27181,此君,32181,玄同,37181,维多利亚港,42181,赠票,47181,零乱
2182,中欧,7182,前女友,12182,大尸,17182,帮派,22182,放射性,27182,此图,32182,玄天术,37182,维奇,42182,赠送,47182,零件
2183,中止,7183,前妻,12183,大局,17183,帮爱上,22183,放小,27183,此地无银三百两,32183,玄奘,37183,维安,42183,赠送给,47183,零分
2184,中正,7184,前年,12184,大屁,17184,帮着,22184,放屁,27184,此女,32184,玄机,37184,维尔,42184,赢利,47184,零售
2185,中段,7185,前往,12185,大屏,17185,帮菜,22185,放平,27185,此妞,32185,玄武湖,37185,维尼,42185,赢取,47185,零售业
2186,中殷,7186,前所未有,12186,大屏幕,17186,帮衬,22186,放开,27186,此店,32186,玄生,37186,维尼熊,42186,赢大奖,47186,零售价
2187,中毒,7187,前排,12187,大展,17187,帮转,22187,放弃,27187,此微,32187,率先,37187,维护,42187,赢天,47187,零壹
2188,中求,7188,前提,12188,大山,17188,帮转泪,22188,放归,27188,此微博,32188,率性,37188,维拉,42188,赢家,47188,零头
2189,中泪,7189,前方,12189,大岩,17189,帷幕,22189,放得,27189,此情此景,32189,率领,37189,维族,42189,赢得,47189,零度
2190,中泪点,7190,前日,12190,大峡谷,17190,常乐,22190,放得开,27190,此文,32190,玉儿,37190,维景,42190,赢钱,47190,零度以下
2191,中泰,7191,前晚,12191,大川,17191,常人,22191,放心,27191,此时此刻,32191,玉兔,37191,维景正,42191,赢销,47191,零式
2192,中海,7192,前景,12192,大巴,17192,常会,22192,放心使用,27192,此景,32192,玉兰,37192,维权,42192,赣南,47192,零时
2193,中游,7193,前有,12193,大巴扎,17193,常住,22193,放心大胆,27193,此木,32193,玉兰油,37193,维洛纳,42193,赣州,47193,零星
2194,中滴,7194,前期,12194,大巴车,17194,常去,22194,放心好了,27194,此条,32194,玉兰花,37194,维港,42194,赤丹,47194,零点
2195,中澳,7195,前杠,12195,大帅,17195,常吃,22195,放慢,27195,此案,32195,玉女,37195,维生素,42195,赤兔马,47195,零碎
2196,中爱,7196,前来,12196,大师,17196,常回家,22196,放手,27196,此款,32196,玉带,37196,维稳,42196,赤图,47196,零舍
2197,中环,7197,前段,12197,大师傅,17197,常回来,22197,放放要,27197,此歌,32197,玉林,37197,维空间,42197,赤坂,47197,零花钱
2198,中盖,7198,前段时间,12198,大师级,17198,常在,22198,放映,27198,此片,32198,玉树,37198,维纳斯,42198,赤峰,47198,零距离
2199,中石化,7199,前沿,12199,大师赛,17199,常备,22199,放映室,27199,此物,32199,玉泉路,37199,维络城,42199,赤果果,47199,零部件
2200,中秋,7200,前浪,12200,大帝,17200,常委,22200,放晴,27200,此生,32200,玉渊潭,37200,维维,42200,赤柱,47200,零钱
2201,中秋佳节,7201,前生,12201,大幅,17201,常客,22201,放暑假,27201,此番,32201,玉照,37201,绵延,42201,赤脚,47201,零零
2202,中秋月饼,7202,前男友,12202,大幅度,17202,常山,22202,放松,27202,此病,32202,玉琰,37202,绵绵,42202,赤裸,47202,零食
2203,中秋节,7203,前短后长,12203,大幕,17203,常州,22203,放歌,27203,此祝,32203,玉石,37203,绵羊,42203,赤裸裸,47203,雷人
2204,中科院,7204,前程,12204,大平,17204,常年,22204,放毒,27204,此种,32204,玉米,37204,绵薄之力,42204,赤豆,47204,雷人雷
2205,中移,7205,前端,12205,大年三十,17205,常德,22205,放水,27205,此等,32205,玉米棒,37205,绵软,42205,赤辉,47205,雷倒
2206,中等,7206,前线,12206,大年初一,17206,常态,22206,放油,27206,此类,32206,玉米棒子,37206,绵长,42206,赤道,47206,雷元胜
2207,中粮,7207,前胸,12207,大年初三,17207,常晓阳,22207,放火,27207,此行,32207,玉米片,37207,绵阳,42207,赫拉,47207,雷克萨斯
2208,中级,7208,前能,12208,大庆,17208,常有,22208,放炮,27208,此言差矣,32208,玉面,37208,综于,42208,赫本,47208,雷公
2209,中纪委,7209,前菜,12209,大床,17209,常来,22209,放牛,27209,此贴,32209,玉髓,37209,综合,42209,赫柏,47209,雷军
2210,中美,7210,前行,12210,大康,17210,常永,22210,放生,27210,此起彼伏,32210,玉龙,37210,综合症,42210,赫然,47210,雷刚
2211,中老年,7211,前要,12211,大开,17211,常洁,22211,放电,27211,此车,32211,王一,37211,综艺,42211,赫赫,47211,雷到
2212,中考,7212,前身,12212,大开眼界,17212,常浚铭,22212,放电影,27212,此阳,32212,王一涵,37212,综艺节目,42212,走一遭,47212,雷劈
2213,中联,7213,前辈,12213,大张,17213,常熟,22213,放盐,27213,此项,32213,王一辰,37213,绽放,42213,走上,47213,雷同
2214,中肯,7214,前边,12214,大张伟,17214,常理,22214,放眼,27214,此题,32214,王三,37214,绿之源,42214,走不动,47214,雷君君
2215,中能,7215,前途,12215,大当家,17215,常用,22215,放眼望去,27215,步伐,32215,王三石,37215,绿光,42215,走不开,47215,雷哥
2216,中航,7216,前途无量,12216,大德,17216,常笑,22216,放着,27216,步入,32216,王世子,37216,绿化,42216,走个,47216,雷声
2217,中英文,7217,前锋,12217,大忌,17217,常聚,22217,放空,27217,步子,32217,王东,37217,绿卡,42217,走亲访友,47217,雷子
2218,中药,7218,前门,12218,大快朵颐,17218,常艺博,22218,放糖,27218,步枪,32218,王东驰,37218,绿叶,42218,走人,47218,雷子乐
2219,中行,7219,剑侠,12219,大恩,17219,常见,22219,放纵,27219,步步,32219,王丫米,37219,绿地,42219,走入,47219,雷将
2220,中街,7220,剑侠情缘,12220,大悦,17220,常规,22220,放缓,27220,步步高升,32220,王中王,37220,绿城,42220,走出,47220,雷峰塔
2221,中衰,7221,剑客,12221,大悲咒,17221,常识,22221,放置,27221,步行,32221,王丹,37221,绿客,42221,走到,47221,雷得
2222,中西,7222,剑峰,12222,大意,17222,常说,22222,放羊,27222,步行街,32222,王为,37222,绿帽,42222,走动,47222,雷总
2223,中西合璧,7223,剑桥,12223,大慈大悲,17223,常远,22223,放肆,27223,步调,32223,王为念,37223,绿帽子,42223,走势,47223,雷明
2224,中要,7224,剑锋,12224,大懒猫,17224,常道,22224,放荡不羁,27224,步道,32224,王丽小,37224,绿意,42224,走单骑,47224,雷暴
2225,中见,7225,剑阁,12225,大戏,17225,常道求,22225,放行,27225,步骤,32225,王丽萍,37225,绿松石,42225,走后,47225,雷武龙
2226,中视,7226,剔透,12226,大成,17226,常青,22226,放过,27226,武义,32226,王丽霞姐,37226,绿树,42226,走后门,47226,雷死
2227,中说,7227,剖析,12227,大战,17227,常静,22227,放进,27227,武侠,32227,王久辛,37227,绿水,42227,走向,47227,雷电
2228,中请,7228,剖腹,12228,大户,17228,常驻,22228,放进去,27228,武凯,32228,王之牛,37228,绿油油,42228,走向世界,47228,雷电交加
2229,中超,7229,剖腹产,12229,大房,17229,帽子,22229,放送,27229,武则天,32229,王乔,37229,绿洲,42229,走圈,47229,雷神
2230,中路,7230,剥削,12230,大房子,17230,帽帽,22230,放逐,27230,武力,32230,王二媛,37230,绿灯,42230,走失,47230,雷聪悦游
2231,中转,7231,剥夺,12231,大手,17231,幅员辽阔,22231,放错,27231,武功,32231,王二小,37231,绿皮,42231,走好运,47231,雷蒙德
2232,中转站,7232,剥开,12232,大手笔,17232,幅度,22232,放鞭炮,27232,武功山,32232,王于,37232,绿竹,42232,走廊,47232,雷诺
2233,中轴线,7233,剥皮,12233,大扫除,17233,幌子,22233,放题,27233,武半求,32233,王云飞,37233,绿绿,42233,走开,47233,雷达
2234,中过,7234,剧中,12234,大拇指,17234,幕后,22234,放风,27234,武卫,32234,王亚君,37234,绿色,42234,走得,47234,雷迪
2235,中送,7235,剧团,12235,大排,17235,干上,22235,放风筝,27235,武哥,32235,王京,37235,绿色通道,42235,走心,47235,雷迪森
2236,中途,7236,剧场,12236,大排档,17236,干不了,22236,放飞,27236,武器,32236,王亮,37236,绿色食品,42236,走掉,47236,雷邦敏
2237,中通,7237,剧场版,12237,大提,17237,干丝,22237,放马过来,27237,武圣,32237,王介眉,37237,绿茵,42237,走时,47237,雷锋
2238,中道,7238,剧情,12238,大放送,17238,干事,22238,放鸽子,27238,武士,32238,王以,37238,绿茶,42238,走来,47238,雷锋精神
2239,中部,7239,剧本,12239,大斌,17239,干些,22239,政制,27239,武大,32239,王伟,37239,绿荫,42239,走来走去,47239,雷阵雨
2240,中队,7240,剧毒,12240,大料,17240,干什么,22240,政务,27240,武大郎,32240,王传鹏,37240,绿豆,42240,走样,47240,雷雅淇静
2241,中院,7241,剧烈,12241,大新,17241,干儿,22241,政协,27241,武夷,32241,王佳庆,37241,绿豆汤,42241,走泪,47241,雷雨
2242,中雨,7242,剧照,12242,大方,17242,干儿子,22242,政协委员,27242,武夷山,32242,王佳庆衰,37242,绿豆沙,42242,走狗,47242,雷雷
2243,中青报,7243,剧目,12243,大旗,17243,干冰,22243,政变,27243,武夷山市,32243,王俊,37243,绿豆糕,42243,走着瞧,47243,雷霆
2244,中青旅,7244,剧组,12244,大早,17244,干冷,22244,政委,27244,武宁,32244,王健,37244,绿豆蛙,42244,走神,47244,雷音
2245,中非,7245,剧透,12245,大明,17245,干净,22245,政客,27245,武官,32245,王健林,37245,绿道,42245,走秀,47245,雷颐
2246,中频,7246,剧透剧,12246,大明湖,17246,干净利落,22246,政府,27246,武定,32246,王储,37246,绿野,42246,走私,47246,雷鸣
2247,中风,7247,剧透社,12247,大星,17247,干到,22247,政府部门,27247,武小,32247,王元涛,37247,绿野仙踪,42247,走红,47247,雾凇
2248,中餐,7248,剧酷,12248,大春,17248,干吗,22248,政权,27248,武平,32248,王先森,37248,绿领巾,42248,走老路,47248,雾失
2249,中餐厅,7249,剧里,12249,大昭寺,17249,干吾乃小伟,22249,政治,27249,武当,32249,王先生,37249,缅怀,42249,走走,47249,雾气
2250,中餐馆,7250,剧院,12250,大是,17250,干呕,22250,政治家,27250,武当山,32250,王光海,37250,缅甸,42250,走走停停,47250,雾海
2251,中饭,7251,剧集,12251,大显身手,17251,干嘛,22251,政法,27251,武悦,32251,王克勤,37251,缆车,42251,走走看看,47251,雾满
2252,丰丰,7252,剩下,12252,大晕,17252,干坏事,22252,政策,27252,武文,32252,王八,37252,缓冲,42252,走起,47252,雾茫茫
2253,丰乳,7253,剩个,12253,大晴天,17253,干女儿,22253,政经,27253,武旭峰,32253,王八蛋,37253,缓和,42253,走路,47253,雾蒙蒙
2254,丰南,7254,剩余,12254,大暑,17254,干妈,22254,政绩,27254,武昌,32254,王兵,37254,缓慢,42254,走边,47254,雾都
2255,丰厚,7255,剩天,12255,大暴雨,17255,干完,22255,政要,27255,武晓勃,32255,王冉,37255,缓缓,42255,走过,47255,雾里
2256,丰台,7256,剩女,12256,大有,17256,干将,22256,故乡,27256,武术,32256,王冉赞,37256,缓解,42256,走运,47256,雾里看花
2257,丰台区,7257,剩菜,12257,大望路,17257,干巴,22257,故事,27257,武松,32257,王军,37257,缓过,42257,走近,47257,雾非雾
2258,丰富多彩,7258,剩饭,12258,大本营,17258,干干净净,22258,故事会,27258,武林,32258,王冠,37258,编个,42258,走进,47258,需元
2259,丰收,7259,剪个,12259,大朵,17259,干干脆脆,22259,故事情节,27259,武林高手,32259,王冬,37259,编们,42259,走远,47259,需元起
2260,丰满,7260,剪刀,12260,大杂烩,17260,干得,22260,故人,27260,武汉,32260,王凡,37260,编会,42260,走遍,47260,需时
2261,丰田,7261,剪刀手,12261,大村,17261,干扰,22261,故作,27261,武汉大学,32261,王凯,37261,编偶,42261,走错,47261,需求
2262,丰盈,7262,剪剪,12262,大条,17262,干掉,22262,故园,27262,武汉市,32262,王击,37262,编制,42262,走霉运,47262,需注意
2263,丰盛,7263,剪发,12263,大杯,17263,干旱,22263,故地重游,27263,武生,32263,王则,37263,编剧,42263,走音,47263,需要的话
2264,丰石园,7264,剪头发,12264,大松,17264,干杯,22264,故城,27264,武程翔,32264,王刚,37264,编发,42264,走马观花,47264,需谨慎
2265,丰碑,7265,剪子,12265,大林,17265,干果,22265,故宫,27265,武艺,32265,王利杰,37265,编号,42265,赴约,47265,震中
2266,丰维景,7266,剪影,12266,大枣,17266,干枯,22266,故宫博物院,27266,武装,32266,王利民,37266,编好,42266,赵与,47266,震到
2267,丰胸,7267,剪成,12267,大栅栏,17267,干泪,22267,故居,27267,武警,32267,王利芬,37267,编导,42267,赵世林,47267,震动
2268,丰衣足食,7268,剪掉,12268,大树,17268,干洗,22268,故意杀人罪,27268,武越明,32268,王力,37268,编排,42268,赵丽华,47268,震坏
2269,丰饶,7269,剪短,12269,大校,17269,干活,22269,故有,27269,武进,32269,王力宏,37269,编曲,42269,赵丽颖,47269,震天响
2270,串串,7270,剪纸,12270,大桃,17270,干活儿,22270,故知,27270,武鑫,32270,王功权,37270,编来,42270,赵云,47270,震惊
2271,串串香,7271,剪裁,12271,大桥,17271,干涉,22271,故里,27271,武钊,32271,王勇,37271,编码,42271,赵亮,47271,震感
2272,串儿,7272,剪辑,12272,大桶,17272,干涩,22272,故障,27272,武阳,32272,王勇平,37272,编程,42272,赵传,47272,震慑
2273,串场,7273,剪过,12273,大梅沙,17273,干湿,22273,效仿,27273,武陟,32273,王勤,37273,编织,42273,赵作霖,47273,震撼
2274,串子,7274,副业,12274,大棚,17274,干炸,22274,效应,27274,武陵,32274,王千源,37274,编织袋,42274,赵健,47274,震撼人心
2275,串烧,7275,副会长,12275,大椰,17275,干点,22275,效果,27275,武隆,32275,王博,37275,编编,42275,赵克强,47275,震撼力
2276,串门,7276,副作用,12276,大楼,17276,干烧,22276,效果图,27276,歧义,32276,王卯,37276,编舞,42276,赵冀龙,47276,震晕
2277,临床,7277,副局长,12277,大模,17277,干熟,22277,效率,27277,歧视,32277,王友,37277,编要,42277,赵则,47277,震源
2278,临时,7278,副总,12278,大樱桃,17278,干燥,22278,效率高,27278,歪嘴,32278,王后,37278,编译,42278,赵剑,47278,震精
2279,临时工,7279,副总经理,12279,大款,17279,干爹,22279,效益,27279,歪小伦,32279,王君超,37279,编辑,42279,赵华,47279,霉女
2280,临沂,7280,副总裁,12280,大武,17280,干瘪,22280,敌不过,27280,歪打正着,32280,王启敏,37280,编辑室,42280,赵哥,47280,霉运
2281,临沭,7281,副教授,12281,大气,17281,干的事,22281,敌人,27281,歪曲,32281,王周生,37281,编辑部,42281,赵嘉,47281,霍元甲
2282,临河,7282,副本,12282,大气污染,17282,干着,22282,敌军,27282,歪歪,32282,王品,37282,编造,42282,赵四,47282,霍克
2283,临海,7283,副歌,12283,大水,17283,干着急,22283,敌对势力,27283,歪瑞,32283,王哈哈,37283,缘于,42283,赵国,47283,霍华德
2284,临渊,7284,割喉,12284,大汉,17284,干瞪眼,22284,敏一嘴,27284,歪酷,32284,王哓军,37284,缘份,42284,赵大,47284,霍在
2285,临湖,7285,割爱,12285,大汗淋漓,17285,干粮,22285,敏俊,27285,歹徒,32285,王哥,37285,缘分,42285,赵妍,47285,霍夫曼
2286,临睡前,7286,割肉,12286,大江,17286,干练,22286,敏奇敏奇,27286,歹毒,32286,王哲,37286,缘味,42286,赵婕,47286,霍尊
2287,临终,7287,割舍,12287,大江南北,17287,干细胞,22287,敏尧,27287,死不瞑目,32287,王善勇,37287,缘故,42287,赵子,47287,霍小
2288,临走,7288,剽窃,12288,大江网,17288,干脆,22288,敏感,27288,死丫头,32288,王嘉年,37288,缘来,42288,赵子惠,47288,霍小驰
2289,临走前,7289,剿匪,12289,大河,17289,干警,22289,敏捷,27289,死了心,32289,王嘉萌,37289,缘由,42289,赵家,47289,霍心
2290,临近,7290,劈叉,12290,大河网,17290,干贝,22290,敏敏,27290,死亡,32290,王国,37290,缘起,42290,赵导,47290,霍思燕
2291,丸儿,7291,劈开,12291,大治,17291,干货,22291,敏锐,27291,死人,32291,王均,37291,缝制,42291,赵小,47291,霍梓铭
2292,丸子,7292,力不从心,12292,大法,17292,干过,22292,救世主,27292,死伤,32292,王大,37292,缝针,42292,赵小咛,47292,霍比特
2293,丹东,7293,力争,12293,大法师,17293,干邑,22293,救人,27293,死光,32293,王大人,37293,缠绕,42293,赵小姐,47293,霍爷
2294,丹丹,7294,力作,12294,大泪,17294,干部,22294,救兵,27294,死党,32294,王大元,37294,缠绵,42294,赵小川,47294,霍琳
2295,丹妮,7295,力儿,12295,大泪泪,17295,干锅,22295,救出,27295,死刑,32295,王大夫,37295,缠身,42295,赵小猴,47295,霍艾言
2296,丹姐,7296,力力,12296,大洋,17296,干预,22296,救助,27296,死刑犯,32296,王大磊,37296,缤纷,42296,赵小莎,47296,霍茹
2297,丹娘,7297,力加,12297,大洋彼岸,17297,平价,22297,救助站,27297,死去,32297,王大胃,37297,缥缈,42297,赵小莹,47297,霍雪岭
2298,丹娜,7298,力士,12298,大洲,17298,平假名,22298,救命,27298,死去活来,32298,王大高,37298,缩写,42298,赵州茶,47298,霍霍
2299,丹尼,7299,力宏,12299,大浪,17299,平儿,22299,救命稻草,27299,死后,32299,王天,37299,缩回去,42299,赵帅,47299,霏霏
2300,丹尼尔,7300,力度,12300,大海,17300,平凡,22300,救回来,27300,死命,32300,王天定,37300,缩小,42300,赵彬,47300,霓虹
2301,丹尼斯,7301,力心,12301,大海捞针,17301,平原,22301,救场,27301,死因,32301,王夫人,37301,缩影,42301,赵径,47301,霓虹灯
2302,丹巴,7302,力所能及,12302,大清,17302,平反,22302,救急,27302,死地,32302,王奕文,37302,缩水,42302,赵忠祥,47302,霓裳
2303,丹枫,7303,力挺,12303,大清早,17303,平台,22303,救护,27303,死定了,32303,王妃,37303,缩略图,42303,赵总,47303,霜叶
2304,丹灶,7304,力推,12304,大湿,17304,平和,22304,救护车,27304,死得,32304,王姐,37304,缩短,42304,赵扬,47304,霜晨
2305,丹绒亚路,7305,力气,12305,大溪地,17305,平哥,22305,救援,27305,死循环,32305,王威,37305,缭绕,42305,赵敏,47305,霜降
2306,丹阳,7306,力求,12306,大滴,17306,平地,22306,救援队,27306,死心,32306,王娟,37306,缴纳,42306,赵文,47306,霞光
2307,丹霞,7307,力波,12307,大漠,17307,平均,22307,救救,27307,死心塌地,32307,王婆卖瓜,37307,缴费,42307,赵斌,47307,霞客
2308,丹霞山,7308,力泪,12308,大潮,17308,平均值,22308,救星,27308,死忠,32308,王婕,37308,缸子,42308,赵新,47308,霞浦
2309,丹青,7309,力荐,12309,大火,17309,平均工资,22309,救死扶伤,27309,死撑,32309,王婧,37309,缺一不可,42309,赵晓,47309,露一手
2310,丹麦,7310,力赞,12310,大灯,17310,平坦,22310,救治,27310,死有余辜,32310,王婷,37310,缺个,42310,赵普,47310,露个
2311,为亲,7311,力酷,12311,大灰机,17311,平壤,22311,救活,27311,死机,32311,王婷婷,37311,缺乏,42311,赵有,47311,露出
2312,为伴,7312,力里璐,12312,大灰狼,17312,平复,22312,救济,27312,死死,32312,王媛媛,37312,缺人,42312,赵本山,47312,露台
2313,为例,7313,力量,12313,大炮,17313,平天下,22313,救火,27313,死法,32313,王子,37313,缺什么,42313,赵格羽,47313,露天
2314,为元,7314,力陈,12314,大点,17314,平安,22314,救灾,27314,死泪,32314,王学庆,37314,缺口,42314,赵桉,47314,露天电影
2315,为先,7315,力魔,12315,大热,17315,平安夜,22315,救生圈,27315,死活,32315,王宁,37315,缺失,42315,赵梓琳,47315,露头
2316,为准,7316,劝架,12316,大热天,17316,平安无事,22316,救赎,27316,死海,32316,王宇,37316,缺少,42316,赵楚,47316,露宿街头
2317,为啥,7317,劝说,12317,大熊,17317,平实,22317,救起,27317,死灵,32317,王守常,37317,缺席,42317,赵毅,47317,露易丝
2318,为国,7318,劝酒,12318,大熊猫,17318,平常,22318,敖包,27318,死猪不怕开水烫,32318,王宏玲,37318,缺德,42318,赵氏,47318,露水
2319,为国争光,7319,劝阻,12319,大燕,17319,平常心,22319,敖晓宝,27319,死皮赖脸,32319,王宏章,37319,缺德事,42319,赵永升,47319,露点
2320,为师,7320,办不出,12320,大爱,17320,平平,22320,教主,27320,死神,32320,王宜,37320,缺心眼,42320,赵波,47320,露珠
2321,为德,7321,办个,12321,大爱爱,17321,平平安安,22321,教书,27321,死缓,32321,王宝,37321,缺心眼儿,42321,赵泽,47321,露背
2322,为您服务,7322,办事,12322,大爷,17322,平平淡淡,22322,教会,27322,死缠烂打,32322,王宝强,37322,缺憾,42322,赵洋,47322,露脸
2323,为所欲为,7323,办事处,12323,大片,17323,平底锅,22323,教你做,27323,死翘翘,32323,王室,37323,缺氧,42323,赵洲,47323,露菌
2324,为数不多,7324,办事效率,12324,大牌,17324,平底鞋,22324,教具,27324,死者,32324,王家,37324,缺水,42324,赵涛,47324,露营
2325,为期,7325,办公,12325,大牙,17325,平度,22325,教养,27325,死腔,32325,王家卫,37325,缺点,42325,赵清晖,47325,露西
2326,为森,7326,办公区,12326,大牛,17326,平庸,22326,教堂,27326,死衰,32326,王导,37326,缺爱,42326,赵湘华,47326,露露
2327,为民,7327,办公室,12327,大狗,17327,平息,22327,教头,27327,死角,32327,王小,37327,缺缺,42327,赵烟侠,47327,露面
2328,为民除害,7328,办公桌,12328,大猩猩,17328,平房,22328,教学,27328,死贵,32328,王小东,37328,缺觉,42328,赵焕焱,47328,露馅
2329,为润,7329,办公楼,12329,大猫,17329,平方,22329,教学楼,27329,死鬼,32329,王小乖,37329,缺货,42329,赵爱,47329,露骨
2330,为生,7330,办卡,12330,大王,17330,平方公里,22330,教学法,27330,殆尽,32330,王小亚,37330,缺钱,42330,赵猫,47330,露齿
2331,为荣,7331,办好,12331,大珊宝儿,17331,平方米,22331,教官,27331,殆知阁,32331,王小妮,37331,缺陷,42331,赵玺,47331,霸占
2332,为表,7332,办学,12332,大理,17332,平日,22332,教室,27332,殊不知,32332,王小姐,37332,罂粟,42332,赵瑜,47332,霸天
2333,为证,7333,办完,12333,大理石,17333,平时,22333,教导,27333,殊胜,32333,王小婧,37333,罂粟花,42333,赵璇,47333,霸气
2334,为辅,7334,办张,12334,大生,17334,平易近人,22334,教师,27334,殊荣,32334,王小宁,37334,罐头,42334,赵磊,47334,霸王
2335,为难,7335,办得,12335,大田,17335,平板,22335,教师节,27335,残善,32335,王小山,37335,罐子,42335,赵秀池,47335,霸王别姬
2336,为首,7336,办晕,12336,大病,17336,平民,22336,教得,27336,残害,32336,王小崩,37336,罐罐,42336,赵秋生,47336,霸王餐
2337,主业,7337,办案,12337,大白,17337,平民愤,22337,教授,27337,残废,32337,王小帅,37337,网上,42337,赵立,47337,霸秀
2338,主义,7338,办法,12338,大白兔,17338,平民百姓,22338,教教,27338,残忍,32338,王小明,37338,网买,42338,赵立军,47338,霸道
2339,主义者,7339,办泪,12339,大白天,17339,平江,22339,教材,27339,残念,32339,王小柔,37339,网事,42339,赵继业,47339,霹璞
2340,主人,7340,办理,12340,大白菜,17340,平泪,22340,教父,27340,残暴,32340,王小柯泪,37340,网代小娜,42340,赵继港,47340,霹雳
2341,主人公,7341,办肿,12341,大白话,17341,平淡,22341,教社,27341,残月,32341,王小欠,37341,网传,42341,赵老师,47341,霹雳舞
2342,主任,7342,办证,12342,大白鲨,17342,平湖,22342,教科书,27342,残梦,32342,王小源,37342,网关,42342,赵能,47342,青丝
2343,主体,7343,办越,12343,大盗,17343,平生,22343,教程,27343,残留,32343,王小玉,37343,网卡,42343,赵臣,47343,青争
2344,主儿,7344,功不可没,12344,大盘,17344,平稳,22344,教练,27344,残疾,32344,王小画,37344,网去,42344,赵艳斌,47344,青云
2345,主公,7345,功利,12345,大盘鸡,17345,平等,22345,教给,27345,残疾人,32345,王小白,37345,网友,42345,赵蕾,47345,青冠
2346,主创,7346,功力,12346,大省,17346,平米,22346,教育,27346,残粉,32346,王小盟,37346,网名,42346,赵薇,47346,青出于蓝
2347,主力,7347,功劳,12347,大眼,17347,平胸,22347,教育体制,27347,残缺,32347,王小石,37347,网吧,42347,赵赵,47347,青创
2348,主办,7348,功夫,12348,大石,17348,平艺,22348,教育家,27348,残酷,32348,王小禅,37348,网在,42348,赵路,47348,青协
2349,主办方,7349,功夫茶,12349,大石头,17349,平菇,22349,教育局,27349,残骸,32349,王小秋,37349,网址,42349,赵迎军,47349,青团
2350,主动,7350,功底,12350,大碗,17350,平行,22350,教育界,27350,殖民地,32350,王小箭,37350,网好,42350,赵雅莉,47350,青城
2351,主厨,7351,功德,12351,大磊,17351,平衡,22351,教育部,27351,殚精竭虑,32351,王小菊,37351,网媒,42351,赵震,47351,青城山
2352,主君,7352,功德无量,12352,大礼,17352,平衡感,22352,教训,27352,殡葬,32352,王小萼,37352,网官,42352,赵骋,47352,青城派
2353,主唱,7353,功效,12353,大礼包,17353,平谷,22353,教诲,27353,殴打,32353,王小贱,37353,网店,42353,赵鸣,47353,青天
2354,主场,7354,功率,12354,大神,17354,平躺,22354,教课,27354,段公子,32354,王小雯,37354,网张,42354,赵鸣毅,47354,青天白日
2355,主妇,7355,功能,12355,大福,17355,平遥,22355,教过,27355,段同,32355,王少峰,37355,网微,42355,赵鹏,47355,青媒素
2356,主子,7356,功课,12356,大禹,17356,平邦,22356,敛财,27356,段子,32356,王尔山,37356,网微博,42356,赵鹰,47356,青子
2357,主导,7357,加一,12357,大秀,17357,平邮,22357,敞亮,27357,段家,32357,王尚,37357,网易,42357,赶上,47357,青少
2358,主席,7358,加一点,12358,大稿,17358,平静,22358,敞开,27358,段时间,32358,王尧,37358,网是,42358,赶不上,47358,青少年
2359,主席台,7359,加个,12359,大笑,17359,平静下来,22359,敞篷,27359,段洁,32359,王局,37359,网民,42359,赶不到,47359,青山
2360,主意,7360,加价,12360,大笑话,17360,平面,22360,敞篷车,27360,段然,32360,王山,37360,网泪,42360,赶个,47360,青山不老
2361,主打,7361,加倍,12361,大笨象,17361,平面媒体,22361,敢不敢,27361,段王爷,32361,王屹,37361,网浪侠,42361,赶到,47361,青山绿水
2362,主持,7362,加倍努力,12362,大管家,17362,平顶山,22362,敢写,27362,段落,32362,王岩,37362,网游,42362,赶制,47362,青岛
2363,主持人,7363,加元,12363,大箱子,17363,年三十,22363,敢动,27363,段郎,32363,王岩伟,37363,网猫,42363,赶去,47363,青岛市
2364,主播,7364,加冰,12364,大篷车,17364,年代,22364,敢喝,27364,殷勤,32364,王岳伦,37364,网球,42364,赶叔,47364,青岛市旅游局
2365,主攻,7365,加分,12365,大米,17365,年份,22365,敢坐,27365,殷慧芬,32365,王峰,37365,网瘾,42365,赶回,47365,青峰
2366,主教练,7366,加剧,12366,大米饭,17366,年会,22366,敢情是,27366,殷桃,32366,王巍,37366,网穷游,42366,赶回去,47366,青川
2367,主料,7367,加加,12367,大粉,17367,年关,22367,敢死队,27367,殷紫嫣,32367,王帅,37367,网站,42367,赶回来,47367,青年
2368,主旋律,7368,加勒比,12368,大红,17368,年内,22368,散人,27368,殷翠,32368,王帅民,37368,网线,42368,赶在,47368,青年人
2369,主旨,7369,加勒比海,12369,大红包,17369,年初,22369,散仙,27369,殿下,32369,王希子,37369,网络,42369,赶场,47369,青年报
2370,主是,7370,加印,12370,大红花,17370,年前,22370,散伙饭,27370,殿堂,32370,王平,37370,网络媒体,42370,赶工,47370,青年节
2371,主权,7371,加厚,12371,大红袍,17371,年华,22371,散会,27371,毁人,32371,王庆,37371,网络版,42371,赶往,47371,青旅
2372,主板,7372,加固,12372,大纲,17372,年卡,22372,散养,27372,毁坏,32372,王应鹏,37372,网络营销,42372,赶得上,47372,青春
2373,主流,7373,加在一起,12373,大经,17373,年历,22373,散勇,27373,毁容,32373,王府,37373,网编,42373,赶慢,47373,青春岁月
2374,主淫,7374,加多宝,12374,大结局,17374,年味,22374,散发,27374,毁掉,32374,王府井,37374,网聊,42374,赶早,47374,青春期
2375,主演,7375,加大,12375,大维,17375,年夜饭,22375,散场,27375,毁灭,32375,王建国,37375,网警,42375,赶时间,47375,青春永驻
2376,主笔,7376,加完,12376,大罗,17376,年头,22376,散尽,27376,毁灭性,32376,王建新,37376,网许,42376,赶明,47376,青春活力
2377,主管,7377,加密,12377,大美,17377,年少,22377,散布,27377,毅力,32377,王开岭,37377,网购,42377,赶明儿,47377,青曜吟
2378,主线,7378,加州,12378,大美人,17378,年少时,22378,散座,27378,毅然,32378,王异,37378,网路,42378,赶来,47378,青木
2379,主编,7379,加工,12379,大美女,17379,年岁,22379,散开,27379,毅然决然,32379,王强,37379,网通,42379,赶海,47379,青杨
2380,主菜,7380,加帽,12380,大美妞,17380,年年岁岁,22380,散播,27380,毅莎,32380,王彤,37380,网速,42380,赶着,47380,青松
2381,主见,7381,加强锻炼,12381,大美妞泪,17381,年幼,22381,散散心,27381,毋宁死,32381,王征,37381,网铂程,42381,赶稿,47381,青梅
2382,主角,7382,加德满都,12382,大美瑶儿,17382,年幼无知,22382,散散步,27382,毋庸置疑,32382,王心,37382,网银,42382,赶紧,47382,青棠
2383,主讲,7383,加快,12383,大羽,17383,年底,22383,散架,27383,母上,32383,王心凌,37383,网际,42383,赶脚,47383,青椒
2384,主路,7384,加急,12384,大老,17384,年度,22384,散步,27384,母乳,32384,王志,37384,网页,42384,赶走,47384,青楼
2385,主银,7385,加拿大,12385,大老爷,17385,年度人物,22385,散漫,27385,母乳喂养,32385,王志华,37385,罕见,42385,赶赴,47385,青檬
2386,主页,7386,加措,12386,大老爷们,17386,年收入,22386,散落,27386,母亲,32386,王志博,37386,罗伯特,42386,赶超,47386,青浦
2387,主题,7387,加收,12387,大老爷们儿,17387,年方,22387,散装,27387,母亲河,32387,王志安,37387,罗兵,42387,赶路,47387,青海
2388,主题乐园,7388,加林,12388,大老远,17388,年月日,22388,敦子,27388,母亲节,32388,王志强,37388,罗军,42388,赶过去,47388,青海湖
2389,主题公园,7389,加水,12389,大聚会,17389,年月日时,22389,敦实,27389,母们,32389,王志明,37389,罗勒,42389,赶过来,47389,青海省
2390,主题曲,7390,加油,12390,大肆,17390,年末,22390,敦志,27390,母后,32390,王志飞,37390,罗博,42390,赶集,47390,青涩
2391,主题歌,7391,加油站,12391,大肉,17391,年根儿,22391,敦敦,27391,母女,32391,王怀南,37391,罗卜,42391,起不来,47391,青瓷
2392,主食,7392,加深,12392,大肚,17392,年检,22392,敦煌,27392,母婴,32392,王怒,37392,罗卡角,42392,起个,47392,青田
2393,主鱼,7393,加湿器,12393,大肚婆,17393,年泪,22393,敬业,27393,母子,32393,王思聪,37393,罗大,42393,起义,47393,青睐
2394,丽丽,7394,加满,12394,大肚子,17394,年洋,22394,敬仰,27394,母校,32394,王怡,37394,罗大佑,42394,起亚,47394,青石
2395,丽亚,7395,加演,12395,大肠,17395,年生,22395,敬佩,27395,母港,32395,王总,37395,罗宋汤,42395,起价,47395,青石板
2396,丽人,7396,加点,12396,大肥,17396,年画,22396,敬意,27396,母爱,32396,王恒,37396,罗宾,42396,起伏,47396,青砖
2397,丽地,7397,加热,12397,大胃,17397,年票,22397,敬爱,27397,母牛,32397,王悠,37397,罗密欧,42397,起到,47397,青稞
2398,丽娜,7398,加班,12398,大胆,17398,年糕,22398,敬畏,27398,母猪,32398,王惟,37398,罗平,42398,起劲,47398,青稞酒
2399,丽思,7399,加班费,12399,大胖,17399,年级,22399,敬礼,27399,母猫,32399,王惟嘻哈,37399,罗征,42399,起司,47399,青罗
2400,丽水,7400,加盐,12400,大胜,17400,年纪,22400,敬老,27400,母老虎,32400,王惟智,37400,罗志祥,42400,起名,47400,青联
2401,丽江,7401,加盟,12401,大胡子,17401,年纪轻轻,22401,敬老院,27401,母蟹,32401,王惠,37401,罗技,42401,起名叫,47401,青聪泉
2402,丽莎,7402,加盟店,12402,大能,17402,年终,22402,敬请,27402,母鸡,32402,王慧思,37402,罗拉,42402,起哄,47402,青良
2403,丽都,7403,加糖,12403,大脑,17403,年终奖,22403,敬请期待,27403,每一件,32403,王戡侃,37403,罗文,42403,起因,47403,青色
2404,丽音,7404,加紧,12404,大脚,17404,年终总结,22404,敬酒,27404,每一分,32404,王拳,37404,罗斯,42404,起夜,47404,青花
2405,举个,7405,加菜,12405,大脸,17405,年老,22405,敬重,27405,每一刻,32405,王挚,37405,罗旭友,42405,起大早,47405,青花瓷
2406,举人,7406,加菲,12406,大腕,17406,年薪,22406,数万,27406,每一处,32406,王振华,37406,罗晓燕,42406,起好,47406,青苹果
2407,举办,7407,加菲众,12407,大腕儿,17407,年谱,22407,数不清,27407,每一款,32407,王振宇,37407,罗杰,42407,起家,47407,青草
2408,举动,7408,加菲猫,12408,大腿,17408,年货,22408,数不胜数,27408,每一秒,32408,王振辉,37408,罗森,42408,起小,47408,青莲
2409,举头,7409,加薪,12409,大自然,17409,年轮,22409,数值,27409,每人,32409,王敬,37409,罗永浩,42409,起床,47409,青菜
2410,举家,7410,加藤,12410,大舅,17410,年轻,22410,数到,27410,每件,32410,王文鹏,37410,罗汉,42410,起开,47410,青葱
2411,举手,7411,加身,12411,大舌头,17411,年轻人,22411,数十,27411,每份,32411,王斌,37411,罗浩,42411,起得,47411,青蒜
2412,举手之劳,7412,加载,12412,大船,17412,年轻有为,22412,数十万,27412,每位,32412,王新国,37412,罗然,42412,起怒,47412,青藏高原
2413,举报,7413,加进来,12413,大花,17413,年轻漂亮,22413,数十年,27413,每况愈下,32413,王旌羽,37413,罗玉凤,42413,起房,47413,青蛇
2414,举措,7414,加送,12414,大英,17414,年迈,22414,数名,27414,每分钟,32414,王旭,37414,罗生门,42414,起早,47414,青蛙
2415,举杯,7415,加速,12415,大英博物馆,17415,年酷,22415,数外,27415,每到,32415,王旭东,37415,罗罗不落,42415,起晚,47415,青蛙王子
2416,举爪,7416,加里森,12416,大英帝国,17416,年里,22416,数字,27416,每刻,32416,王旭峰,37416,罗莎,42416,起步,47416,青蟹
2417,举牌,7417,加重,12417,大菜,17417,年长,22417,数字化,27417,每单,32417,王旭明,37417,罗蒂,42417,起死回生,47417,青衣
2418,举着,7418,加量,12418,大菠萝,17418,年间,22418,数学,27418,每句,32418,王明,37418,罗西,42418,起泡,47418,青衫
2419,举证,7419,加钱,12419,大萌,17419,年青,22419,数学老师,27419,每周,32419,王昕,37419,罗贝勒,42419,起泪,47419,青裙缟袂
2420,举起,7420,加错,12420,大萝卜,17420,年青人,22420,数学课,27420,每周三,32420,王星,37420,罗飚,42420,起源,47420,青见
2421,举起手来,7421,加长,12421,大董,17421,年饭,22421,数学题,27421,每周五,32421,王昭,37421,罗马,42421,起源于,47421,青豆
2422,举重,7422,加餐,12422,大葱,17422,年龄,22422,数年,27422,每周六,32422,王晓,37422,罚单,42422,起火,47422,青铜
2423,乃们,7423,加饭,12423,大蒜,17423,年龄段,22423,数据,27423,每周日,32423,王晓佳,37423,罚款,42423,起点,47423,青青
2424,乃小伟,7424,务实,12424,大虎,17424,并不一定,22424,数据中心,27424,每回,32424,王晓枫,37424,罚站,42424,起猛,47424,青青草
2425,乃是,7425,务必,12425,大虾,17425,并不多,22425,数据分析,27425,每场,32425,王晓梅,37425,罢休,42425,起着,47425,青鱼
2426,乃翁,7426,务正,12426,大蟹,17426,并不等于,22426,数据库,27426,每块,32426,王晓磊,37426,罢工,42426,起码,47426,青鸟
2427,久久,7427,劣质,12427,大街,17427,并不需要,22427,数据挖掘,27427,每天晚上,32427,王晓维,37427,罩杯,42427,起程,47427,青龙
2428,久仰,7428,动乱,12428,大街小巷,17428,并会,22428,数据线,27428,每套,32428,王晓鸥,37428,罪人,42428,起立,47428,青龙峡
2429,久保,7429,动人,12429,大衣,17429,并位,22429,数数,27429,每字,32429,王晟,37429,罪名,42429,起舞,47429,靓丽
2430,久别重逢,7430,动作,12430,大衣柜,17430,并入,22430,数星星,27430,每家,32430,王晟泪,37430,罪大恶极,42430,起航,47430,靓仔
2431,久居,7431,动作片,12431,大补,17431,并列,22431,数最多,27431,每家店,32431,王晨,37431,罪孽,42431,起草,47431,靓图
2432,久等,7432,动保,12432,大表哥,17432,并发症,22432,数月,27432,每平米,32432,王晶,37432,罪孽深重,42432,起衰,47432,靓女
2433,久远,7433,动力,12433,大衰,17433,并处,22433,数次,27433,每张,32433,王有,37433,罪恶,42433,起诉,47433,靓妆
2434,久违,7434,动力火车,12434,大袖,17434,并存,22434,数独,27434,每文,32434,王朔,37434,罪恶感,42434,起起,47434,靓妹
2435,义乌,7435,动动,12435,大褂,17435,并州,22435,数理化,27435,每斤,32435,王朔有,37435,罪泪,42435,起跳,47435,靓照
2436,义务,7436,动动手,12436,大西,17436,并未,22436,数百,27436,每日,32436,王朝,37436,罪犯,42436,起身,47436,靓靓
2437,义务劳动,7437,动动脑,12437,大西北,17437,并水,22437,数目,27437,每星期,32437,王木木,37437,罪行,42437,起锅,47437,靖国神社
2438,义务教育,7438,动听,12438,大西洋,17438,并用,22438,数着,27438,每晚,32438,王杂杂,37438,罪过,42438,起降,47438,靖宇
2439,义卖,7439,动员,12439,大观,17439,并祝,22439,数码,27439,每月,32439,王权,37439,罪魁祸首,42439,起飞,47439,靖添尧
2440,义和团,7440,动容,12440,大观园,17440,并称,22440,数码影像,27440,每期,32440,王来,37440,置业,42440,起飞时间,47440,静下心来
2441,义工,7441,动弹,12441,大规模,17441,并线,22441,数码相机,27441,每条,32441,王杨,37441,置办,42441,起驾,47441,静下来
2442,义愤填膺,7442,动心,12442,大觉寺,17442,并肩作战,22442,数缘,27442,每样,32442,王杰,37442,置身,42442,趁火打劫,47442,静享
2443,义无反顾,7443,动态,12443,大言不惭,17443,并肩战斗,22443,数羊,27443,每桌,32443,王林,37443,置顶,42443,趁现在,47443,静候
2444,义气,7444,动态图,12444,大计,17444,并购,22444,数落,27444,每次,32444,王柳晨,37444,署名,42444,超万,47444,静儿
2445,义演,7445,动情,12445,大讲堂,17445,并进,22445,数越,27445,每款,32445,王栎鑫,37445,羊圈,42445,超乎,47445,静养
2446,义聚成,7446,动感,12446,大话,17446,并重,22446,数量,27446,每看,32446,王桂桂,37446,羊城,42446,超人,47446,静冈
2447,之三,7447,动手,12447,大话西游,17447,幸事,22447,数钱,27447,每种,32447,王梓,37447,羊城晚报,42447,超人气,47447,静冈县
2448,之上,7448,动手做,12448,大调,17448,幸亏,22448,数额,27448,每秒,32448,王梓冰,37448,羊头,42448,超会,47448,静听
2449,之下,7449,动摇,12449,大豆,17449,幸会,22449,敲响,27449,每组,32449,王梓骐,37449,羊奶,42449,超低价,47449,静坐
2450,之中,7450,动机,12450,大象,17450,幸免,22450,敲定,27450,每蛋儿,32450,王楠,37450,羊娃,42450,超侧,47450,静夜
2451,之久,7451,动植物,12451,大赏,17451,幸好,22451,敲打,27451,每逢佳节倍思亲,32451,王欢,37451,羊子,42451,超值,47451,静好
2452,之乐,7452,动漫,12452,大赛,17452,幸存,22452,敲碎,27452,每道菜,32452,王欣,37452,羊家妹,42452,超像,47452,静妞
2453,之争,7453,动物,12453,大赞,17453,幸存者,22453,敲诈勒索,27453,每部,32453,王殿,37453,羊小铮,42453,超准,47453,静姐
2454,之事,7454,动物医院,12454,大赢家,17454,幸得,22454,敲门,27454,每间,32454,王毅,37454,羊排,42454,超凡,47454,静娅
2455,之二,7455,动物园,12455,大跃进,17455,幸灾乐祸,22455,整一,27455,每隔,32455,王毅敏,37455,羊晚,42455,超凡脱俗,47455,静婉
2456,之于,7456,动用,12456,大跌,17456,幸福,22456,整一个,27456,每集,32456,王母,37456,羊杂,42456,超出,47456,静安
2457,之人,7457,动画,12457,大路,17457,幸福快乐,22457,整个儿,27457,每页,32457,王母娘娘,37457,羊毛,42457,超前,47457,静安寺
2458,之余,7458,动画片,12458,大车,17458,幸福感,22458,整了,27458,每顿,32458,王永,37458,羊毛出在羊身上,42458,超发,47458,静宜
2459,之作,7459,动画短片,12459,大转盘,17459,幸福村,22459,整人,27459,每颗,32459,王永平,37459,羊毛衫,42459,超哥,47459,静待
2460,之光,7460,动笔,12460,大过,17460,幸福树,22460,整体,27460,每餐,32460,王永森,37460,羊汤,42460,超嘻哈,47460,静心
2461,之内,7461,动脑筋,12461,大过年,17461,幸福生活,22461,整修,27461,每首歌,32461,王求,37461,羊油,42461,超声波,47461,静态
2462,之冷,7462,动荡,12462,大运,17462,幸福美满,22462,整出,27462,毒剂,32462,王江,37462,羊湖,42462,超多,47462,静悄悄
2463,之分,7463,动身,12463,大连,17463,幸糊,22463,整到,27463,毒品,32463,王沫宁,37463,羊灰太狼,42463,超多人,47463,静止
2464,之力,7464,动车,12464,大连人,17464,幸苦,22464,整合,27464,毒奶粉,32464,王治,37464,羊爹,42464,超大,47464,静水
2465,之助,7465,动车组,12465,大迦迦,17465,幸运,22465,整合营销,27465,毒害,32465,王法,37465,羊皮,42465,超大型,47465,静水流
2466,之势,7466,动过,12466,大逆转,17466,幸运儿,22466,整场,27466,毒师,32466,王泡,37466,羊羊,42466,超女,47466,静流
2467,之南,7467,动静,12467,大选,17467,幸运者,22467,整夜,27467,毒性,32467,王波,37467,羊羊羊,42467,超好,47467,静海
2468,之友,7468,助力,12468,大道,17468,幻化,22468,整天,27468,毒手,32468,王泪,37468,羊羔,42468,超子,47468,静涛
2469,之名,7469,助威,12469,大郅,17469,幻听,22469,整套,27469,毒打,32469,王洋,37469,羊群,42469,超差,47469,静物
2470,之国,7470,助学,12470,大部,17470,幻影,22470,整好,27470,毒死,32470,王洪波,37470,羊肉,42470,超市,47470,静电
2471,之地,7471,助手,12471,大部分,17471,幻想,22471,整完,27471,毒气,32471,王洪浩,37471,羊肉串,42471,超帅,47471,静界
2472,之城,7472,助攻,12472,大都会,17472,幻手,22472,整容,27472,毒泪,32472,王浩,37472,羊肉汤,42472,超带,47472,静美
2473,之士,7473,助理,12473,大都市,17473,幻灭,22473,整年,27473,毒物,32473,王浩志,37473,羊腿,42473,超度,47473,静脉
2474,之声,7474,助阵,12474,大酒,17474,幻烟,22474,整张,27474,毒瘤,32474,王海杰,37474,羊蝎子,42474,超强,47474,静观
2475,之处,7475,努力,12475,大酒店,17475,幻烟嘉绒,22475,整形,27475,毒瘾,32475,王海波,37475,羊角,42475,超忙,47475,静观其变
2476,之外,7476,努力争取,12476,大酒楼,17476,幻神,22476,整形医院,27476,毒眼,32476,王海涛,37476,羊蹄,42476,超想,47476,静谧
2477,之多,7477,努力做到,12477,大金地,17477,幻觉,22477,整得,27477,毒素,32477,王海燕,37477,美不美,42477,超懒,47477,静静
2478,之夜,7478,努力奋斗,12478,大鑫,17478,幻象,22478,整成,27478,毒舌,32478,王海青,37478,美不胜收,42478,超手,47478,静静地
2479,之大,7479,努力学习,12479,大钟,17479,幻迷,22479,整改,27479,毒药,32479,王海鹏,37479,美中不足,42479,超时,47479,静静的
2480,之女,7480,劫匪,12480,大钱,17480,幼儿,22480,整整,27480,毒蘑菇,32480,王涛,37480,美丽,42480,超显,47480,静音
2481,之妙,7481,劫机,12481,大锅,17481,幼儿园,22481,整整齐齐,27481,毒蛇,32481,王淑敏,37481,美丽动人,42481,超有,47481,静香源
2482,之子,7482,劫麻匪,12482,大长,17482,幼女,22482,整日,27482,毒辣,32482,王淮,37482,美事,42482,超标,47482,静默
2483,之宝,7483,励合,12483,大门,17483,幼小,22483,整晚,27483,毒霸,32483,王淼,37483,美亚,42483,超棒,47483,靛蓝
2484,之家,7484,励志,12484,大门口,17484,幼教,22484,整月,27484,毒鼠强,32484,王溪,37484,美人,42484,超模,47484,非专业
2485,之巅,7485,劲儿,12485,大闸蟹,17485,幼时,22485,整条,27485,毓婷,32485,王溪桃,37485,美人儿,42485,超正,47485,非主流
2486,之徒,7486,劲头,12486,大闹,17486,幼林,22486,整栋,27486,毓秀,32486,王滔,37486,美人鱼,42486,超泪,47486,非乐
2487,之心,7487,劲松,12487,大闹天宫,17487,幼稚,22487,整死,27487,比一比,32487,王潇,37487,美佳,42487,超火,47487,非京籍
2488,之快,7488,劲歌,12488,大队,17488,幼稚园,22488,整段,27488,比上,32488,王潮,37488,美元,42488,超爱,47488,非人
2489,之怒,7489,劲舞,12489,大队长,17489,幼童,22489,整治,27489,比不上,32489,王澜,37489,美兰,42489,超爷,47489,非人类
2490,之恋,7490,劳伦,12490,大阪,17490,幼苗,22490,整洁,27490,比个,32490,王焕伟,37490,美军,42490,超牛,47490,非会员
2491,之恩,7491,劳伦斯,12491,大陆,17491,幼齿,22491,整点,27491,比亚,32491,王然,37491,美凯龙,42491,超生,47491,非你莫属
2492,之情,7492,劳作,12492,大陆桥,17492,幽会,22492,整版,27492,比亚迪,32492,王煜全,37492,美刀,42492,超短裙,47492,非典
2493,之意,7493,劳力,12493,大院,17493,幽兰,22493,整理,27493,比人,32493,王燕,37493,美利坚,42493,超级,47493,非典型
2494,之感,7494,劳动,12494,大院里,17494,幽壹,22494,整瓶,27494,比价,32494,王燕光,37494,美到,42494,超级玛丽,47494,非凡
2495,之战,7495,劳动力,12495,大隐,17495,幽幽,22495,整盒,27495,比例,32495,王爷,37495,美刻,42495,超给力,47495,非卖品
2496,之手,7496,劳动者,12496,大难,17496,幽幽地,22496,整箱,27496,比关,32496,王牌,37496,美剧,42496,超美,47496,非同寻常
2497,之旅,7497,劳动节,12497,大雁,17497,幽怨,22497,整装待发,27497,比分,32497,王玉,37497,美化,42497,超能力,47497,非哥
2498,之日,7498,劳工,12498,大雁塔,17498,幽梦,22498,整觉,27498,比划,32498,王玉奎,37498,美华,42498,超脱,47498,非官方
2499,之时,7499,劳心,12499,大雄,17499,幽深,22499,整起,27499,比利,32499,王王,37499,美发,42499,超萌,47499,非常容易
2500,之昊游,7500,劳拉,12500,大雅,17500,幽灵,22500,整车,27500,比利时,32500,王玮,37500,美呆,42500,超薄,47500,非常感谢
2501,之星,7501,劳教,12501,大集,17501,幽篁,22501,整过,27501,比哥,32501,王玲,37501,美味,42501,超衰,47501,非常简单
2502,之春,7502,劳斯莱斯,12502,大雨,17502,幽谷,22502,整部,27502,比喻,32502,王珂,37502,美味佳肴,42502,超负荷,47502,非常适合
2503,之智,7503,劳模,12503,大雨天,17503,幽雅,22503,整集,27503,比喻句,32503,王珠琼,37503,美哉,42503,超赞,47503,非常高兴
2504,之木,7504,劳毅波,12504,大雨滂沱,17504,幽静,22504,整顿,27504,比基尼,32504,王琛,37504,美哭,42504,超赞赞,47504,非晓礼
2505,之极,7505,劳民伤财,12505,大雪,17505,幽香,22505,整齐,27505,比女,32505,王琪,37505,美嘉,42505,超超,47505,非未桐
2506,之果,7506,劳烦,12506,大雪纷飞,17506,幽默,22506,敷上,27506,比尔,32506,王琪博,37506,美器,42506,超超白,47506,非机动车
2507,之歌,7507,劳碌命,12507,大雷,17507,幽默感,22507,敷个,27507,比尔盖茨,32507,王琮,37507,美团,42507,超越,47507,非死不可
2508,之殇,7508,劳累,12508,大雾,17508,广东,22508,敷衍,27508,比年,32508,王琳,37508,美团网,42508,超越自我,47508,非法
2509,之水,7509,劳资,12509,大面积,17509,广东省,22509,文三娃,27509,比快,32509,王瑛,37509,美国,42509,超跑,47509,非洲
2510,之泪,7510,劳逸结合,12510,大项,17510,广东话,22510,文中,27510,比我强,32510,王瑜,37510,美国佬,42510,超车,47510,非洲人
2511,之流,7511,势不可挡,12511,大顺,17511,广义,22511,文中说,27511,比拼,32511,王璐,37511,美国大学,42511,超轻,47511,非然
2512,之淋,7512,势力,12512,大顽熊,17512,广兰路,22512,文举,27512,比格,32512,王璐琪,37512,美国签证,42512,超载,47512,非画坊
2513,之淋怒,7513,势在必行,12513,大颊,17513,广利,22513,文书,27513,比武招亲,32513,王璞,37513,美国驻华大使馆,42513,超过,47513,非礼
2514,之源,7514,势必,12514,大风,17514,广发,22514,文亮,27514,比比,32514,王皓,37514,美图,42514,超近,47514,非花
2515,之火,7515,勃派,12515,大飞,17515,广发卡,22515,文人,27515,比比皆是,32515,王石,37515,美图秀,42515,超速,47515,非要
2516,之父,7516,勇于,12516,大飞飞,17516,广受,22516,文件,27516,比特,32516,王硕,37516,美在,42516,超酷,47516,非诚
2517,之玉,7517,勇哥,12517,大餐,17517,广告,22517,文件夹,27517,比登,32517,王碧辉,37517,美域,42517,超重,47517,非语
2518,之王,7518,勇士,12518,大饭店,17518,广告主,22518,文体,27518,比目,32518,王磊,37518,美多,42518,超长,47518,非说
2519,之用,7519,勇夺,12519,大饱眼福,17519,广告人,22519,文兄,27519,比目鱼,32519,王祖,37519,美女,42519,超额,47519,非遗
2520,之痛,7520,勇往直前,12520,大饼,17520,广告位,22520,文光,27520,比稿,32520,王祖光,37520,美女吧,42520,超香,47520,靠不住
2521,之眼,7521,勇怒,12521,大马,17521,广告公司,22521,文兴,27521,比美,32521,王祖耀,37521,美女如云,42521,超高,47521,靠你了
2522,之神,7522,勇敢,12522,大马路,17522,广告创意,22522,文具,27522,比肩,32522,王福重,37522,美好,42522,超龄,47522,靠垫
2523,之称,7523,勇气,12523,大驾光临,17523,广告商,22523,文凭,27523,比萨,32523,王秀云,37523,美好幸福,42523,越乱,47523,靠山
2524,之窗,7524,勇气可嘉,12524,大骂,17524,广告媒体,22524,文凯,27524,比赛,32524,王立军,37524,美好时光,42524,越做越,47524,靠岸
2525,之约,7525,勇猛,12525,大骗子,17525,广告宣传,22525,文刀,27525,比赛结果,32525,王竞,37525,美好生活,42525,越到,47525,靠得住
2526,之缘,7526,勇者,12526,大鱼,17526,广告片,22526,文创,27526,比赛规则,32526,王端,37526,美好记忆,42526,越剧,47526,靠手
2527,之美,7527,勇闯,12527,大鱼大肉,17527,广告牌,22527,文化,27527,比较关心,32527,王笑,37527,美妆,42527,越剧团,47527,靠拢
2528,之美大,7528,勉强,12528,大鸟,17528,广告词,22528,文化交流,27528,比较慢,32528,王紫微,37528,美妇,42528,越办,47528,靠着
2529,之翼,7529,勋章,12529,大鸭梨,17529,广告语,22529,文化产业,27529,比较清楚,32529,王红甫,37529,美妍,42529,越南,47529,靠窗
2530,之舞,7530,勒令,12530,大鹅,17530,广告费,22530,文化传媒,27530,比较满意,32530,王纪,37530,美妙,42530,越南人,47530,靠谱
2531,之花,7531,勒克,12531,大鹏,17531,广商,22531,文化名人,27531,比较烦,32531,王继锐,37531,美妞,42531,越南盾,47531,靠边
2532,之苦,7532,勒死,12532,大鹰,17532,广场,22532,文化园,27532,比较简单,32532,王维,37532,美妞们,42532,越发,47532,靠近
2533,之行,7533,勒种,12533,大麦,17533,广外,22533,文化差异,27533,比邻,32533,王维嘉,37533,美妞爱,42533,越多,47533,靠靠
2534,之言,7534,勒索,12534,大麻,17534,广大群众,22534,文化底蕴,27534,比重,32534,王缉志,37534,美姐,42534,越多越,47534,面上
2535,之语,7535,勒紧,12535,大黄,17535,广大观众,22535,文化村,27535,毕业,32535,王群,37535,美媛馆,42535,越大,47535,面世
2536,之谈,7536,募捐,12536,大黄蜂,17536,广大读者,22536,文化节,27536,毕业生,32536,王翎芳,37536,美子,42536,越大越,47536,面临
2537,之谜,7537,募集,12537,大黄鱼,17537,广安,22537,文化遗产,27537,毕业论文,32537,王翔,37537,美学,42537,越好,47537,面人
2538,之路,7538,勤劳,12538,大黑,17538,广州,22538,文化馆,27538,毕业证,32538,王耀,37538,美家,42538,越少,47538,面值
2539,之选,7539,勤勉,12539,大鼓,17539,广州大学,22539,文华,27539,毕加索,32539,王耀庆,37539,美容,42539,越往后,47539,面儿
2540,之道,7540,勤奋,12540,大龄,17540,广州市,22540,文博,27540,毕卡索,32540,王老,37540,美容师,42540,越忙,47540,面具
2541,之钟,7541,勤子,12541,大龙,17541,广州日报,22541,文史,27541,毕婕,32541,王老五,37541,美容院,42541,越怕,47541,面前
2542,之锐锐,7542,勤快,12542,大龙虾,17542,广式,22542,文君,27542,毕欣瑜,32542,王老吉,37542,美小新,42542,越想,47542,面加
2543,之门,7543,勺儿,12543,天一,17543,广德,22543,文哥,27543,毕生,32543,王老师,37543,美少女,42543,越慢,47543,面包
2544,之间,7544,勺子,12544,天上,17544,广播,22544,文坛,27544,毕福剑,32544,王老板,37544,美居,42544,越改越,47544,面包店
2545,之际,7545,勾儿,12545,天上人间,17545,广播体操,22545,文姬,27545,毕胜,32545,王者,37545,美工,42545,越来,47545,面包机
2546,之音,7546,勾兑,12546,天上掉,17546,广播台,22546,文娱,27546,毕节,32546,王肇辉,37546,美帝,42546,越来越,47546,面包树
2547,之颠张,7547,勾勒,12547,天上飞,17547,广播电台,22547,文婷,27547,毕节市,32547,王胖子,37547,美帝国主义,42547,越来越低,47547,面包片
2548,之风,7548,勾勾,12548,天下,17548,广播电视,22548,文子,27548,毕露,32548,王自健,37548,美库,42548,越来越少,47548,面向
2549,之首,7549,勾引,12549,天下事,17549,广播站,22549,文字,27549,毗邻,32549,王自荣,37549,美式,42549,越来越快,47549,面向全国
2550,之高,7550,勾搭,12550,天下无双,17550,广播网,22550,文字狱,27550,毛为,32550,王舜,37550,美得,42550,越来越近,47550,面善
2551,乌云,7551,勾结,12551,天下无敌,17551,广杰,22551,文学,27551,毛主席,32551,王良,37551,美德,42551,越来越重,47551,面团
2552,乌克兰,7552,勾芡,12552,天下父母,17552,广深,22552,文学史,27552,毛人,32552,王艳,37552,美心,42552,越气,47552,面在
2553,乌兰,7553,勾起,12553,天下第一,17553,广渠门,22553,文学院,27553,毛伟洋,32553,王艳茁,37553,美意,42553,越洋,47553,面墙
2554,乌实,7554,勾魂,12554,天下足球,17554,广玉兰,22554,文宇,27554,毛儿,32554,王艺,37554,美感,42554,越深,47554,面壁
2555,乌市,7555,勿忘,12555,天不亮,17555,广电,22555,文官,27555,毛利,32555,王艺芳,37555,美摄,42555,越演,47555,面壁思过
2556,乌恩,7556,勿念,12556,天乐,17556,广电总局,22556,文小倩倩,27556,毛发,32556,王芳,37556,美文,42556,越爱越,47556,面子
2557,乌托邦,7557,勿扰,12557,天书,17557,广而告之,22557,文山,27557,毛呢,32557,王若,37557,美是,42557,越狱,47557,面孔
2558,乌拉,7558,勿躁,12558,天亮,17558,广药,22558,文峰,27558,毛哥,32558,王茁,37558,美晕,42558,越玩越,47558,面容
2559,乌有,7559,匀称,12559,天人合一,17559,广西,22559,文工团,27559,毛妮,32559,王茜,37559,美景,42559,越程,47559,面对
2560,乌江,7560,包上,12560,天仙配,17560,广西南宁,22560,文广,27560,毛姆,32560,王荟,37560,美智子,42560,越老越,47560,面对现实
2561,乌溜溜,7561,包了,12561,天价,17561,广角,22561,文库,27561,毛委员,32561,王莹,37561,美有,42561,越花,47561,面对面
2562,乌贼,7562,包儿,12562,天休,17562,广进,22562,文建,27562,毛威,32562,王莹妮妮,37562,美服,42562,越莓,47562,面巾纸
2563,乌镇,7563,包养,12563,天伦,17563,广阔,22563,文心,27563,毛子,32563,王菁瑛,37563,美术,42563,越走越远,47563,面市
2564,乌鱼子,7564,包凡,12564,天佑,17564,广院,22564,文志平,27564,毛孔,32564,王菲,37564,美术馆,42564,越越,47564,面带微笑
2565,乌鲁木齐,7565,包包,12565,天使,17565,广雅,22565,文忠,27565,毛宁,32565,王萌,37565,美极,42565,越过,47565,面庞
2566,乌鲁鲁,7566,包厢,12566,天假,17566,广顺,22566,文忠怒,27566,毛巾,32566,王营,37566,美极了,42566,越近,47566,面授
2567,乌鸦,7567,包含,12567,天儿,17567,庄上,22567,文忠泪,27567,毛毛,32567,王蕊,37567,美梦,42567,越野,47567,面料
2568,乌鸦嘴,7568,包围,12568,天光,17568,庄主,22568,文思,27568,毛毛熊,32568,王诗涵,37568,美死,42568,越野车,47568,面是
2569,乌龙,7569,包场,12569,天兔,17569,庄儿,22569,文怡,27569,毛毛虫,32569,王诗龄,37569,美洲,42569,越长越,47569,面朝
2570,乌龙茶,7570,包头,12570,天公,17570,庄则栋,22570,文慧,27570,毛毛雨,32570,王赛,37570,美洲虎,42570,越陷越深,47570,面条
2571,乌龟,7571,包好,12571,天冷,17571,庄园,22571,文房,27571,毛毯,32571,王赛赛,37571,美港,42571,越高,47571,面条机
2572,乍一看,7572,包子,12572,天凉,17572,庄园主,22572,文摘,27572,毛泪,32572,王超,37572,美港事,42572,趋之若鹜,47572,面板
2573,乍现,7573,包子铺,12573,天分,17573,庄妍,22573,文文,27573,毛泽东,32573,王超克瑞思,37573,美滋滋,42573,趋势,47573,面汤
2574,乏力,7574,包容,12574,天前,17574,庄子,22574,文斯基,27574,毛涛涛,32574,王跃文,37574,美满,42574,趋向,47574,面海
2575,乏味,7575,包小包,12575,天华,17575,庄岚,22575,文新,27575,毛片,32575,王路,37575,美照,42575,趣事,47575,面点
2576,乐一乐,7576,包小柏,12576,天卷,17576,庄明浩,22576,文昌,27576,毛猪,32576,王路璐,37576,美煮艺,42576,趣味,47576,面点师
2577,乐不思蜀,7577,包房,12577,天去,17577,庄沉,22577,文明,27577,毛猴,32577,王轶庶,37577,美爆,42577,趣图,47577,面熟
2578,乐乐,7578,包扎,12578,天台,17578,庄泳,22578,文本,27578,毛球,32578,王轶鸣,37578,美爱,42578,趣闻,47578,面爱
2579,乐事,7579,包打听,12579,天后,17579,庄臣,22579,文杰,27579,毛用,32579,王辉,37579,美爵,42579,足不出户,47579,面瘫
2580,乐于,7580,包括,12580,天呀,17580,庄菁,22580,文杰儿,27580,毛病,32580,王辰,37580,美片,42580,足以,47580,面皮
2581,乐于助人,7581,包拯,12581,天呐,17581,庄里,22581,文林,27581,毛笔,32581,王迅,37581,美版,42581,足协,47581,面目
2582,乐享,7582,包揽,12582,天命,17582,庄重,22582,文案,27582,毛粉,32582,王迪,37582,美物,42582,足够,47582,面目全非
2583,乐儿,7583,包是,12583,天团,17583,庄雅婷,22583,文档,27583,毛线,32583,王选磊,37583,美猴王,42583,足已,47583,面相
2584,乐华,7584,包晓琰,12584,天国,17584,庆丰,22584,文武,27584,毛绒,32584,王道,37584,美玉,42584,足底,47584,面积
2585,乐呵乐,7585,包月,12585,天在,17585,庆云,22585,文武双全,27585,毛绒玩具,32585,王金,37585,美玲,42585,足浴,47585,面筋
2586,乐呵呵,7586,包有,12586,天地,17586,庆典,22586,文法,27586,毛绒绒,32586,王金宝,37586,美甲,42586,足球,47586,面粉
2587,乐呵微,7587,包机,12587,天地间,17587,庆功,22587,文波,27587,毛肚,32587,王鑫,37587,美甲店,42587,足球场,47587,面纱
2588,乐喷,7588,包泪,12588,天坛,17588,庆功宴,22588,文洁,27588,毛色,32588,王鑫钺,37588,美男,42588,足球宝贝,47588,面线
2589,乐嘉,7589,包涵,12589,天域,17589,庆幸,22589,文海,27589,毛茸茸,32589,王鑫钺安婷,37589,美男子,42589,足球比赛,47589,面罩
2590,乐器,7590,包爱,12590,天堂,17590,庆生,22590,文清,27590,毛虫,32590,王钧,37590,美白,42590,足球赛,47590,面膜
2591,乐团,7591,包芮莹,12591,天堂鸟,17591,庆祝,22591,文火,27591,毛血旺,32591,王铮,37591,美的,42591,足球队,47591,面茶
2592,乐园,7592,包菜,12592,天声,17592,庆贺,22592,文物,27592,毛衣,32592,王锦胜,37592,美眉,42592,足疗,47592,面议
2593,乐土,7593,包袱,12593,天外,17593,庇佑,22593,文物保护,27593,毛裤,32593,王长,37593,美瞳,42593,足矣,47593,面试
2594,乐在,7594,包装,12594,天大,17594,庇护,22594,文献,27594,毛要,32594,王闻啸,37594,美稻,42594,足足,47594,面试官
2595,乐在其中,7595,包装纸,12595,天天,17595,床上,22595,文玩,27595,毛豆,32595,王阳,37595,美编,42595,足迹,47595,面谈
2596,乐坏了,7596,包装袋,12596,天天向上,17596,床位,22596,文理,27596,毛轶群,32596,王雅,37596,美罗城,42596,趴下,47596,面貌
2597,乐坛,7597,包裹,12597,天天开心,17597,床前,22597,文白雨云,27597,毛边,32597,王雪,37597,美羊羊,42597,趴到,47597,面部
2598,乐天,7598,包车,12598,天天见,17598,床单,22598,文盲,27598,毛里求斯,32598,王雪野,37598,美美,42598,趴在,47598,面都
2599,乐子,7599,包邮,12599,天好,17599,床垫,22599,文秋,27599,毛钱,32599,王雷,37599,美翻,42599,趴梯,47599,面配
2600,乐宇略,7600,包里,12600,天妇,17600,床头,22600,文秋实,27600,毛阿敏,32600,王霞,37600,美老,42600,趴熊,47600,面里
2601,乐居,7601,包间,12601,天妒,17601,床板,22601,文科,27601,毛驴,32601,王靖,37601,美老倪,42601,趴着,47601,面霜
2602,乐山,7602,包饭,12602,天娱,17602,床边,22602,文科生,27602,毛骨悚然,32602,王静,37602,美联储,42602,趴着睡,47602,面面
2603,乐得,7603,匆匆忙忙,12603,天子,17603,床铺,22603,文章,27603,毫不犹豫,32603,王颖,37603,美肌达,42603,趵突泉,47603,面额
2604,乐悠悠,7604,匆忙,12604,天宁,17604,序幕,22604,文笔,27604,毫不留情,32604,王颖奇,37604,美股,42604,跃出,47604,面食
2605,乐意,7605,匈牙利,12605,天宇,17605,序曲,22605,文联,27605,毫升,32605,王馨悦,37605,美肤,42605,跃然纸上,47605,面饼
2606,乐成,7606,匕禾,12606,天安门,17606,庐山,22606,文胸,27606,毫无准备,32606,王鹏,37606,美腿,42606,跃跃,47606,面馆
2607,乐手,7607,化为,12607,天安门广场,17607,庐山真面目,22607,文艺,27607,毫无意义,32607,王鹏飞,37607,美色,42607,跃跃欲试,47607,面首
2608,乐极生悲,7608,化作,12608,天宏,17608,庐鱼,22608,文艺复兴,27608,毫无疑问,32608,王鹤媛,37608,美艳,42608,跆拳道,47608,面黄肌瘦
2609,乐此不疲,7609,化做,12609,天宫,17609,库克,22609,文艺界,27609,毫米,32609,王麒,37609,美莹,42609,跋扈,47609,革命
2610,乐死,7610,化外,12610,天寒地冻,17610,库存,22610,文茜,27610,毯子,32610,王麟,37610,美观,42610,跌倒,47610,革命性
2611,乐活,7611,化妆,12611,天将,17611,库房,22611,文莱,27611,民不聊生,32611,玎玲,37611,美貌,42611,跌停,47611,革命者
2612,乐活志,7612,化妆包,12612,天小飞,17612,库拉,22612,文萱,27612,民主,32612,玛丽,37612,美赞,42612,跌宕起伏,47612,靳伟
2613,乐游,7613,化妆品,12613,天山,17613,库班,22613,文解,27613,民主党,32613,玛丽亚,37613,美路,42613,跌破,47613,靳小
2614,乐章,7614,化妆师,12614,天山网,17614,库车,22614,文说,27614,民主自由,32614,玛丽莲梦,37614,美轮美奂,42614,跌落,47614,靳海音
2615,乐翻,7615,化妆间,12615,天峨,17615,库里,22615,文豪,27615,民乐,32615,玛亚,37615,美酒,42615,跌跌撞撞,47615,靴子
2616,乐者,7616,化学,12616,天师,17616,应为,22616,文质彬彬,27616,民企,32616,玛克丽,37616,美酷,42616,跑不了,47616,鞋们
2617,乐舞,7617,化工,12617,天平,17617,应付,22617,文身,27617,民众,32617,玛克丽酒,37617,美里,42617,跑不动,47617,鞋垫
2618,乐蜂,7618,化成,12618,天平座,17618,应宁,22618,文逸,27618,民俗,32618,玛吉,37618,美金,42618,跑不掉,47618,鞋子
2619,乐蜂网,7619,化石,12619,天府,17619,应对,22619,文道,27619,民俗风情,32619,玛多,37619,美阿,42619,跑光,47619,鞋带
2620,乐见,7620,化箱,12620,天德,17620,应征,22620,文采,27620,民兵,32620,玛奇朵,37620,美院,42620,跑出去,47620,鞋底
2621,乐观,7621,化肥,12621,天心,17621,应急,22621,文雅,27621,民国,32621,玛尼,37621,美鞋,42621,跑堂,47621,鞋店
2622,乐视,7622,化解,12622,天快,17622,应接不暇,22622,文青,27622,民声,32622,玛德琳,37622,美颜,42622,跑得快,47622,鞋教
2623,乐评,7623,化身,12623,天怒,17623,应是,22623,文靖子,27623,民女,32623,玛曲,37623,美食,42623,跑得慢,47623,鞋柜
2624,乐趣,7624,化身为,12624,天性,17624,应景,22624,文静,27624,民宅,32624,玛格,37624,美食家,42624,跑掉,47624,鞋油
2625,乐迷,7625,化验,12625,天恩,17625,应有,22625,文革,27625,民宿,32625,玛格丽特,37625,美食网,42625,跑断腿,47625,鞋盒
2626,乐途,7626,北三环,12626,天意,17626,应有尽有,22626,文风,27626,民居,32626,玛洁,37626,美食节,42626,跑来跑去,47626,鞋跟
2627,乐队,7627,北上,12627,天成,17627,应聘,22627,文鹏,27627,民工,32627,玛玛,37627,美食街,42627,跑步,47627,鞋里
2628,乐阳,7628,北五环,12628,天才,17628,应试教育,22628,文龙,27628,民建,32628,玛瑙,37628,美餐,42628,跑步机,47628,鞍山
2629,乐陶陶,7629,北京人艺,12629,天拓,17629,应邀,22629,斋主,27629,民心,32629,玛莎,37629,美高梅,42629,跑的快,47629,鞍钢
2630,乐颜,7630,北京动物园,12630,天敌,17630,应酬,22630,斋月,27630,民意,32630,玛莎拉蒂,37630,羔羊,42630,跑者,47630,鞠躬
2631,乐馨,7631,北京华,12631,天数,17631,应飚,22631,斋饭,27631,民意测验,32631,玛雅,37631,羚羊,42631,跑腿,47631,鞠躬尽瘁
2632,乐高,7632,北京协和医院,12632,天文,17632,应验,22632,斐济,27632,民房,32632,玛雅人,37632,羞于,42632,跑腿儿,47632,鞭刑
2633,乒乓,7633,北京国安,12633,天斗,17633,底下,22633,斐然,27633,民政,32633,玩一玩,37633,羞嗒,42633,跑调,47633,鞭子
2634,乒乓球,7634,北京图书大厦,12634,天旋地转,17634,底儿,22634,斑斑,27634,民政厅,32634,玩不转,37634,羞射,42634,跑跑,47634,鞭炮
2635,乔三石,7635,北京地区,12635,天日,17635,底子,22635,斑斑点点,27635,民政局,32635,玩个,37635,羞愧,42635,跑车,47635,鞭炮声
2636,乔丹,7636,北京地铁,12636,天时,17636,底层,22636,斑斓,27636,民族,32636,玩乐,37636,羞涩,42636,跑过来,47636,鞭策
2637,乔乔,7637,北京城,12637,天时地利人和,17637,底座,22637,斑点,27637,民族服装,32637,玩会,37637,羞羞,42637,跑遍,47637,韦博
2638,乔任,7638,北京大学,12638,天明,17638,底料,22638,斑秃,27638,民族特色,32638,玩伴,37638,羞耻,42638,跑道,47638,韦彤
2639,乔伊,7639,北京天文馆,12639,天昏地暗,17639,底朝天,22639,斑竹,27639,民族舞,32639,玩偶,37639,羞辱,42639,跑酷,47639,韦正
2640,乔家大院,7640,北京小吃,12640,天是,17640,底气,22640,斑马,27640,民族英雄,32640,玩儿,37640,羡慕,42640,跑鞋,47640,韦爵
2641,乔小,7641,北京市,12641,天晕,17641,底盘,22641,斑马线,27641,民歌,32641,玩儿命,37641,羡煞,42641,跑题,47641,韦群
2642,乔峰,7642,北京市政府,12642,天晚,17642,底线,22642,斑驳,27642,民生,32642,玩具,37642,群众,42642,跑马,47642,韦道
2643,乔巴,7643,北京市民,12643,天晨,17643,底色,22643,斑鱼,27643,民生路,32643,玩去,37643,群众演员,42643,跑龙套,47643,韦陀
2644,乔布斯,7644,北京日报,12644,天晴,17644,底蕴,22644,斗不过,27644,民用,32644,玩吧,37644,群体,42644,距离,47644,韦韦韦
2645,乔帮主,7645,北京晚报,12645,天月,17645,底裤,22645,斗争,27645,民航,32645,玩味,37645,群力,42645,跟上,47645,韩东
2646,乔木,7646,北京晨报,12646,天有不测风云,17646,底部,22646,斗地主,27646,民航局,32646,玩命,37646,群发,42646,跟不上,47646,韩东旭
2647,乔治,7647,北京机场,12647,天朝,17647,底限,22647,斗士,27647,民艺,32647,玩图,37647,群口,42647,跟你急,47647,韩乔生
2648,乔迁,7648,北京烤鸭,12648,天机,17648,店主,22648,斗志,27648,民营,32648,玩坏,37648,群号,42648,跟前,47648,韩亚
2649,乖不乖,7649,北京电台,12649,天杀,17649,店内,22649,斗志昂扬,27649,民警,32649,玩够,37649,群岛,42649,跟团,47649,韩仁均
2650,乖乖,7650,北京电影学院,12650,天来,17650,店到,22650,斗斗,27650,民记,32650,玩大,37650,群星,42650,跟头,47650,韩伟
2651,乖乖女,7651,北京电视台,12651,天桥,17651,店名,22651,斗是,27651,民谣,32651,玩好,37651,群演,42651,跟姐,47651,韩佳
2652,乖囡,7652,北京站,12652,天正,17652,店员,22652,斗智斗勇,27652,民间,32652,玩完,37652,群舞,42652,跟屁虫,47652,韩健刚
2653,乖孩子,7653,北京街头,12653,天气,17653,店好,22653,斗牛,27653,民风,32653,玩客,37653,群英会,42653,跟帖,47653,韩元
2654,乖巧,7654,北京西站,12654,天气晴好,17654,店家,22654,斗牛士,27654,气人,32654,玩家,37654,群贤,42654,跟我走,47654,韩兆
2655,乖张,7655,北京路,12655,天气晴朗,17655,店小二,22655,斗笠,27655,气体,32655,玩弄,37655,群里,42655,跟班,47655,韩先生
2656,乘凉,7656,北京队,12656,天气预报,17656,店庆,22656,斗篷,27656,气候,32656,玩得,37656,群里发,42656,跟着,47656,韩军
2657,乘务员,7657,北京青年报,12657,天水,17657,店开,22657,斗胆,27657,气候变化,32657,玩微,37657,群魔乱舞,42657,跟踪,47657,韩军立
2658,乘务组,7658,北京饭店,12658,天池,17658,店爱,22658,斗转星移,27658,气儿,32658,玩微信,37658,羽化,42658,跟踪报道,47658,韩冰
2659,乘坐,7659,北京鸭,12659,天河,17659,店老板,22659,斗鱼,27659,气力,32659,玩微博,37659,羽小觞,42659,跟车,47659,韩凤霆
2660,乘客,7660,北冰洋,12660,天泉,17660,店里,22660,斗鸡,27660,气功,32660,玩意,37660,羽毛,42660,跟进,47660,韩凤霆嘻哈
2661,乘着,7661,北北,12661,天泪,17661,店铺,22661,斗鸡眼,27661,气势,32661,玩意儿,37661,羽毛球,42661,跟随,47661,韩凯云
2662,乘船,7662,北区,12662,天津,17662,店长,22662,料到,27662,气势磅礴,32662,玩时,37662,羽泉,42662,跟风,47662,韩剧
2663,乘警,7663,北半球,12663,天津人,17663,店门口,22663,料理,27663,气味,32663,玩晕,37663,羽绒,42663,跨国,47663,韩力
2664,乘车,7664,北四环,12664,天津市,17664,店面,22664,料理店,27664,气喘,32664,玩死,37664,羽绒服,42664,跨年,47664,韩哲
2665,乙方,7665,北国,12665,天津师范大学,17665,庙会,22665,料酒,27665,气喘吁吁,32665,玩水,37665,羽翼,42665,跨度,47665,韩啸
2666,乙肝,7666,北城,12666,天海,17666,庙里,22666,斜对面,27666,气囊,32666,玩法,37666,羽衣,42666,跨栏,47666,韩嘉儿
2667,乙贺,7667,北塘,12667,天涯,17667,庞大,22667,斜街,27667,气场,32667,玩泪,37667,羽西,42667,跨界,47667,韩国
2668,九世,7668,北外滩,12668,天涯海角,17668,庞源,22668,斜阳,27668,气坏,32668,玩游戏,37668,翅膀,42668,跨越,47668,韩姐
2669,九个,7669,北大,12669,天涯社区,17669,废人,22669,斟酌,27669,气度,32669,玩点,37669,翌晨爸,42669,跨过,47669,韩娟
2670,九九,7670,北大清华,12670,天游,17670,废品,22670,斤两,27670,气得,32670,玩爱施,37670,翔哥,42670,跪下,47670,韩媒
2671,九份,7671,北大街,12671,天灾,17671,废墟,22671,斤半,27671,气急,32671,玩物,37671,翔子,42671,跪安,47671,韩家
2672,九儿,7672,北娃,12672,天灾人祸,17672,废寝忘食,22672,斤斤计较,27672,气息,32672,玩玩,37672,翔宇,42672,跪拜,47672,韩寒
2673,九分,7673,北寒,12673,天热,17673,废弃,22673,斥责,27673,气愤,32673,玩球,37673,翔安,42673,跪求,47673,韩小萌
2674,九十九,7674,北岸,12674,天然,17674,废柴,22674,斥资,27674,气来,32674,玩电脑,37674,翘着,42674,跪谢,47674,韩少
2675,九十年代,7675,北川,12675,天然气,17675,废物,22675,斧头,27675,气死,32675,玩笑,37675,翘翘,42675,路上,47675,韩岳
2676,九华山,7676,北师大,12676,天爱,17676,废纸,22676,斩妖,27676,气死我,32676,玩筱囡,37676,翘首,42676,路上行人,47676,韩峰
2677,九堂,7677,北平,12677,天狼,17677,废话,22677,斩断,27677,气死我了,32677,玩美,37677,翘首以待,42677,路上车,47677,韩庚
2678,九夜,7678,北归,12678,天猫,17678,废除,22678,斩立决,27678,气氛,32678,玩耍,37678,翘首以盼,42678,路人,47678,韩式
2679,九大,7679,北影,12679,天王,17679,度个,22679,斩获,27679,气泡,32679,玩自,37679,翟墨,42679,路人甲,47679,韩志
2680,九天,7680,北戴河,12680,天理,17680,度假,22680,断句,27680,气泪,32680,玩起,37680,翟女,42680,路况,47680,韩志国
2681,九宫格,7681,北斗,12681,天理不容,17681,度假区,22681,断奶,27681,气派,32681,玩起来,37681,翟小,42681,路到,47681,韩文
2682,九寨,7682,北斗星,12682,天理何在,17682,度假村,22682,断子绝孙,27682,气流,32682,玩转,37682,翟旭鸣,42682,路南,47682,韩旭
2683,九寨沟,7683,北新桥,12683,天理难容,17683,度娘,22683,断定,27683,气温,32683,玩过,37683,翟琼,42683,路口,47683,韩旭靠
2684,九寸,7684,北方,12684,天生,17684,度小游,22684,断掉,27684,气球,32684,玩遍,37684,翟磊,42684,路哥,47684,韩星
2685,九尾,7685,北方网,12685,天生一对,17685,度度,22685,断断续续,27685,气疯,32685,玫瑰,37685,翟若帆,42685,路子,47685,韩晶
2686,九尾狐,7686,北服,12686,天生丽质,17686,度数,22686,断桥,27686,气短,32686,玫瑰花,37686,翠兰,42686,路店,47686,韩松落
2687,九岁,7687,北朝鲜,12687,天界,17687,度日如年,22687,断气,27687,气管,32687,玫红,37687,翠喜,42687,路径,47687,韩湛宁
2688,九州,7688,北极,12688,天痕,17688,度空间,22688,断水,27688,气色,32688,环保,37688,翠竹,42688,路数,47688,韩滨
2689,九年,7689,北极光,12689,天目,17689,度蜜月,22689,断片,27689,气节,32689,环保局,37689,翠绿,42689,路旁,47689,韩潮
2690,九思,7690,北极熊,12690,天真,17690,度过,22690,断电,27690,气血,32690,环卫工人,37690,翡冷翠,42690,路易,47690,韩潮光
2691,九思堂,7691,北欧,12691,天真无邪,17691,度过难关,22691,断章取义,27691,气象,32691,环台,37691,翡翠,42691,路标,47691,韩火
2692,九成,7692,北汉,12692,天真烂漫,17692,座位,22692,断粮,27692,气象台,32692,环境,37692,翡翠岛,42692,路段,47692,韩火火
2693,九把刀,7693,北汽,12693,天神,17693,座无虚席,22693,断绝,27693,气象局,32693,环境污染,37693,翩翩,42693,路泪,47693,韩玉
2694,九折,7694,北海,12694,天禄,17694,座机,22694,断网,27694,气质,32694,环境质量,37694,翰品,42694,路滑,47694,韩看
2695,九族,7695,北海道,12695,天福,17695,座椅,22695,断肠,27695,气馁,32695,环宇,37695,翰林,42695,路演,47695,韩硕
2696,九日,7696,北漂,12696,天秀,17696,座谈,22696,断肠草,27696,气魄,32696,环岛,37696,翱翔,42696,路灯,47696,韩硕嘻哈
2697,九曲,7697,北爱,12697,天秤,17697,座谈会,22697,断臂,27697,氛围,32697,环岛路,37697,翻个,42697,路牌,47697,韩磊
2698,九月,7698,北理工,12698,天秤座,17698,庭园,22698,断裂,27698,氢气球,32698,环抱,37698,翻书,42698,路由器,47698,韩笑
2699,九月九,7699,北疆,12699,天空,17699,庭院,22699,断言,27699,氤氲,32699,环海,37699,翻倍,42699,路痴,47699,韩粉
2700,九月份,7700,北科,12700,天窗,17700,庶民,22700,断货,27700,氧化,32700,环游,37700,翻出,42700,路盲,47700,韩红
2701,九枚,7701,北站,12701,天籁,17701,康乃馨,22701,断送,27701,氧吧,32701,环游世界,37701,翻出来,42701,路程,47701,韩维屏
2702,九架,7702,北约,12702,天线,17702,康乐,22702,斯二世,27702,氧气,32702,环湖,37702,翻到,42702,路站,47702,韩老师
2703,九死一生,7703,北纬,12703,天经地义,17703,康俊,22703,斯人,27703,氨基酸,32703,环环,37703,翻唱,42703,路线,47703,韩蕊
2704,九段,7704,北纬度,12704,天维网,17704,康保,22704,斯人也,27704,水上,32704,环球,37704,翻墙,42704,路线图,47704,韩语
2705,九江,7705,北美,12705,天翰,17705,康健,22705,斯伟江,27705,水上漂,32705,环球旅行,37705,翻天,42705,路考,47705,韩路
2706,九江市,7706,北联,12706,天翼,17706,康先生,22706,斯利美,27706,水下,32706,环球时报,37706,翻天覆地,42706,路西,47706,韩铭洋
2707,九点,7707,北航,12707,天良,17707,康国,22707,斯图,27707,水不舍,32707,环秀,37707,翻完,42707,路见不平,47707,韩雪
2708,九点半,7708,北苑,12708,天色,17708,康复,22708,斯图加特,27708,水中,32708,环秀晓筑,37708,翻山越岭,42708,路费,47708,韩震
2709,九爷,7709,北角,12709,天花,17709,康宁,22709,斯坦利,27709,水乡,32709,环线,37709,翻开,42709,路路,47709,韩食
2710,九眼桥,7710,北路,12710,天花板,17710,康定,22710,斯基,27710,水云,32710,环绕,37710,翻拍,42710,路路通,47710,韩骏
2711,九种,7711,北辰,12711,天蓝,17711,康定斯基,22711,斯多德,27711,水云间,32711,环绕着,37711,翻新,42711,路边,47711,韬光
2712,九级,7712,北边,12712,天蓝蓝,17712,康容茂,22712,斯大林,27712,水井,32712,环肥燕瘦,37712,翻来覆去,42712,路边摊,47712,韭菜
2713,九色鹿,7713,北邮,12713,天蝎,17713,康小莉,22713,斯密,27713,水产,32713,环节,37713,翻案,42713,路过,47713,韭黄
2714,九评,7714,北部,12714,天蝎座,17714,康巴,22714,斯巴达,27714,水仙,32714,环评,37714,翻江倒海,42714,路迦,47714,音乐
2715,九醉,7715,北门,12715,天行,17715,康师傅,22715,斯巴鲁,27715,水份,32715,环路,37715,翻滚,42715,路途,47715,音乐会
2716,九重,7716,北青,12716,天街,17716,康年,22716,斯德哥尔摩,27716,水位,32716,环铁,37716,翻炒,42716,路途遥远,47716,音乐作品
2717,九门,7717,北青旅,12717,天衣无缝,17717,康康,22717,斯托,27717,水儿,32717,环顾四周,37717,翻版,42717,路遇,47717,音乐剧
2718,九阳,7718,北面,12718,天衰,17718,康有为,22718,斯文,27718,水军,32718,现世,37718,翻牌,42718,路遥,47718,音乐厅
2719,九零,7719,北领地,12719,天要,17719,康松,22719,斯有,27719,水准,32719,现买,37719,翻番,42719,路长,47719,音乐台
2720,九鼎,7720,北风,12720,天资,17720,康松广,22720,斯柯达,27720,水分,32720,现今,37720,翻白眼,42720,路面,47720,音乐学院
2721,九龙,7721,北鼻,12721,天赋,17721,康桥,22721,斯汀,27721,水务,32721,现代人,37721,翻看,42721,路飞,47721,音乐家
2722,乞丐,7722,匣子,12722,天赐,17722,康源瑞廷,22722,斯特,27722,水印,32722,现代化,37722,翻箱倒柜,42722,跳下去,47722,音乐教室
2723,乞讨,7723,匪夷所思,12723,天边,17723,康源轩,22723,斯特拉斯堡,27723,水厂,32723,现代文明,37723,翻篇,42723,跳伞,47723,音乐无限
2724,也许,7724,匪徒,12724,天通苑,17724,康熙,22724,斯特水,27724,水压,32724,现代派,37724,翻翻,42724,跳出,47724,音乐榜
2725,习习,7725,匪类,12725,天造地设,17725,康立,22725,斯琴塔娜,27725,水吧,32725,现代舞,37725,翻脸,42725,跳到,47725,音乐界
2726,习以为常,7726,匮乏,12726,天道酬勤,17726,康辉,22726,斯琴格,27726,水哥,32726,现价,37726,翻腾,42726,跳墙,47726,音乐盒
2727,习俗,7727,匹诺,12727,天长,17727,康达,22727,斯琴高娃,27727,水喝,32727,现任,37727,翻译,42727,跳得,47727,音乐盛典
2728,习性,7728,匹配,12728,天长地久,17728,庸人自扰,22728,斯皮尔,27728,水土不服,32728,现做,37728,翻译官,42728,跳操,47728,音乐节
2729,习惯,7729,区内,12729,天阔,17729,庸俗,22729,斯皮尔伯格,27729,水城,32729,现场,37729,翻译成,42729,跳楼,47729,音像
2730,习惯性,7730,区分,12730,天阶,17730,庾云彰,22730,斯蒂,27730,水域,32730,现场报道,37730,翻身,42730,跳槽,47730,音响
2731,习近平,7731,区别,12731,天际,17731,廉价,22731,斯诺,27731,水塔,32731,现场版,37731,翻车,42731,跳水,47731,音响效果
2732,乡下,7732,区别对待,12732,天降,17732,廉政,22732,斯诺克,27732,水塘,32732,现场直播,37732,翻转,42732,跳泪,47732,音容笑貌
2733,乡下人,7733,区区,12733,天雨,17733,廊坊,22733,斯里兰卡,27733,水墨,32733,现场表演,37733,翻过,42733,跳海,47733,音悦
2734,乡亲们,7734,区域,12734,天雷,17734,廊桥,22734,斯韦爵,27734,水墨画,32734,现如今,37734,翻过来,42734,跳绳,47734,音悦台
2735,乡土,7735,区志航,12735,天颐,17735,廖京生,22735,新一代,27735,水声,32735,现实,37735,翻阅,42735,跳舞,47735,音效
2736,乡土气息,7736,区间,12736,天香,17736,廖伟棠,22736,新一季,27736,水壶,32736,现实主义,37736,耀扬,42736,跳舞毯,47736,音盒
2737,乡愁,7737,医保,12737,天马,17737,廖信忠,22737,新一届,27737,水多,32737,现实生活,37737,耀眼,42737,跳跃,47737,音符
2738,乡村,7738,医学,12738,天马行空,17738,廖斌,22738,新一期,27738,水天,32738,现已,37738,老丁,42738,跳跳,47738,音箱
2739,乡里,7739,医学院,12739,天骄,17739,延伸,22739,新一轮,27739,水头,32739,现形,37739,老七,42739,跳跳虎,47739,音讯
2740,乡镇,7740,医师,12740,天高,17740,延参,22740,新一集,27740,水好,32740,现役,37740,老丈人,42740,跳过,47740,音质
2741,乡间,7741,医德,12741,天高云淡,17741,延吉,22741,新上,27741,水妖,32741,现成,37741,老三,42741,跳进,47741,音量
2742,乡音,7742,医护,12742,天鹅,17742,延安,22742,新专辑,27742,水尚,32742,现有,37742,老不死,42742,践行,47742,音频
2743,书上,7743,医护人员,12743,天鹅湖,17743,延庆,22743,新世界,27743,水屋,32743,现杀,37743,老东家,42743,践踏,47743,韵史
2744,书中,7744,医治无效,12744,天麻,17744,延时,22744,新世纪,27744,水岸,32744,现正,37744,老两口,42744,跺脚,47744,韵味
2745,书书何,7745,医生,12745,天黑,17745,延期,22745,新东安,27745,水帘洞,32745,现演,37745,老中医,42745,跻身,47745,韵律
2746,书价,7746,医疗,12746,天黑请,17746,延续,22746,新东方,27746,水席,32746,现烘,37746,老乔,42746,跻身于,47746,韶关
2747,书会,7747,医疗界,12747,天龙,17747,延缓,22747,新丝路,27747,水平,32747,现状,37747,老乡,42747,踊跃,47747,韶山
2748,书写,7748,医者,12748,天龙八部,17748,延误,22748,新丰,27748,水库,32748,现用,37748,老书,42748,踊跃报名,47748,韶湖
2749,书到,7749,医药,12749,太不像话,17749,延边,22749,新乡,27749,水底,32749,现眼,37749,老二,42749,踏上,47749,页面
2750,书包,7750,医药费,12750,太不容易,17750,延迟,22750,新书,27750,水开,32750,现磨,37750,老于,42750,踏上去,47750,顶一下
2751,书单,7751,医院,12751,太不给力,17751,延长,22751,新买,27751,水彩,32751,现行,37751,老五,42751,踏入,47751,顶上
2752,书友,7752,医院院长,12752,太丑,17752,建业,22752,新交规,27752,水彩画,32752,现象,37752,老亮,42752,踏实,47752,顶上来
2753,书友会,7753,匿名,12753,太久,17753,建个,22753,新京,27753,水心,32753,现货,37753,老人,42753,踏春,47753,顶不住
2754,书名,7754,十一,12754,太乖,17754,建了,22754,新人,27754,水手,32754,现身,37754,老人家,42754,踏浪,47754,顶个
2755,书吧,7755,十一月,12755,太乱,17755,建于,22755,新仓,27755,水放多,32755,现金,37755,老任,42755,踏着,47755,顶住
2756,书呆子,7756,十一点,12756,太二,17756,建伟,22756,新会员,27756,水族,32756,现金流,37756,老伯,42756,踏踏,47756,顶天立地
2757,书城,7757,十一点半,12757,太亮,17757,建军,22757,新传,27757,水族馆,32757,现阶段,37757,老伴,42757,踏踏实实,47757,顶好
2758,书女,7758,十七,12758,太仓,17758,建华,22758,新余,27758,水星,32758,玲姐,37758,老何,42758,踏进,47758,顶尖
2759,书局,7759,十万,12759,太会,17759,建国,22759,新余市,27759,水是,32759,玲子,37759,老余,42759,踏遍,47759,顶层
2760,书屋,7760,十万个,12760,太伤,17760,建国门,22760,新作,27760,水景,32760,玲子乐,37760,老佛爷,42760,踏雪,47760,顶峰
2761,书展,7761,十万块,12761,太低,17761,建外,22761,新元素,27761,水晶,32761,玲玲,37761,老侯,42761,踏青,47761,顶梁柱
2762,书店,7762,十三,12762,太值,17762,建好,22762,新光,27762,水晶灯,32762,玲珑,37762,老兄,42762,踢掉,47762,顶楼
2763,书影,7763,十三亿,12763,太假,17763,建嵘,22763,新兴,27763,水晶球,32763,玲花,37763,老先生,42763,踢球,47763,顶点
2764,书房,7764,十三姨,12764,太像,17764,建平,22764,新兵,27764,水月,32764,玳瑁,37764,老公,42764,踢皮球,47764,顶用
2765,书本,7765,十三年,12765,太冷,17765,建德,22765,新农,27765,水有,32765,玷污,37765,老兵,42765,踢足球,47765,顶礼
2766,书架,7766,十三陵,12766,太准,17766,建成,22766,新出,27766,水木,32766,玻璃,37766,老农,42766,踩死,47766,顶礼膜拜
2767,书架上,7767,十个,12767,太原,17767,建文,22767,新刊,27767,水杯,32767,玻璃心,37767,老冯,42767,踩油门,47767,顶端
2768,书柜,7768,十个月,12768,太受,17768,建新,22768,新剧,27768,水果,32768,玻璃房,37768,老凉,42768,踩点,47768,顶级
2769,书桌,7769,十九,12769,太古,17769,建春,22769,新加坡,27769,水果店,32769,玻璃瓶,37769,老刀,42769,踩踏,47769,顶起
2770,书法,7770,十二,12770,太可耐,17770,建武,22770,新北,27770,水果摊,32770,玻璃窗,37770,老前辈,42770,踪影,47770,顶部
2771,书法家,7771,十二个,12771,太史,17771,建熙,22771,新北市,27771,水果糖,32771,珀斯,37771,老化,42771,踪迹,47771,顶顶
2772,书生,7772,十二宫,12772,太合,17772,建玲,22772,新区,27772,水桶,32772,珊妮,37772,老半天,42772,踱步,47772,顶顶顶
2773,书画,7773,十二月,12773,太后,17773,建立,22773,新华,27773,水母,32773,珊玲,37773,老半斋,42773,蹂躏,47773,顶风
2774,书画家,7774,十二点,12774,太君,17774,建章,22774,新华书店,27774,水水,32774,珊珊,37774,老卡,42774,蹄子,47774,项目
2775,书目,7775,十二生肖,12775,太和,17775,建筑,22775,新华字典,27775,水水水,32775,珊珊来,37775,老去,42775,蹄花,47775,项目部
2776,书社,7776,十五,12776,太咸,17776,建筑师,22776,新华社,27776,水池,32776,珊瑚,37776,老友,42776,蹉跎,47776,项羽
2777,书稿,7777,十五分钟,12777,太困,17777,建筑物,22777,新华网,27777,水汪汪,32777,珍丝扣,37777,老友记,42777,蹊跷,47777,项链
2778,书签,7778,十五年,12778,太坏,17778,建行,22778,新南威尔士州,27778,水泄不通,32778,珍品,37778,老古,42778,蹦出,47778,顺丰
2779,书籍,7779,十亿,12779,太坑,17779,建议,22779,新去处,27779,水泊,32779,珍奇,37779,老叶,42779,蹦出来,47779,顺义
2780,书记,7780,十份,12780,太多,17780,建议您,22780,新发,27780,水泡,32780,珍妮,37780,老同事,42780,蹦极,47780,顺义区
2781,书评,7781,十位,12781,太多人,17781,建设,22781,新发型,27781,水波,32781,珍宝,37781,老同学,42781,蹦跳,47781,顺从
2782,书语,7782,十佳,12782,太多太多,17782,建设性,22782,新发明,27782,水泥,32782,珍小妮,37782,老同志,42782,蹦蹦,47782,顺便
2783,书里,7783,十倍,12783,太大,17783,建设银行,22783,新叶,27783,水泪,32783,珍惜,37783,老周,42783,蹦蹦跳跳,47783,顺便去
2784,书院,7784,十元,12784,太太,17784,建豪,22784,新合,27784,水洋,32784,珍爱,37784,老命,42784,蹦达,47784,顺兴
2785,书馆,7785,十全十美,12785,太好,17785,建达,22785,新名词,27785,水洗,32785,珍珠,37785,老和尚,42785,蹩脚,47785,顺其自然
2786,书香,7786,十八,12786,太好了,17786,建达店,22786,新周,27786,水洞,32786,珍珠奶茶,37786,老哈,42786,蹬腿,47786,顺利
2787,买一送一,7787,十八代,12787,太妃,17787,建造,22787,新周刊,27787,水流,32787,珍稀,37787,老哥,42787,蹬蹬,47787,顺利完成
2788,买下,7788,十八周岁,12788,太妙了,17788,建龙,22788,新品,27788,水浒,32788,珍茶,37788,老唐,42788,蹲下,47788,顺势
2789,买下来,7789,十八岁,12789,太姥山,17789,开一,22789,新品种,27789,水浒传,32789,珍藏,37789,老土,42789,蹲守,47789,顺口
2790,买不到,7790,十八年,12790,太嫩,17790,开业,22790,新唱片,27790,水浸,32790,珍藏版,37790,老城,42790,躁动,47790,顺口溜
2791,买不起,7791,十公里,12791,太子,17791,开个,22791,新地,27791,水润,32791,珍贵,37791,老城区,42791,躁狂症,47791,顺境
2792,买个,7792,十六,12792,太家,17792,开了个,22792,新址,27792,水涵,32792,珍重,37792,老壶,42792,身上,47792,顺子
2793,买书,7793,十六岁,12793,太对,17793,开价,22793,新型,27793,水深,32793,珍馐,37793,老夏,42793,身不由己,47793,顺带
2794,买买,7794,十六年,12794,太小,17794,开会,22794,新垣平,27794,水深火热,32794,珞丹,37794,老外,42794,身世,47794,顺序
2795,买二赠,7795,十几,12795,太少,17795,开元,22795,新城,27795,水淹,32795,珠三角,37795,老多,42795,身临其境,47795,顺应
2796,买些,7796,十几万,12796,太岁,17796,开光,22796,新增,27796,水清沙,32796,珠儿,37796,老大不小,42796,身为,47796,顺延
2797,买件,7797,十几个,12797,太巧,17797,开关,22797,新声,27797,水温,32797,珠光宝气,37797,老大哥,42797,身亡,47797,顺当
2798,买到,7798,十几公里,12798,太差,17798,开出,22798,新天地,27798,水源,32798,珠圆玉润,37798,老大爷,42798,身价,47798,顺德
2799,买单,7799,十几分钟,12799,太帅,17799,开刀,22799,新奇,27799,水满,32799,珠子,37799,老天,42799,身份,47799,顺心
2800,买卖,7800,十几只,12800,太师,17800,开创,22800,新娘,27800,水滴,32800,珠宝,37800,老天爷,42800,身份证,47800,顺意
2801,买回去,7801,十几天,12801,太带,17801,开到,22801,新娘子,27801,水漫,32801,珠峰,37801,老太,42801,身份证件,47801,顺手
2802,买回来,7802,十几岁,12802,太干,17802,开办,22802,新娘新郎,27802,水漫金山,32802,珠帘,37802,老太太,42802,身份证号,47802,顺水
2803,买大,7803,十几年,12803,太平,17803,开动,22803,新婚,27803,水灵,32803,珠水,37803,老太婆,42803,身体,47803,顺滑
2804,买套,7804,十几次,12804,太平山,17804,开包,22804,新婚姻法,27804,水灵灵,32804,珠江,37804,老太爷,42804,身体健康,47804,顺爱
2805,买好,7805,十几种,12805,太平洋,17805,开化,22805,新学,27805,水灾,32805,珠海,37805,老夫,42805,身体力行,47805,顺畅
2806,买家,7806,十几米,12806,太开,17806,开卖,22806,新学期,27806,水烟,32806,珠玉,37806,老夫妻,42806,身体状况,47806,顺白
2807,买得起,7807,十分之一,12807,太弱,17807,开博,22807,新宇,27807,水煎包,32807,珠珠,37807,老夫子,42807,身后,47807,顺眼
2808,买怒,7808,十分想念,12808,太强,17808,开卡,22808,新安,27808,水煮,32808,珠草,37808,老夫老妻,42808,身在,47808,顺祝
2809,买房,7809,十分钟,12809,太强大,17809,开去,22809,新安江,27809,水煮鱼,32809,班上,37809,老头,42809,身型,47809,顺走
2810,买房子,7810,十号,12810,太心,17810,开发,22810,新宠,27810,水牛,32810,班主,37810,老头儿,42810,身处,47810,顺路
2811,买手机,7811,十名,12811,太忙,17811,开发区,22811,新家,27811,水玲珑,32811,班主任,37811,老头子,42811,身姿,47811,顺道
2812,买断,7812,十周年,12812,太快,17812,开发商,22812,新宿,27812,水球,32812,班儿,37812,老奶奶,42812,身子,47812,顺阁
2813,买方,7813,十和院,12813,太悲,17813,开发新,22813,新密,27813,水瓶,32813,班夫,37813,老好,42813,身子骨,47813,顺顺
2814,买本,7814,十四,12814,太惨,17814,开发票,22814,新小浪,27814,水瓶座,32814,班子,37814,老妈,42814,身孕,47814,顺顺利利
2815,买条,7815,十四个,12815,太想,17815,开发者,22815,新居,27815,水田,32815,班有,37815,老妈子,42815,身家,47815,顺风
2816,买来,7816,十四年,12816,太感,17816,开口,22816,新年,27816,水电,32816,班机,37816,老妖,42816,身寸,47816,须叔
2817,买泪,7817,十块,12817,太慢,17817,开吃,22817,新年伊始,27817,水疗,32817,班班,37817,老妹,42817,身形,47817,须叔荐
2818,买点,7818,十块钱,12818,太懒,17818,开启,22818,新年好,27818,水皮,32818,班级,37818,老姐,42818,身影,47818,须尽欢
2819,买瓶,7819,十堰,12819,太扯,17819,开售,22819,新年快乐,27819,水碾,32819,班花,37819,老姜,42819,身心,47819,须知
2820,买票,7820,十多,12820,太拉风,17820,开唱,22820,新年新,27820,水稻,32820,班车,37820,老娘,42820,身心健康,47820,须菩提
2821,买药,7821,十多个,12821,太早,17821,开回去,22821,新年礼物,27821,水立方,32821,班里,37821,老婆,42821,身怀,47821,顽主
2822,买菜,7822,十多天,12822,太晚,17822,开团,22822,新庆,27822,水管,32822,班长,37822,老婆大人,42822,身怀绝技,47822,顽劣
2823,买车,7823,十多年,12823,太有,17823,开场,22823,新店,27823,水箱,32823,班门弄斧,37823,老婆婆,42823,身手,47823,顽固
2824,买辆,7824,十大,12824,太来,17824,开场白,22824,新座,27824,水系,32824,球儿,37824,老子,42824,身旁,47824,顽强
2825,买过,7825,十天,12825,太极,17825,开复,22825,新建,27825,水肿,32825,球友,37825,老子山,42825,身未,47825,顽疾
2826,买鞋,7826,十字,12826,太极拳,17826,开大,22826,新开,27826,水良,32826,球员,37826,老孔,42826,身材,47826,顽皮
2827,乱七八糟,7827,十字架,12827,太棒,17827,开大图,22827,新开业,27827,水花,32827,球场,37827,老字号,42827,身板,47827,顽石
2828,乱世,7828,十字绣,12828,太棒了,17828,开头,22828,新式,27828,水芹,32828,球场上,37828,老孙,42828,身段,47828,顽童
2829,乱入,7829,十字路口,12829,太欠,17829,开奖,22829,新微博,27829,水草,32829,球形,37829,老孟,42829,身着,47829,顽钰京泽
2830,乱写,7830,十家,12830,太正,17830,开好,22830,新心,27830,水萝卜,32830,球手,37830,老宅,42830,身穿,47830,顾七兮
2831,乱叫,7831,十小时,12831,太毒,17831,开始懂了,22831,新快报,27831,水蜜桃,32831,球技,37831,老宋,42831,身躯,47831,顾不上
2832,乱咬,7832,十岁,12832,太气,17832,开学,22832,新意,27832,水表,32832,球拍,37832,老实,42832,身边,47832,顾中
2833,乱套,7833,十年,12833,太沉,17833,开完,22833,新戏,27833,水衰,32833,球星,37833,老实人,42833,身高,47833,顾人
2834,乱子,7834,十强,12834,太深,17834,开封,22834,新房,27834,水货,32834,球杆,37834,老家,42834,躬耕,47834,顾凯
2835,乱弹琴,7835,十戒,12835,太湖,17835,开封市,22835,新房子,27835,水质,32835,球泪,37835,老家伙,42835,躲不了,47835,顾及
2836,乱放,7836,十指,12836,太漂亮,17836,开工,22836,新手,27836,水越,32836,球爱,37836,老小,42836,躲到,47836,顾墨
2837,乱来,7837,十指连心,12837,太火,17837,开席,22837,新手机,27837,水路,32837,球球,37837,老少,42837,躲开,47837,顾客
2838,乱炖,7838,十斤,12838,太烂,17838,开幕,22838,新技能,27838,水车,32838,球童,37838,老尸,42838,躲猫猫,47838,顾家
2839,乱码,7839,十方,12839,太热,17839,开幕式,22839,新报,27839,水边,32839,球网,37839,老尹,42839,躲起来,47839,顾得上
2840,乱窜,7840,十日,12840,太爱,17840,开平,22840,新换,27840,水过,32840,球衣,37840,老山,42840,躲过,47840,顾忌
2841,乱糟糟,7841,十月,12841,太爷,17841,开年,22841,新政,27841,水逆,32841,球要,37841,老岳,42841,躲远点,47841,顾惜
2842,乱花钱,7842,十月份,12842,太爽,17842,开店,22842,新文化,27842,水道,32842,球赛,37842,老巢,42842,躲避,47842,顾振清
2843,乱讲,7843,十本,12843,太爽了,17843,开庭,22843,新旧,27843,水都,32843,球迷,37843,老布,42843,躲闪,47843,顾明
2844,乱说,7844,十条,12844,太牛,17844,开开,22844,新旺,27844,水里,32844,球队,37844,老帅,42844,躺下来,47844,顾晓斌
2845,乱象,7845,十来,12845,太特,17845,开开心心,22845,新星,27845,水量,32845,球霸,37845,老师,42845,躺椅,47845,顾晶
2846,乱跑,7846,十次,12846,太狠,17846,开开眼,22846,新春,27846,水钻,32846,球鞋,37846,老干妈,42846,车上,47846,顾海
2847,乱转,7847,十点,12847,太猛,17847,开张,22847,新春佳节,27847,水闻,32847,球馆,37847,老干部,42847,车主,47847,顾虑
2848,乱飞,7848,十瓶,12848,太甜,17848,开往,22848,新春快乐,27848,水陆,32848,理不糙,37848,老年,42848,车位,47848,顾越
2849,乳不贫,7849,十盒,12849,太白,17849,开得,22849,新春愉快,27849,水面,32849,理事,37849,老年人,42849,车全,47849,顾长卫
2850,乳业,7850,十种,12850,太监,17850,开微博,22850,新晋,27850,水韵,32850,理事会,37850,老年痴呆,42850,车内,47850,顾问
2851,乳制品,7851,十秒,12851,太短,17851,开心,22851,新景,27851,水饺,32851,理事长,37851,老年痴呆症,42851,车到,47851,顾鸣
2852,乳头,7852,十足,12852,太硬,17852,开心果,22852,新月,27852,水鬼,32852,理他,37852,老幺,42852,车前,47852,顿悟
2853,乳房,7853,十遍,12853,太神,17853,开心玩,22853,新望,27853,水鸟,32853,理会,37853,老幼,42853,车厢,47853,顿感
2854,乳沟,7854,十里,12854,太穷,17854,开心起来,22854,新机,27854,水龙头,32854,理发,37854,老店,42854,车去,47854,顿河
2855,乳液,7855,千万别,12855,太空,17855,开怀,22855,新村,27855,永一,32855,理发师,37855,老式,42855,车友,47855,顿然
2856,乳腺,7856,千与千寻,12856,太笨,17856,开怀大笑,22856,新来,27856,永不,32856,理发店,37856,老弟,42856,车友会,47856,顿生
2857,乳腺癌,7857,千人,12857,太精彩,17857,开战,22857,新桥,27857,永不倒,32857,理工,37857,老张,42857,车号,47857,顿觉
2858,乳酪,7858,千仞,12858,太紧,17858,开房,22858,新欢,27858,永世,32858,理工大学,37858,老徐,42858,车后,47858,顿顿
2859,乳酸菌,7859,千佛山,12859,太累,17859,开打,22859,新款,27859,永久,32859,理工科,37859,老总,42859,车回,47859,顿饭
2860,乳鸽,7860,千元,12860,太细,17860,开抢,22860,新歌,27860,永久性,32860,理念,37860,老成,42860,车坏,47860,颁发
2861,乾坤,7861,千刀,12861,太给力,17861,开拍,22861,新民,27861,永乐,32861,理性,37861,老房子,42861,车坛,47861,颁奖
2862,乾燥,7862,千刀万剐,12862,太绝,17862,开拓,22862,新民晚报,27862,永乖,32862,理想,37862,老手,42862,车型,47862,颁奖典礼
2863,乾隆,7863,千千,12863,太美,17863,开拓进取,22863,新气象,27863,永亮,32863,理想主义,37863,老挝,42863,车太,47863,颁奖礼
2864,乾龙,7864,千古,12864,太美丽,17864,开挂,22864,新江,27864,永利,32864,理想国,37864,老掉,42864,车太多,47864,预产期
2865,了不得,7865,千叶,12865,太老,17865,开播,22865,新洋,27865,永别,32865,理想境界,37865,老斜,42865,车夫,47865,预付
2866,了不起,7866,千呼万唤,12866,太肥,17866,开支,22866,新津,27866,永动机,32866,理所应当,37866,老无所,42866,车头,47866,预兆
2867,了度,7867,千姿百态,12867,太胖,17867,开放,22867,新洲,27867,永华,32867,理所当然,37867,老早,42867,车子,47867,预告
2868,了然,7868,千娇百媚,12868,太能,17868,开放式,22868,新派,27868,永和,32868,理智,37868,老晕,42868,车少,47868,预告片
2869,了结,7869,千字,12869,太脏,17869,开放日,22869,新浪网,27869,永垂不朽,32869,理由,37869,老有,42869,车展,47869,预售
2870,予以,7870,千家,12870,太腻,17870,开时,22870,新添,27870,永存,32870,理疗,37870,老朋友,42870,车市,47870,预备
2871,予馨,7871,千寻,12871,太苦,17871,开春,22871,新港,27871,永安,32871,理直气壮,37871,老木,42871,车带,47871,预备役
2872,争争,7872,千层,12872,太萌,17872,开普敦,22872,新源,27872,永定,32872,理睬,37872,老朱,42872,车库,47872,预存
2873,争先恐后,7873,千山,12873,太虐,17873,开朗,22873,新滴,27873,永寿,32873,理科,37873,老李,42873,车底,47873,预定
2874,争光,7874,千岁,12874,太行,17874,开机,22874,新潮,27874,永川,32874,理科生,37874,老杜,42874,车座,47874,预展
2875,争分夺秒,7875,千岛,12875,太贫,17875,开来,22875,新潮电子,27875,永州,32875,理解,37875,老来,42875,车开,47875,预想
2876,争口气,7876,千岛湖,12876,太贱,17876,开枪,22876,新片,27876,永平,32876,理解万岁,37876,老杨,42876,车影,47876,预感
2877,争吵,7877,千帆,12877,太贵,17877,开森,22877,新版,27877,永康,32877,理论,37877,老板,42877,车往,47877,预报
2878,争夺,7878,千年,12878,太费,17878,开水,22878,新生,27878,永志,32878,理财,37878,老板娘,42878,车快,47878,预料
2879,争宠,7879,千户,12879,太赞,17879,开水烫,22879,新生儿,27879,永恒,32879,琉影间,37879,老林,42879,车怒,47879,预期
2880,争执,7880,千猪,12880,太软,17880,开泪,22880,新界,27880,永无止境,32880,琉森,37880,老柯,42880,车手,47880,预案
2881,争抢,7881,千百,12881,太轻,17881,开海,22881,新疆,27881,永旺,32881,琉璃,37881,老格,42881,车技,47881,预测
2882,争气,7882,千百度,12882,太过,17882,开演,22882,新疆大学,27882,永昌,32882,琐事,37882,老桥,42882,车撞,47882,预热
2883,争相,7883,千百遍,12883,太过分,17883,开火,22883,新疆维吾尔自治区,27883,永明,32883,琐碎,37883,老梁,42883,车是,47883,预留
2884,争议,7884,千禧,12884,太近,17884,开炮,22884,新白娘子,27884,永春,32884,琐记,37884,老榕,42884,车晕,47884,预示
2885,争论,7885,千秋,12885,太远,17885,开点,22885,新知,27885,永泰,32885,琢磨,37885,老歌,42885,车来,47885,预祝
2886,争辩,7886,千稻,12886,太逗,17886,开爷,22886,新秀,27886,永生,32886,琥珀,37886,老武是,42886,车标,47886,预算
2887,争霸,7887,千米,12887,太郎,17887,开玩笑,22887,新竹,27887,永福,32887,琦琦,37887,老死,42887,车模,47887,预约
2888,事上,7888,千红,12888,太酷,17888,开班,22888,新纪元,27888,永结同心,32888,琪儿,37888,老段,42888,车水马龙,47888,预见
2889,事不关己,7889,千般,12889,太重,17889,开球,22889,新纪录,27889,永胜,32889,琪心,37889,老母,42889,车泪,47889,预见性
2890,事与愿违,7890,千言万语,12890,太长,17890,开瓶,22890,新罗,27890,永远,32890,琪琪,37890,老母鸡,42890,车流,47890,预览
2891,事业,7891,千辛万苦,12891,太阳,17891,开盘,22891,新老,27891,永远快乐,32891,琪缘,37891,老毒,42891,车流量,47891,预言
2892,事业部,7892,千里,12892,太阳城,17892,开看,22892,新老朋友,27892,永远都是,32892,琳娜,37892,老毕,42892,车灯,47892,预言家
2893,事主,7893,千里迢迢,12893,太阳宫,17893,开眼,22893,新股,27893,永驻,32893,琳子,37893,老毛病,42893,车牌,47893,预警
2894,事事,7894,千里马,12894,太阳岛,17894,开着,22894,新能源,27894,汁儿,32894,琳琅,37894,老气,42894,车牌号,47894,预计
2895,事事如意,7895,千重,12895,太阳神,17895,开票,22895,新航,27895,汁液,32895,琳琅满目,37895,老汉,42895,车狂,47895,预订
2896,事人,7896,千金,12896,太阳能,17896,开窗,22896,新芽,27896,求上,32896,琳琳,37896,老江湖,42896,车皮,47896,预订电话
2897,事件,7897,千门,12897,太阳镜,17897,开箱,22897,新英,27897,求个,32897,琴声,37897,老汪,42897,车神,47897,预谋
2898,事体,7898,千阳,12898,太难,17898,开篇,22898,新茶,27898,求中,32898,琴岛,37898,老沈影,42898,车票,47898,预购
2899,事儿,7899,千面,12899,太难受,17899,开红,22899,新菜,27899,求主,32899,琴弦,37899,老沉,42899,车祸,47899,预赛
2900,事先,7900,千颂,12900,太顺,17900,开罗,22900,新营销,27900,求亲,32900,琴弹,37900,老波头,42900,车程,47900,预选赛
2901,事关,7901,升为,12901,太饱,17901,开胃,22901,新蜂,27901,求人,32901,琴棋书画,37901,老泪,42901,车窗,47901,预防
2902,事务,7902,升值,12902,太香,17902,开航,22902,新街口,27902,求偶,32902,琴瑟,37902,老泪纵横,42902,车站,47902,预防针
2903,事务所,7903,升到,12903,太高,17903,开船,22903,新衣,27903,求别,32903,琴谱,37903,老派,42903,车算,47903,领了
2904,事发,7904,升华,12904,太高兴,17904,开花,22904,新装,27904,求到,32904,琴音,37904,老湿,42904,车管所,47904,领事馆
2905,事后,7905,升学,12905,太黑,17905,开花结果,22905,新西兰,27905,求助,32905,琵琶,37905,老满哥,42905,车胎,47905,领会
2906,事哈,7906,升官,12906,夫人,17906,开药,22906,新规,27906,求医,32906,琼剧,37906,老潘,42906,车行,47906,领先
2907,事多,7907,升温,12907,夫君,17907,开衫,22907,新解,27907,求变,32907,琼南,37907,老火,42907,车衰,47907,领养
2908,事大,7908,升级,12908,夫妇,17908,开讲,22908,新词,27908,求合租,32908,琼斯,37908,老灶,42908,车要,47908,领养人
2909,事宜,7909,升级成,12909,夫妻,17909,开设,22909,新货,27909,求同,32909,琼海,37909,老点,42909,车费,47909,领到
2910,事实,7910,升级版,12910,夫妻俩,17910,开课,22910,新贵,27910,求图,32910,琼琼,37910,老照片,42910,车身,47910,领取
2911,事实上,7911,升职,12911,夫子,17911,开赛,22911,新起点,27911,求大图,32911,琼瑶,37911,老爱,42911,车车,47911,领唱
2912,事实真相,7912,升至,12912,夫子庙,17912,开走,22912,新路,27912,求婚,32912,琼花,37912,老父亲,42912,车轮,47912,领回去
2913,事实证明,7913,升起,12913,夫斯基,17913,开起,22913,新车,27913,求子,32913,瑕疵,37913,老爷,42913,车轱辘,47913,领土
2914,事常,7914,午休,12914,夭夭,17914,开足马力,22914,新辣道,27914,求学,32914,瑜伽,37914,老爷们儿,42914,车载,47914,领地
2915,事微,7915,午后,12915,夭折,17915,开车,22915,新进,27915,求实,32915,瑜珈,37915,老爷子,42915,车辆,47915,领域
2916,事态,7916,午夜,12916,央吉择,17916,开辟,22916,新造型,27916,求小,32916,瑞丽,37916,老爷爷,42916,车迷,47916,领奖
2917,事怒,7917,午安,12917,央央央皮,17917,开过,22917,新邵,27917,求己,32917,瑞典,37917,老爷车,42917,车速,47917,领奖台
2918,事情,7918,午市,12918,央广,17918,开通,22918,新郎,27918,求带,32918,瑞可,37918,老爸,42918,车道,47918,领子
2919,事故,7919,午睡,12919,央行,17919,开道,22919,新郎官,27919,求帮,32919,瑞吉,37919,老爹,42919,车里,47919,领导
2920,事故现场,7920,午觉,12920,央视,17920,开采,22920,新郎新娘,27920,求得,32920,瑞士,37920,老牌,42920,车金新,47920,领导人
2921,事无巨细,7921,午间,12921,央视春晚,17921,开销,22921,新都桥,27921,求情,32921,瑞士军刀,37921,老牛,42921,车门,47921,领导力
2922,事是,7922,午餐,12922,央视网,17922,开锁,22922,新锐,27922,求救,32922,瑞安,37922,老狗,42922,车间,47922,领导小组
2923,事晕,7923,午餐时间,12923,失业,17923,开锅,22923,新长征,27923,求教,32923,瑞家,37923,老狼,42923,车队,47923,领导班子
2924,事来,7924,午餐肉,12924,失主,17924,开锣,22924,新闻,27924,求死,32924,瑞尔,37924,老猫,42924,车限行,47924,领导者
2925,事泪,7925,午饭,12925,失之交臂,17925,开门,22925,新闻出版,27925,求求,32925,瑞希,37925,老玉米,42925,车险,47925,领带
2926,事物,7926,午饭时间,12926,失事,17926,开门红,22926,新闻出版局,27926,求注,32926,瑞廷,37926,老王,42926,车震,47926,领悟
2927,事理,7927,午马,12927,失传,17927,开阔,22927,新闻台,27927,求爱,32927,瑞拉,37927,老生,42927,车顶,47927,领教
2928,事衰,7928,半不颠,12928,失利,17928,开除,22928,新闻周刊,27928,求生,32928,瑞昌,37928,老田,42928,车马,47928,领教过
2929,事要,7929,半世,12929,失声,17929,开餐,22929,新闻奖,27929,求真,32929,瑞秋,37929,老电影,42929,轨迹,47929,领班
2930,事过境迁,7930,半个,12930,失常,17930,开饭,22930,新闻媒体,27930,求知,32930,瑞蓉,37930,老白,42930,轨道,47930,领略
2931,事迹,7931,半仙,12931,失忆,17931,开馆,22931,新闻广播,27931,求知欲,32931,瑞贝卡,37931,老百姓,42931,轩辕,47931,领着
2932,事项,7932,半价,12932,失忆症,17932,异乡,22932,新闻报道,27932,求票,32932,瑞金,37932,老的辣,42932,轩辕剑,47932,领票
2933,二三,7933,半份,12933,失恋,17933,异乡人,22933,新闻晨报,27933,求粉,32933,瑞雪,37933,老眼昏花,42933,转一转,47933,领结
2934,二世,7934,半农,12934,失意,17934,异味,22934,新闻社,27934,求索,32934,瑞雪兆丰年,37934,老祖宗,42934,转下,47934,领航
2935,二两,7935,半决赛,12935,失手,17935,异国,22935,新闻网,27935,求罩,32935,瑞龟,37935,老窖,42935,转下去,47935,领衔
2936,二个,7936,半分,12936,失控,17936,异国他乡,22936,新闻联播,27936,求职,32936,瑟斯,37936,老窝,42936,转不动,47936,领衔主演
2937,二中,7937,半句,12937,失效,17937,异地,22937,新闻记者,27937,求解,32937,瑟皮,37937,老端,42937,转不评,47937,领袖
2938,二五一十,7938,半只,12938,失散多年,17938,异域,22938,新闻部,27938,求证,32938,瑶姐,37938,老箭,42938,转世,47938,领证
2939,二人,7939,半在,12939,失敬,17939,异客,22939,新闻频道,27939,求购,32939,瑶池,37939,老米,42939,转个,47939,领走
2940,二人组,7940,半夏,12940,失明,17940,异常,22940,新阳,27940,求问,32940,瑶瑶,37940,老糊涂,42940,转为,47940,领跑
2941,二人转,7941,半夜,12941,失望,17941,异形,22941,新面孔,27941,求雨,32941,瑶草,37941,老纪,42941,转乘,47941,领队
2942,二代,7942,半夜三更,12942,失火,17942,异性,22942,新鞋,27942,求高人,32942,瑶里,37942,老纸,42942,转交,47942,颇丰
2943,二伏,7943,半夜里,12943,失灵,17943,异想,22943,新颖,27943,汇丰,32943,璀璨,37943,老编,42943,转会,47943,颇为
2944,二伟,7944,半天,12944,失眠,17944,异族,22944,新风,27944,汇乐蛙,32944,璎珞,37944,老罗,42944,转体,47944,颇具
2945,二位,7945,半小时,12945,失约,17945,异曲同工,22945,新高,27945,汇合,32945,瓜乡,37945,老美,42945,转入,47945,颇受
2946,二儿,7946,半山,12946,失而复得,17946,异样,22946,新鲜,27946,汇子,32946,瓜农,37946,老老,42946,转凉,47946,颇深
2947,二元,7947,半山腰,12947,失职,17947,异次元,22947,新鲜事,27947,汇常艺,32947,瓜分,37947,老者,42947,转出去,47947,颈椎
2948,二八,7948,半岁,12948,失联,17948,异狐,22948,新鲜出炉,27948,汇常艺博,32948,瓜哥,37948,老聂说,42948,转到,47948,颈椎病
2949,二分之一,7949,半岛,12949,失聪,17949,异类,22949,新鲜感,27949,汇总,32949,瓜子,37949,老肖,42949,转化,47949,颐养天年
2950,二十,7950,半年,12950,失色,17950,弃权,22950,新鲜空气,27950,汇成,32950,瓜子儿,37950,老胡,42950,转化成,47950,颐和
2951,二十一,7951,半张,12951,失落,17951,弃猫,22951,新鲜血液,27951,汇报,32951,瓜果,37951,老能,42951,转发给,47951,颐和园
2952,二十七,7952,半径,12952,失误,17952,弃车,22952,新麦,27952,汇报工作,32952,瓜爹,37952,老舍,42952,转台,47952,颐园
2953,二十三,7953,半成品,12953,失调,17953,弄不好,22953,方丈,27953,汇果,32953,瓜瓜,37953,老花,42953,转号线,47953,颐堤
2954,二十个,7954,半截,12954,失败,17954,弄个,22954,方位,27954,汇款,32954,瓜皮,37954,老花眼,42954,转向,47954,频发
2955,二十九,7955,半才,12955,失足,17955,弄出来,22955,方便快捷,27955,汇款单,32955,瓢儿,37955,老苏,42955,转告,47955,频次
2956,二十二,7956,半支,12956,失踪,17956,弄坏,22956,方便面,27956,汇汇,32956,瓢泼大雨,37956,老范,42956,转哈,47956,频率
2957,二十五,7957,半数,12957,头一回,17957,弄堂,22957,方军,27957,汇爱,32957,瓢虫,37957,老萧,42957,转图,47957,频繁
2958,二十倍,7958,半斤,12958,头上,17958,弄姿,22958,方力钧,27958,汇率,32958,瓣儿,37958,老蒋,42958,转圈,47958,频道
2959,二十八,7959,半日,12959,头伏,17959,弄完,22959,方励,27959,汇聚,32959,瓣兄,37959,老虎,42959,转场,47959,频频
2960,二十六,7960,半月,12960,头像,17960,弄弄,22960,方可,27960,汇许,32960,瓦伦西亚,37960,老街,42960,转型,47960,颓丧
2961,二十几个,7961,半条,12961,头儿,17961,弄死,22961,方向,27961,汇金,32961,瓦力,37961,老街坊,42961,转型期,47961,颓废
2962,二十几年,7962,半杯,12962,头发,17962,弄清,22962,方向感,27962,汇集,32962,瓦德,37962,老表,42962,转基因,47962,颖子
2963,二十分钟,7963,半梦半醒,12963,头号,17963,弄清楚,22963,方向盘,27963,汉中,32963,瓦房,37963,老衲,42963,转多,47963,颖慧
2964,二十四,7964,半步,12964,头型,17964,弄点,22964,方哥,27964,汉人,32964,瓦拉,37964,老要,42964,转太,47964,颗粒
2965,二十四节气,7965,半死,12965,头天,17965,弄醒,22965,方圆,27965,汉传,32965,瓦来,37965,老规矩,42965,转头,47965,题为
2966,二十块,7966,半点,12966,头头,17966,弄错,22966,方块,27966,汉光,32966,瓦氏炉,37966,老记,42966,转好,47966,题外话
2967,二十多,7967,半熟,12967,头好,17967,弓长,22967,方大,27967,汉口,32967,瓦片,37967,老许,42967,转嫁,47967,题材
2968,二十多个,7968,半球,12968,头子,17968,引人入胜,22968,方大同,27968,汉唐,32968,瓦砾,37968,老话,42968,转存,47968,题泪
2969,二十多天,7969,半瓶,12969,头巾,17969,引人注目,22969,方大少,27969,汉堡,32969,瓦罐,37969,老说,42969,转山,47969,题目
2970,二十多岁,7970,半碗,12970,头昏脑胀,17970,引以为戒,22970,方太,27970,汉堡包,32970,瓦舍,37970,老谋子,42970,转帅,47970,题词
2971,二十多年,7971,半空,12971,头晕,17971,引入,22971,方子,27971,汉声,32971,瓦良格,37971,老谢,42971,转帐,47971,题题
2972,二十天,7972,半米,12972,头晕目眩,17972,引力,22972,方家,27972,汉大赋,32972,瓦萨里,37972,老谭,42972,转帖,47972,颜丹晨
2973,二十岁,7973,半糖,12973,头晕眼花,17973,引发,22973,方小,27973,汉奸,32973,瓦西里,37973,老豆,42973,转张,47973,颜如玉
2974,二十年,7974,半自动,12974,头条,17974,引咎辞职,22974,方巾,27974,汉子,32974,瓶儿,37974,老败,42974,转弯,47974,颜宇鹏
2975,二千,7975,半虹,12975,头条新闻,17975,引导,22975,方平,27975,汉字,32975,瓶塞,37975,老贾,42975,转得,47975,颜小色
2976,二叔,7976,半袋,12976,头泪,17976,引得,22976,方庄,27976,汉密尔顿,32976,瓶子,37976,老赵,42976,转心,47976,颜料
2977,二号,7977,半路,12977,头版,17977,引擎,22977,方庄店,27977,汉庭,32977,瓶瓶罐罐,37977,老路,42977,转念,47977,颜明
2978,二号线,7978,半路上,12978,头牛,17978,引来,22978,方式,27978,汉拿山,32978,瓶盖,37978,老辣,42978,转怒,47978,颜歌
2979,二合一,7979,半身裙,12979,头疼,17979,引爆,22979,方形,27979,汉斯,32979,瓶胆,37979,老边,42979,转悠,47979,颜浩
2980,二哥,7980,半辈子,12980,头痛,17980,引用,22980,方总,27980,汉族,32980,瓶装,37980,老远,42980,转战,47980,颜色
2981,二块,7981,半边,12981,头皮,17981,引蛇出洞,22981,方方,27981,汉服,32981,瓶身,37981,老道,42981,转手,47981,颜面
2982,二天,7982,半饱,12982,头皮发麻,17982,引诱,22982,方旭明,27982,汉江,32982,瓶颈,37982,老邓,42982,转折点,47982,颜颜
2983,二套,7983,华东,12983,头盔,17983,引进,22983,方明,27983,汉莎,32983,瓷器,37983,老郎,42983,转换,47983,额外
2984,二奶,7984,华中,12984,头目,17984,引领,22984,方显,27984,汉蓉,32984,瓷实,37984,老郑,42984,转播,47984,额头
2985,二妹,7985,华为,12985,头破血流,17985,弗朗西斯,22985,方杰,27985,汉译,32985,瓷片,37985,老酒,42985,转晕,47985,额好
2986,二姐,7986,华丽,12986,头等,17986,弘扬,22986,方案,27986,汉语,32986,瓷砖,37986,老醋,42986,转暖,47986,额娘
2987,二姑,7987,华亭,12987,头等舱,17987,弛导,22987,方正,27987,汉语言,32987,甄传,37987,老金,42987,转有,47987,额帝
2988,二姨,7988,华人,12988,头绪,17988,弛耳霍,22988,方毅,27988,汐子,32988,甄子丹,37988,老铁,42988,转机,47988,额度
2989,二婚,7989,华仔,12989,头脑,17989,弟兄,22989,方泉,27989,汐汐,32989,甄浩,37989,老锅,42989,转来,47989,额是
2990,二媛,7990,华侨,12990,头衔,17990,弟兄们,22990,方法,27990,汕头,32990,甄缳,37990,老陆,42990,转来转去,47990,额泪
2991,二嫂,7991,华侨城,12991,头部,17991,弟妹,22991,方浩,27991,汕尾,32991,甄选,37991,老雷,42991,转次,47991,额滴
2992,二字,7992,华兴,12992,头重脚轻,17992,弟子,22992,方澜静,27992,汗味,32992,甄齐,37992,老顽童,42992,转正,47992,额衰
2993,二宝,7993,华北,12993,头顶,17993,弟弟,22993,方特,27993,汗如雨下,32993,甘南,37993,老顾,42993,转求,47993,额要
2994,二小,7994,华华,12994,头饰,17994,弟韩,22994,方益松,27994,汗怒,32994,甘地,37994,老马,42994,转汗,47994,颠三倒四
2995,二层,7995,华南,12995,头骨,17995,张一彤,22995,方知,27995,汗晕,32995,甘孜州,37995,老高,42995,转泪,47995,颠倒
2996,二年,7996,华哥,12996,夸人,17996,张三,22996,方粉,27996,汗来,32996,甘家口,37996,老鬼,42996,转滴,47996,颠儿
2997,二年级,7997,华商,12997,夸大,17997,张不换,22997,方糖,27997,汗毛,32997,甘小,37997,老鬼来,42997,转爱,47997,颠簸
2998,二度,7998,华商报,12998,夸夸,17998,张东,22998,方舟,27998,汗水,32998,甘心,37998,老魏,42998,转王,47998,颠覆
2999,二弟,7999,华夏,12999,夸奖,17999,张丹,22999,方舟子,27999,汗泪,32999,甘愿,37999,老鱼,42999,转盘,47999,颠颠
3000,二当家,8000,华多,13000,夸张,18000,张丽,23000,方菇,28000,汗流,33000,甘拜下风,38000,老鲁,43000,转眼,48000,颤动
3001,二战,8001,华妃,13001,夸得,18001,张丽华,23001,方言,28001,汗流浃背,33001,甘木七水,38001,老鸨,43001,转眼间,48001,颤抖
3002,二手,8002,华姐,13002,夸赞,18002,张乃天,23002,方辉,28002,汗湿,33002,甘泉,38002,老鸭,43002,转着,48002,颤颤巍巍
3003,二手房,8003,华威,13003,夹住,18003,张书,23003,方针,28003,汗滴,33003,甘涌,38003,老鹰,43003,转瞬,48003,风中
3004,二手车,8004,华子,13004,夹克,18004,张书新,23004,方龄,28004,汗王,33004,甘甜,38004,老麦,43004,转瞬即逝,48004,风为
3005,二把刀,8005,华宇,13005,夹子,18005,张于,23005,施主,28005,汗能,33005,甘肃,38005,老黄,43005,转移,48005,风之子
3006,二排,8006,华安,13006,夹心,18006,张云,23006,施乐,28006,汗衰,33006,甘草,38006,老黄历,43006,转经筒,48006,风之小荷
3007,二斤,8007,华富,13007,夹心饼干,18007,张亚勤,23007,施力勤,28007,汗青,33007,甘草片,38007,老黑,43007,转给,48007,风云
3008,二日,8008,华少,13008,夹生,18008,张亮,23008,施加压力,28008,汗颜,33008,甘萍,38008,老鼠,43008,转而,48008,风云榜
3009,二星,8009,华尔街,13009,夹竹桃,18009,张仁瀚,23009,施华洛,28009,汗马,33009,甘蓝,38009,老鼠屎,43009,转脸,48009,风俗
3010,二是,8010,华尔街日报,13010,夹缝,18010,张会,23010,施压,28010,汝阳,33010,甘蔗,38010,考上,43010,转自,48010,风信子
3011,二月,8011,华山,13011,夺冠,18011,张伟,23011,施坦威,28011,江上,33011,甘蔗汁,38011,考到,43011,转行,48011,风儿
3012,二期,8012,华山论剑,13012,夺命,18012,张传维,23012,施展,28012,江东,33012,甘醇,38012,考勤,43012,转衰,48012,风光
3013,二木,8013,华工,13013,夺宝,18013,张佑赫,23013,施工,28013,江力,33013,甘雨,38013,考场,43013,转角,48013,风凉话
3014,二本,8014,华平,13014,夺得,18014,张何,23014,施工队,28014,江勇,33014,甘霖,38014,考大学,43014,转让,48014,风力
3015,二条,8015,华录,13015,夺目,18015,张佳怡,23015,施志平,28015,江北,33015,甘露,38015,考好,43015,转评,48015,风动石
3016,二楼,8016,华彬,13016,夺眶而出,18016,张修林,23016,施救,28016,江华,33016,甘飞,38016,考完,43016,转账,48016,风化
3017,二次,8017,华文,13017,夺走,18017,张倩,23017,施施,28017,江南,33017,甘香,38017,考完试,43017,转走,48017,风华
3018,二次元,8018,华新,13018,奄奄一息,18018,张健,23018,施舍,28018,江南一带,33018,甚为,38018,考察,43018,转走泪,48018,风华正茂
3019,二次方,8019,华晨,13019,奇事,18019,张元,23019,施行,28019,江南春,33019,甚好,38019,考察团,43019,转起,48019,风卷残云
3020,二毛,8020,华服,13020,奇人,18020,张兄,23020,旁听,28020,江南水乡,33020,甚欢,38020,考拉,43020,转身,48020,风口
3021,二气,8021,华楠,13021,奇兵,18021,张军,23021,旁白,28021,江原道,33021,甜不辣,38021,考核,43021,转车,48021,风口浪尖
3022,二水,8022,华欣,13022,奇士,18022,张列权,23022,旁观,28022,江城,33022,甜味,38022,考泪,43022,转转,48022,风向
3023,二流,8023,华正,13023,奇奇,18023,张创,23023,旁观者,28023,江大,33023,甜品,38023,考生,43023,转载,48023,风向标
3024,二炮,8024,华洋,13024,奇女子,18024,张利,23024,旁边,28024,江宁,33024,甜品店,38024,考研,43024,转达,48024,风吟
3025,二点,8025,华润,13025,奇妙,18025,张剑,23025,旅业,28025,江宇,33025,甜度,38025,考究,43025,转过,48025,风吹
3026,二爷,8026,华生,13026,奇峰,18026,张力,23026,旅人,28026,江小,33026,甜心,38026,考级,43026,转过身,48026,风吹日晒
3027,二狗,8027,华盖,13027,奇差,18027,张勇,23027,旅伴,28027,江小美,33027,甜梦,38027,考考,43027,转运,48027,风吹草动
3028,二狗哥,8028,华盛顿,13028,奇幻,18028,张北,23028,旅倩瑜,28028,江小鱼,33028,甜橙,38028,考虑一下,43028,转述,48028,风吹雨打
3029,二狗妈,8029,华美,13029,奇异,18029,张华,23029,旅图,28029,江少,33029,甜点,38029,考证,43029,转阴,48029,风味
3030,二环,8030,华美达,13030,奇异果,18030,张博,23030,旅在,28030,江山,33030,甜瓜,38030,考试,43030,转需,48030,风味餐厅
3031,二环路,8031,华而不实,13031,奇志,18031,张博泰,23031,旅太,28031,江岭,33031,甜甜,38031,考题,43031,轮不到,48031,风和日丽
3032,二班,8032,华联,13032,奇快,18032,张卫东,23032,旅好,28032,江帆,33032,甜甜的,38032,考驾照,43032,轮到,48032,风土人情
3033,二百,8033,华裔,13033,奇思妙想,18033,张卫健,23033,旅委,28033,江平,33033,甜甜蜜蜜,38033,考验,43033,轮回,48033,风声
3034,二百五,8034,华西村,13034,奇怪,18034,张口,23034,旅客,28034,江惠美,33034,甜筒,38034,而亲,43034,轮奸,48034,风声鹤唳
3035,二百块,8035,华西都市报,13035,奇怪的是,18035,张向东,23035,旅家,28035,江户,33035,甜美,38035,而今,43035,轮子,48035,风大
3036,二程,8036,华语,13036,奇才,18036,张君会,23036,旅小宏,28036,江景,33036,甜腻,38036,而出,43036,轮廓,48036,风太大
3037,二等,8037,华谊,13037,奇效,18037,张君雅,23037,旅局,28037,江枫,33037,甜菜,38037,而定,43037,轮椅,48037,风头
3038,二等奖,8038,华贵,13038,奇敏奇,18038,张嘉佳,23038,旅居,28038,江桥,33038,甜蜜,38038,而建,43038,轮毂,48038,风好
3039,二级,8039,华远,13039,奇文,18039,张嘉译,23039,旅店,28039,江段,33039,甜蜜蜜,38039,而成,43039,轮流,48039,风姿
3040,二线,8040,华阳,13040,奇景,18040,张嘴,23040,旅支,28040,江水,33040,甜酒,38040,而战,43040,轮流转,48040,风子
3041,二维码,8041,协会,13041,奇案,18041,张国华,23041,旅杜,28041,江河,33041,甜酱,38041,而来,43041,轮渡,48041,风寒
3042,二者,8042,协会会长,13042,奇梦异,18042,张国庆,23042,旅法,28042,江波,33042,甜醋,38042,而活,43042,轮滑,48042,风小
3043,二胎,8043,协作,13043,奇爱,18043,张国强,23043,旅游,28043,江流,33043,甜食,38043,而生,43043,轮番,48043,风尘
3044,二胖,8044,协力,13044,奇特,18044,张国立,23044,旅游业,28044,江浙,33044,甜香,38044,而立,43044,轮胎,48044,风尘仆仆
3045,二胡,8045,协办,13045,奇瑞,18045,张国荣,23045,旅游业者,28045,江浙沪,33045,生下,38045,而行,43045,轮船,48045,风尚
3046,二舅,8046,协助,13046,奇种,18046,张图,23046,旅游区,28046,江海,33046,生不如死,38046,耍宝,43046,软二,48046,风干
3047,二蓓蓓,8047,协和,13047,奇缘,18047,张圣岳,23047,旅游团,28047,江涛,33047,生与死,38047,耍流氓,43047,软二网,48047,风平浪静
3048,二蛋,8048,协和医院,13048,奇耻大辱,18048,张坚,23048,旅游圈,28048,江淮,33048,生个,38048,耍耍,43048,软仗,48048,风度
3049,二要,8049,协商,13049,奇艺,18049,张堡赫,23049,旅游地理,28049,江淮晨报,33049,生二胎,38049,耍赖,43049,软件,48049,风影
3050,二货,8050,协管,13050,奇葩,18050,张大,23050,旅游委,28050,江湖,33050,生于,38050,耐不住,43050,软件园,48050,风怒
3051,二路,8051,协议,13051,奇虎,18051,张天,23051,旅游局,28051,江湖人称,33051,生产,38051,耐克,43051,软卧,48051,风情
3052,二选,8052,协调,13052,奇装异服,18052,张太,23052,旅游指南,28052,江湾,33052,生产力,38052,耐力,43052,软妹,48052,风情万种
3053,二郎,8053,卑微,13053,奇观,18053,张姐,23053,旅游景点,28053,江滨,33053,生产线,38053,耐得,43053,软广,48053,风惹
3054,二郎腿,8054,卑鄙,13054,奇谈,18054,张婕,23054,旅游界,28054,江珊,33054,生产者,38054,耐心,43054,软床,48054,风扇
3055,二锅头,8055,卓众,13055,奇趣,18055,张婷,23055,旅游网,28055,江畔,33055,生产队,38055,耐性,43055,软弱,48055,风景
3056,二队,8056,卓卓,13056,奇迹,18056,张子,23056,旅游者,28056,江科,33056,生人,38056,耐用,43056,软文,48056,风景区
3057,二饼,8057,卓嘎,13057,奇遇,18057,张学冬,23057,旅游胜地,28057,江筱湖,33057,生出,38057,耐看,43057,软烂,48057,风景如画
3058,二龙,8058,卓望,13058,奇遇记,18058,张学友,23058,旅游节,28058,江米,33058,生前,38058,耐磨,43058,软硬,48058,风景秀丽
3059,于亚婷,8059,卓玛,13059,奇闻,18059,张宁,23059,旅爱,28059,江芮,33059,生动,38059,耒阳,43059,软糖,48059,风景线
3060,于今,8060,卓越,13060,奈何,18060,张宇,23060,旅社,28060,江苏,33060,生化,38060,耕夫,43060,软绵绵,48060,风暴
3061,于娜,8061,单一,13061,奈奈,18061,张宏涛,23061,旅程,28061,江苏省,33061,生化危机,38061,耕田,43061,软肋,48061,风月
3062,于彦舒,8062,单亲,13062,奈良,18062,张家,23062,旅网,28062,江荣生,33062,生即,38062,耕耘,43062,软软,48062,风来
3063,于心,8063,单人,13063,奉上,18063,张家口,23063,旅舍,28063,江西,33063,生吃,38063,耕读,43063,软饭,48063,风林弥猴
3064,于沛辰,8064,单位,13064,奉劝,18064,张家界,23064,旅范兆霞,28064,江西人,33064,生命,38064,耗儿,43064,轰动,48064,风林火山
3065,于洲,8065,单元,13065,奉化,18065,张导,23065,旅行,28065,江西省,33065,生命不息,38065,耗子,43065,轰炸,48065,风格
3066,于济东,8066,单反,13066,奉子成婚,18066,张将军,23066,旅行团,28066,江西网,33066,生命力,38066,耗尽,43066,轰炸机,48066,风气
3067,于浩泽,8067,单口,13067,奉献,18067,张小,23067,旅行家,28067,江豚,33067,生命危险,38067,耗时,43067,轰轰,48067,风水
3068,于海青,8068,单口相声,13068,奉献给,18068,张小云,23068,旅行社,28068,江财,33068,生命安全,38068,耗材,43068,轰轰烈烈,48068,风水先生
3069,于谦,8069,单号,13069,奉送,18069,张小倩,23069,旅行箱,28069,江赛,33069,生女,38069,耗油,43069,轰隆,48069,风水学
3070,于逸尧,8070,单向,13070,奉陪到底,18070,张小北,23070,旅行网,28070,江边,33070,生如夏,38070,耗电,43070,轰隆隆,48070,风沙
3071,于靖,8071,单品,13071,奋不顾身,18071,张小善,23071,旅行者,28071,江门,33071,生姜,38071,耗费,43071,轱辘,48071,风波
3072,于静,8072,单子,13072,奋力,18072,张小娴,23072,旅让,28072,江青,33072,生娃,38072,耳光,43072,轶事,48072,风泪
3073,亏了,8073,单弦,13073,奋壹,18073,张小宝,23073,旅讯,28073,江龙,33073,生子,38073,耳塞,43073,轶鸣,48073,风流
3074,亏大,8074,单挑,13074,奋战,18074,张小小,23074,旅评,28074,池上,33074,生存,38074,耳朵,43074,轻井泽,48074,风流倜傥
3075,亏待,8075,单日,13075,奋斗,18075,张小杰,23075,旅途,28075,池内,33075,生存环境,38075,耳机,43075,轻伤,48075,风浪
3076,亏得,8076,单曲,13076,奋斗目标,18076,张小波,23076,旅途愉快,28076,池塘,33076,生存空间,38076,耳根,43076,轻佻,48076,风清云淡
3077,亏心,8077,单板,13077,奋进,18077,张小涛,23077,旅馆,28077,池子,33077,生存能力,38077,耳熟,43077,轻便,48077,风潮
3078,亏损,8078,单点,13078,奋青,18078,张小白,23078,旋儿,28078,池畔,33078,生完,38078,耳熟能详,43078,轻信,48078,风煦然
3079,亏本,8079,单独,13079,奎子,18079,张小睿,23079,旋律,28079,池边,33079,生小孩,38079,耳环,43079,轻声,48079,风物
3080,亏死,8080,单看,13080,奎屯,18080,张小红,23080,旋转,28080,池鱼,33080,生少,38080,耳目一新,43080,轻奢,48080,风生水
3081,云上,8081,单眼皮,13081,奏响,18081,张小贵,23081,旋风,28081,污染,33081,生巧,38081,耳膜,43081,轻工,48081,风神
3082,云中,8082,单程,13082,奏耐,18082,张少,23082,旌阳,28082,污染物,33082,生平,38082,耳边,43082,轻巧,48082,风秋
3083,云儿,8083,单细胞,13083,奏鸣曲,18083,张尧尧哥,23083,族群,28083,污染环境,33083,生快,38083,耳钉,43083,轻度,48083,风筝
3084,云南,8084,单花,13084,契尔年,18084,张岩,23084,族长,28084,污水,33084,生态,38084,耳闻,43084,轻微,48084,风花雪月
3085,云南旅游,8085,单薄,13085,契尔氏,18085,张岭,23085,旖旎,28085,污点,33085,生态园,38085,耳鸣,43085,轻快,48085,风范
3086,云南白药,8086,单行,13086,契约,18086,张川,23086,旗下,28086,污秽,33086,生态圈,38086,耶和华,43086,轻扬,48086,风荷
3087,云南省,8087,单行道,13087,奔三婆,18087,张帅,23087,旗号,28087,污蔑,33087,生态学,38087,耶太,43087,轻抚,48087,风萧萧
3088,云南菜,8088,单词,13088,奔儿,18088,张帆,23088,旗子,28088,汤亚竹,33088,生态旅游,38088,耶好,43088,轻拂,48088,风行
3089,云卷云舒,8089,单调,13089,奔到,18089,张师傅,23089,旗峰,28089,汤儿,33089,生态环境,38089,耶律,43089,轻拍,48089,风衣
3090,云台,8090,单身,13090,奔哥,18090,张康,23090,旗帜,28090,汤包,33090,生态系统,38090,耶心,43090,轻描淡写,48090,风衰
3091,云台山,8091,单身汉,13091,奔四,18091,张开,23091,旗舰店,28091,汤匙,33091,生怕,38091,耶泪,43091,轻放,48091,风言
3092,云吞,8092,单身生活,13092,奔头,18092,张弛,23092,旗袍,28092,汤吉吉,33092,生意,38092,耶爱,43092,轻易,48092,风调雨顺
3093,云吞面,8093,单身男女,13093,奔小康,18093,张张,23093,旗语,28093,汤团,33093,生意兴隆,38093,耶王,43093,轻松,48093,风貌
3094,云图,8094,单车,13094,奔忙,18094,张强,23094,无一,28094,汤圆,33094,生成,38094,耶稣,43094,轻柔,48094,风起
3095,云天,8095,单间,13095,奔放,18095,张德欣,23095,无一例外,28095,汤头,33095,生抽,38095,耶耶,43095,轻点,48095,风趣
3096,云妈,8096,单靠,13096,奔波,18096,张德武,23096,无上装,28096,汤姆,33096,生效,38096,耶耶耶,43096,轻烟,48096,风车
3097,云层,8097,单鞋,13097,奔泪,18097,张恒,23097,无不,28097,汤子,33097,生日,38097,耶赞,43097,轻狂,48097,风轻云淡
3098,云山,8098,卖东西,13098,奔流,18098,张悍,23098,无与伦比,28098,汤小雯,33098,生日会,38098,耶鲁,43098,轻生,48098,风采
3099,云川,8099,卖个,13099,奔溃,18099,张悦,23099,无业,28099,汤山,33099,生日快乐,38099,耷拉,43099,轻盈,48099,风里
3100,云彩,8100,卖书,13100,奔腾,18100,张惠妹,23100,无为,28100,汤山温泉,33100,生日歌,38100,耸人听闻,43100,轻纱,48100,风野叶
3101,云朗,8101,卖光,13101,奔走,18101,张慧,23101,无产阶级,28101,汤底,33101,生日派对,38101,耻笑,43101,轻而易举,48101,风铃
3102,云朵,8102,卖出,13102,奔走相告,18102,张扬,23102,无人,28102,汤料,33102,生日礼物,38102,耻辱,43102,轻舞,48102,风间
3103,云楼,8103,卖出去,13103,奔赴,18103,张掖,23103,无人区,28103,汤昊龙,33103,生日蛋糕,38103,耽搁,43103,轻薄,48103,风险
3104,云水,8104,卖到,13104,奔跑,18104,张攀,23104,无人性,28104,汤来,33104,生是,38104,耽误,43104,轻衫且,48104,风险投资
3105,云泉,8105,卖力,13105,奔驰,18105,张敬东,23105,无人问津,28105,汤水,33105,生机,38105,耿介,43105,轻装上阵,48105,风雅
3106,云海,8106,卖命,13106,奔驰车,18106,张文,23106,无从,28106,汤汁,33106,生机盎然,38106,耿妈,43106,轻视,48106,风雨
3107,云淡风轻,8107,卖国,13107,奕奕,18107,张斌,23107,无从下手,28107,汤汤,33107,生来,38107,耿昕,43107,轻轨,48107,风雨交加
3108,云渡,8108,卖完,13108,奖券,18108,张无忌,23108,无以,28108,汤煲,33108,生根,38108,耿直,43108,轻轻,48108,风雨同舟
3109,云游,8109,卖家,13109,奖励,18109,张旭,23109,无以复加,28109,汤色,33109,生死,38109,耿耿于怀,43109,轻轻地,48109,风雪
3110,云烟,8110,卖弄,13110,奖品,18110,张旭东,23110,无价,28110,汤部屋,33110,生死时速,38110,聂导,43110,轻轻松松,48110,风雷
3111,云端,8111,卖得,13111,奖学金,18111,张旺,23111,无价之宝,28111,汤里,33111,生死相依,38111,聂小倩,43111,轻重,48111,风靡
3112,云筝,8112,卖房,13112,奖得主,18112,张明,23112,无休止,28112,汤金,33112,生殖,38112,聂心,43112,轻雪,48112,风韵
3113,云迪,8113,卖房子,13113,奖是,18113,张明健,23113,无伤大雅,28113,汤金厨,33113,生殖器,38113,聂鑫,43113,轻风,48113,风风
3114,云里雾里,8114,卖掉,13114,奖杯,18114,张昕,23114,无依,28114,汤锅,33114,生气,38114,聆听,43114,轻飘飘,48114,风风火火
3115,云集,8115,卖方,13115,奖牌,18115,张显,23115,无偿,28115,汤阿莽,33115,生泪,38115,聊个,43115,轻食,48115,风风雨雨
3116,云雨,8116,卖淫,13116,奖状,18116,张晓刚,23116,无关,28116,汤面,33116,生活,38116,聊到,43116,轻骑兵,48116,风马
3117,云雾,8117,卖火柴,13117,奖给,18117,张晓彤,23117,无关紧要,28117,汤饭,33117,生活圈,38117,聊发,43117,载不动,48117,风骚
3118,云霄,8118,卖炭翁,13118,奖赏,18118,张晓舟,23118,无冕,28118,汤鱼,33118,生活必需品,38118,聊天,43118,载体,48118,风骨
3119,云顶,8119,卖点,13119,奖金,18119,张晓蕊,23119,无副作用,28119,汪东城,33119,生活态度,38119,聊天儿,43119,载入,48119,风魔
3120,云龙,8120,卖相,13120,奖项,18120,张晓鹏,23120,无力,28120,汪云青,33120,生活报,38120,聊天记录,43120,载入史册,48120,飒爽
3121,互动,8121,卖票,13121,套书,18121,张晓龙,23121,无力感,28121,汪俊,33121,生活照,38121,聊得,43121,载勋,48121,飘出
3122,互助,8122,卖艺,13122,套利,18122,张晨,23122,无动于衷,28122,汪啷,33122,生活用品,38122,聊斋,43122,载客,48122,飘尘
3123,互换,8123,卖花,13123,套套,18123,张晶,23123,无助,28123,汪太可轲,33123,生活空间,38123,聊着,43123,载有,48123,飘忽
3124,互殴,8124,卖茶,13124,套娃们,18124,张智霖,23124,无印良品,28124,汪小菲,33124,生活节奏,38124,聊聊,43124,载雾,48124,飘扬
3125,互相学习,8125,卖菜,13125,套子,18125,张暴,23125,无厘头,28125,汪峰,33125,生活费,38125,聊聊天,43125,轿夫,48125,飘摇
3126,互粉,8126,卖萌,13126,套房,18126,张曼玉,23126,无原则,28126,汪明荃,33126,生活馆,38126,聊起,43126,轿子,48126,飘来
3127,互联,8127,卖身,13127,套牢,18127,张有,23127,无双,28127,汪星,33127,生涯,38127,聊过,43127,轿车,48127,飘来荡
3128,互联网,8128,卖车,13128,套现,18128,张望,23128,无可,28128,汪永晨,33128,生源,38128,职业,43128,较劲,48128,飘柔
3129,互补,8129,南三环,13129,套用,18129,张朝阳,23129,无可厚非,28129,汪汪,33129,生火,38129,职业生涯,43129,较大,48129,飘洋过海
3130,互通,8130,南下,13130,套票,18130,张本,23130,无可奈何,28130,汪洋,33130,生灵,38130,职业病,43130,较差,48130,飘流
3131,亓永祥,8131,南丫岛,13131,套装,18131,张杨,23131,无可挑剔,28131,汪涵,33131,生熟,38131,职业装,43131,较瘦,48131,飘渺
3132,五一,8132,南丰,13132,套路,18132,张杰,23132,无可救药,28132,汪淼淼,33132,生物,38132,职业道德,43132,较真,48132,飘然
3133,五一劳动节,8133,南京,13133,套近乎,18133,张林,23133,无名,28133,汪渝,33133,生物学,38133,职位,43133,较量,48133,飘着
3134,五一节,8134,南京大学,13134,套间,18134,张柏芝,23134,无名指,28134,汪维炎,33134,生物碱,38134,职务,43134,辅助,48134,飘童童
3135,五七,8135,南京大屠杀,13135,套餐,18135,张树荣,23135,无味,28135,汪钰,33135,生物科技,38135,职场,43135,辅导,48135,飘絮
3136,五万,8136,南京市,13136,奚梦瑶,18136,张桓,23136,无哈,28136,汪霞,33136,生物钟,38136,职工,43136,辅料,48136,飘红
3137,五世,8137,南京旅游,13137,奠定,18137,张梓,23137,无国界,28137,汴人,33137,生猛,38137,职往,43137,辅路,48137,飘舞
3138,五个,8138,南京站,13138,奢侈,18138,张梓琳,23138,无图,28138,汶上,33138,生理,38138,职来,43138,辆车,48138,飘荡
3139,五人,8139,南京路,13139,奢侈品,18139,张梦路,23139,无土栽培,28139,汶川,33139,生理性,38139,职能,43139,辈份,48139,飘落
3140,五人组,8140,南北,13140,奢华,18140,张楚,23140,无地自容,28140,汶金,33140,生生,38140,职能部门,43140,辈出,48140,飘起
3141,五仁,8141,南半球,13141,奢望,18141,张楚楚,23141,无坚不摧,28141,汹涌,33141,生生不息,38141,职责,43141,辈分,48141,飘起来
3142,五位,8142,南南,13142,奢求,18142,张楠,23142,无声,28142,汽水,33142,生生世世,38142,联众,43142,辈子,48142,飘过
3143,五体投地,8143,南台,13143,奢玩,18143,张楠艳,23143,无声无息,28143,汽油,33143,生生的,38143,联动,43143,辉京,48143,飘逸
3144,五侠,8144,南周,13144,奢靡,18144,张欣,23144,无处,28144,汽车,33144,生疏,38144,联合,43144,辉哥,48144,飘雪
3145,五倍,8145,南哥,13145,奢餐,18145,张歆艺,23145,无处不在,28145,汽车旅馆,33145,生疼,38145,联合会,43145,辉少,48145,飘零
3146,五元,8146,南国,13146,奥体,18146,张武,23146,无奇不有,28146,汽车族,33146,生病,38146,联合利华,43146,辉煌,48146,飘飘
3147,五公里,8147,南坪,13147,奥克兰,18147,张毅斌,23147,无奈,28147,汽车站,33147,生石灰,38147,联合国,43147,辐射,48147,飘香
3148,五六,8148,南城,13148,奥兰多,18148,张民,23148,无奖,28148,汽车行业,33148,生硬,38148,联姻,43148,输入,48148,飙到
3149,五六个,8149,南大街,13149,奥利,18149,张永和,23149,无好,28149,汽锅,33149,生离死别,38149,联想,43149,输入法,48149,飙升
3150,五分,8150,南太平洋,13150,奥卡姆,18150,张江,23150,无妨,28150,汾湖,33150,生糖,38150,联手,43150,输出,48150,飙歌
3151,五分钟,8151,南宁,13151,奥地利,18151,张江女,23151,无子,28151,汾酒,33151,生者,38151,联播,43151,输在,48151,飙泪
3152,五十,8152,南宁站,13152,奥太,18152,张江怒,23152,无害,28152,沁人心脾,33152,生肉,38152,联文,43152,输完,48152,飙泪泪
3153,五十年,8153,南安,13153,奥奥,18153,张泉,23153,无家可归,28153,沁园春,33153,生肖,38153,联机,43153,输液,48153,飙车
3154,五千,8154,南宫,13154,奥妙,18154,张泉灵,23154,无小事,28154,沁沐然,33154,生育,38154,联欢,43154,输给,48154,飞个
3155,五千年,8155,南山,13155,奥巴马,18155,张泽,23155,无尘,28155,沁源,33155,生花,38155,联欢会,43155,输血,48155,飞云
3156,五口,8156,南岛,13156,奥德赛,18156,张洁,23156,无尽,28156,沁阳,33156,生菜,38156,联欢晚会,43156,输衰,48156,飞人
3157,五台,8157,南岭,13157,奥斯卡,18157,张洲,23157,无尾熊,28157,沃克,33157,生蛋,38157,联盟,43157,输赢,48157,飞侠
3158,五台山,8158,南岳,13158,奥斯汀,18158,张浩,23158,无常,28158,沃尔夫,33158,生计,38158,联社,43158,输送,48158,飞信
3159,五号,8159,南岸,13159,奥斯特,18159,张涌博,23159,无序,28159,沃尔沃,33159,生财,38159,联系人,43159,输错,48159,飞儿
3160,五号线,8160,南希,13160,奥林匹克,18160,张涛,23160,无底价,28160,沃尔玛,33160,生路,38160,联系方式,43160,辖区,48160,飞冰
3161,五周年,8161,南平,13161,奥林匹克公园,18161,张涵,23161,无底洞,28161,沃礼,33161,生辉,38161,联系电话,43161,辗转,48161,飞凡
3162,五味,8162,南广,13162,奥林巴斯,18162,张清,23162,无度,28162,沃阁,33162,生过,38162,联络,43162,辛劳,48162,飞出
3163,五味杂陈,8163,南开,13163,奥森,18163,张漪,23163,无异于,28163,沃阁哥,33163,生还,38163,联络处,43163,辛勤,48163,飞出去
3164,五哥,8164,南方,13164,奥次,18164,张瀚,23164,无形,28164,沃霍尔,33164,生还者,38164,联网,43164,辛勤劳动,48164,飞刀
3165,五四,8165,南方人,13165,奥派,18165,张瀚文,23165,无影,28165,沈东军,33165,生锈,38165,联谊会,43165,辛勤工作,48165,飞利浦
3166,五块,8166,南方周末,13166,奥火,18166,张照,23166,无影手,28166,沈丹扬,33166,生长,38166,联赛,43166,辛巴,48166,飞到
3167,五大,8167,南方日报,13167,奥灶面,18167,张熙,23167,无影无踪,28167,沈之骅,33167,生鬼,38167,联通,43167,辛巴带,48167,飞去
3168,五天,8168,南无,13168,奥特,18168,张牙舞爪,23168,无影脚,28168,沈伟健,33168,生鱼片,38168,联邦,43168,辛巴达,48168,飞叶
3169,五套,8169,南昌,13169,奥特曼,18169,张狂,23169,无得,28169,沈凌,33169,生鲜,38169,聚乐部,43169,辛明璋,48169,飞吻
3170,五官,8170,南朝鲜,13170,奥神,18170,张玉珊,23170,无微不至,28170,沈卫娟,33170,生龙活虎,38170,聚众,43170,辛格,48170,飞哥
3171,五家,8171,南极,13171,奥组委,18171,张玮,23171,无德,28171,沈善,33171,用不上,38171,聚会,43171,辛苦,48171,飞回
3172,五小时,8172,南楠,13172,奥美,18172,张玮倩,23172,无心,28172,沈嘉柯,33172,用不完,38172,聚在一起,43172,辛苦工作,48172,飞回去
3173,五层,8173,南楼,13173,奥胡爷,18173,张珑耀,23173,无忌,28173,沈嘉禄,33173,用不着,38173,聚宝,43173,辛辛苦苦,48173,飞回来
3174,五岁,8174,南汇,13174,奥衰,18174,张琳,23174,无忧,28174,沈太玲,33174,用个,38174,聚宝盆,43174,辛辣,48174,飞在
3175,五岳,8175,南洋,13175,奥运,18175,张瑛,23175,无忧无虑,28175,沈妞,33175,用书,38175,聚成,43175,辛迪,48175,飞天
3176,五年,8176,南派,13176,奥运会,18176,张瑞,23176,无怨无悔,28176,沈宏,33176,用于,38176,聚散,43176,辛迪加,48176,飞奔
3177,五年级,8177,南海,13177,奥运冠军,18177,张瑶,23177,无恙,28177,沈宏非,33177,用人,38177,聚点,43177,辛酉,48177,飞屋
3178,五彩,8178,南渡,13178,奥运金牌,18178,张生,23178,无悔,28178,沈家,33178,用以,38178,聚焦,43178,辛酸,48178,飞常
3179,五彩斑斓,8179,南湖,13179,奥迪,18179,张番,23179,无情,28179,沈小台,33179,用作,38179,聚美,43179,辛酸泪,48179,飞常准
3180,五悦,8180,南澳,13180,奥里,18180,张相正,23180,无意,28180,沈彤,33180,用做,38180,聚聚,43180,辜负,48180,飞张
3181,五折,8181,南澳大利亚,13181,奥鹏,18181,张真,23181,无意间,28181,沈总,33181,用光,38181,聚起,43181,辞世,48181,飞往
3182,五指山,8182,南瓜,13182,奥黛丽,18182,张睿,23182,无感,28182,沈敦文,33182,用具,38182,聚起来,43182,辞典,48182,飞得
3183,五斤,8183,南疆,13183,奥黛雅,18183,张碧仿,23183,无愧,28183,沈昌珉,33183,用到,38183,聚集,43183,辞旧岁,48183,飞快
3184,五日,8184,南站,13184,女一号,18184,张磊,23184,无愧于,28184,沈星,33184,用力,38184,聚集地,43184,辞旧迎新,48184,飞思
3185,五明品,8185,南粤,13185,女业主,18185,张票,23185,无憾,28185,沈浩波,33185,用功,38185,聚餐,43185,辞穴,48185,飞扬
3186,五星,8186,南美,13186,女丝,18186,张程,23186,无懈可击,28186,沈涛,33186,用卡,38186,聚首,43186,辞职,48186,飞报
3187,五星级,8187,南航,13187,女主,18187,张笑,23187,无房,28187,沈爷,33187,用品,38187,聚齐,43187,辞退,48187,飞抵
3188,五月,8188,南芳,13188,女主人,18188,张笛,23188,无所不在,28188,沈珊,33188,用回,38188,聪慧,43188,辟谣,48188,飞机
3189,五月份,8189,南苑,13189,女主持,18189,张绍,23189,无所不能,28189,沈畅,33189,用处,38189,聪明,43189,辟谷,48189,飞机场
3190,五月天,8190,南薰,13190,女主播,18190,张继坤,23190,无所事事,28190,沈老师,33190,用头,38190,聪明人,43190,辟邪,48190,飞机故障
3191,五木,8191,南蛮,13191,女主角,18191,张维玉,23191,无所畏,28191,沈莉卓,33191,用尽,38191,聪明伶俐,43191,辣个,48191,飞机票
3192,五条,8192,南街,13192,女亭,18192,张罗,23192,无所谓,28192,沈阳,33192,用得上,38192,聪聪,43192,辣到,48192,飞来
3193,五样,8193,南路,13193,女人,18193,张羽,23193,无所适从,28193,沈阳站,33193,用得着,38193,聪颖,43193,辣味,48193,飞来飞去
3194,五棵松,8194,南边,13194,女人味,18194,张翰,23194,无拘无束,28194,沈雷,33194,用心,38194,肆意,43194,辣妈,48194,飞歌
3195,五楼,8195,南迦,13195,女人帮,18195,张翼,23195,无损,28195,沉寂,33195,用心良苦,38195,肆无忌惮,43195,辣妹,48195,飞求
3196,五次,8196,南通,13196,女人爱,18196,张老师,23196,无故,28196,沉得住气,33196,用怒,38196,肆虐,43196,辣妹子,48196,飞泉
3197,五款,8197,南郊,13197,女人真,18197,张胜强,23197,无效,28197,沉思,33197,用情,38197,肇事,43197,辣子,48197,飞泪
3198,五步,8198,南部,13198,女仆,18198,张胤,23198,无敌,28198,沉沉,33198,用意,38198,肇事者,43198,辣子鸡,48198,飞流直下三千尺
3199,五毛,8199,南锣,13199,女们,18199,张脸,23199,无数,28199,沉沦,33199,用户,38199,肇庆,43199,辣子鸡丁,48199,飞涨
3200,五毛钱,8200,南锣鼓巷,13200,女优,18200,张良,23200,无数个,28200,沉浮,33200,用户名,38200,肉丁,43200,辣得,48200,飞渡
3201,五洲,8201,南门,13201,女作家,18201,张良庙,23201,无数次,28201,沉浸,33201,用手,38201,肉丝,43201,辣微,48201,飞熊
3202,五湖四海,8202,南阳,13202,女侠,18202,张艳朝,23202,无数遍,28202,沉淀,33202,用料,38202,肉丸,43202,辣手,48202,飞燕
3203,五点,8203,南院,13203,女儿,18203,张艺,23203,无时,28203,沉甸甸,33203,用时,38203,肉丸子,43203,辣椒,48203,飞狐
3204,五环,8204,南雄,13204,女儿国,18204,张艺冬,23204,无时无刻,28204,沉痛,33204,用武之地,38204,肉体,43204,辣椒水,48204,飞猪
3205,五百,8205,南靖,13205,女儿身,18205,张艺谋,23205,无明,28205,沉着,33205,用水,38205,肉包,43205,辣椒油,48205,飞猫
3206,五百万,8206,南非,13206,女兵,18206,张芳,23206,无暇,28206,沉睡,33206,用法,38206,肉包子,43206,辣椒粉,48206,飞甲
3207,五百年,8207,南风,13207,女医生,18207,张荣奎,23207,无望,28207,沉稳,33207,用泪,38207,肉味,43207,辣椒酱,48207,飞白
3208,五百强,8208,博上,13208,女厕所,18208,张莹,23208,无期徒刑,28208,沉舟,33208,用滴,38208,肉圆,43208,辣椒面,48208,飞盘
3209,五种,8209,博主,13209,女友,18209,张萌杰,23209,无权,28209,沉船,33209,用用,38209,肉夹馍,43209,辣死,48209,飞着
3210,五秒,8210,博主是,13210,女口,18210,张薇,23210,无权无势,28210,沉迷,33210,用电,38210,肉干,43210,辣油,48210,飞碟
3211,五米,8211,博乐,13211,女司机,18211,张解,23211,无条件,28211,沉醉,33211,用笔,38211,肉弹,43211,辣白菜,48211,飞翔
3212,五粮液,8212,博会,13212,女同事,18212,张译,23212,无极,28212,沉重,33212,用纸,38212,肉感,43212,辣笔,48212,飞腿
3213,五脏六腑,8213,博兄,13213,女同学,18213,张谦,23213,无极限,28213,沉闷,33213,用脑,38213,肉排,43213,辣菜,48213,飞舞
3214,五色,8214,博动,13214,女同胞,18214,张贴,23214,无果,28214,沉静,33214,用膳,38214,肉末,43214,辣辣,48214,飞船
3215,五花,8215,博友,13215,女团,18215,张赫,23215,无欲则刚,28215,沉香,33215,用药,38215,肉松,43215,辣辣的,48215,飞花
3216,五花肉,8216,博友们,13216,女士,18216,张起,23216,无止境,28216,沉鱼落雁,33216,用词,38216,肉桂,43216,辣酱,48216,飞虎
3217,五虎,8217,博园,13217,女士们,18217,张超,23217,无毒,28217,沉默,33217,用语,38217,肉汁,43217,辨别,48217,飞虎队
3218,五行,8218,博士,13218,女声,18218,张跃,23218,无比,28218,沏茶,33218,用车,38218,肉汤,43218,辨认,48218,飞虫
3219,五角,8219,博士生,13219,女大十八变,18219,张路,23219,无法弥补,28219,沐小然,33219,用过,38219,肉泪,43219,辨识,48219,飞虹
3220,五角场,8220,博多,13220,女妖,18220,张辉,23220,无法形容,28220,沐浴,33220,用途,38220,肉爷,43220,辩护,48220,飞蛾
3221,五道,8221,博大,13221,女娃,18221,张辛,23221,无法忍受,28221,沐浴露,33221,用钱,38221,肉片,43221,辩论,48221,飞蛾扑火
3222,五道口,8222,博大精深,13222,女婴,18222,张达,23222,无法挽回,28222,沐童,33222,用餐,38222,肉球,43222,辩论赛,48222,飞行
3223,五里,8223,博太,13223,女婿,18223,张迎,23223,无法控制,28223,沙丁鱼,33223,甩出,38223,肉球妈,43223,辩题,48223,飞行员
3224,五音不全,8224,博好,13224,女子,18224,张远,23224,无法无天,28224,沙丘,33224,甩卖,38224,肉眼,43224,辫子,48224,飞让
3225,五颜六色,8225,博学,13225,女子组,18225,张迪,23225,无法解释,28225,沙中,33225,甩开,38225,肉类,43225,辱骂,48225,飞语
3226,五香,8226,博宁,13226,女学,18226,张逃,23226,无泪,28226,沙僧,33226,甩手,38226,肉肉,43226,边上,48226,飞豹
3227,五龙,8227,博客,13227,女孩,18227,张醒,23227,无济于事,28227,沙加,33227,甩掉,38227,肉肉爷,43227,边个,48227,飞贼
3228,井冈山,8228,博得,13228,女孩儿,18228,张醒生,23228,无涯,28228,沙包,33228,甭想,38228,肉脯,43228,边儿,48228,飞走
3229,井柏然,8229,博文,13229,女孩子,18229,张金,23229,无烟,28229,沙县,33229,甭管,38229,肉色,43229,边关,48229,飞起
3230,井盖,8230,博斐,13230,女将,18230,张金朗,23230,无照,28230,沙发,33230,田丰,38230,肉蟹,43230,边区,48230,飞越
3231,井里,8231,博斐秀,13231,女尸,18231,张鑫,23231,无爱,28231,沙哑,33231,田亮,38231,肉质,43231,边吃边,48231,飞跃
3232,亚丁,8232,博时,13232,女尼,18232,张钧,23232,无理,28232,沙坡头,33232,田信国,38232,肉身,43232,边城,48232,飞车
3233,亚东,8233,博是,13233,女工,18233,张铎,23233,无理取闹,28233,沙子,33233,田原,38233,肉酱,43233,边境,48233,飞轮
3234,亚丽,8234,博有,13234,女巫,18234,张锐,23234,无瑕,28234,沙子口,33234,田品,38234,肉食,43234,边度,48234,飞过
3235,亚亚,8235,博泪,13235,女式,18235,张锡磊,23235,无用,28235,沙宝亮,33235,田嘉夫,38235,肉饼,43235,边检,48235,飞过去
3236,亚健康,8236,博洛尼,13236,女强人,18236,张阳,23236,无界,28236,沙家浜,33236,田园,38236,肉馅,43236,边炉,48236,飞逝
3237,亚克,8237,博爱,13237,女心,18237,张际星,23237,无畏,28237,沙尘,33237,田园风光,38237,肉鸡,43237,边玩,48237,飞速
3238,亚军,8238,博爱路,13238,女心经,18238,张雄,23238,无疆,28238,沙尘暴,33238,田地,38238,肉麻,43238,边界,48238,飞镖
3239,亚冠,8239,博物,13239,女怕,18239,张雨,23239,无疑,28239,沙岛,33239,田培善,38239,肋骨,43239,边疆,48239,飞雨
3240,亚历山大,8240,博物院,13240,女性,18240,张雪威,23240,无病呻吟,28240,沙巴,33240,田太权,38240,肌肉,43240,边缘,48240,飞雪
3241,亚哥,8241,博物馆,13241,女性朋友,18241,张雯,23241,无痕,28241,沙拉,33241,田婷,38241,肌肉男,43241,边角,48241,飞飞
3242,亚太,8242,博瑞祥,13242,女战士,18242,张震,23242,无痛,28242,沙拉酱,33242,田家,38242,肌肤,43242,边角料,48242,飞飞哥
3243,亚平,8243,博纳,13243,女报,18243,张静葳,23243,无益,28243,沙摩柯,33243,田小打,38243,肖丹,43243,边走边吃,48243,飞马
3244,亚当,8244,博罗,13244,女方,18244,张韶涵,23244,无眠,28244,沙桐,33244,田小爽,38244,肖像,43244,边走边看,48244,飞驰
3245,亚心,8245,博者,13245,女明星,18245,张颖,23245,无眼,28245,沙棘,33245,田径,38245,肖像权,43245,边边,48245,飞鱼
3246,亚洲,8246,博要,13246,女星,18246,张飞,23246,无知,28246,沙欤,33246,田文,38246,肖大卉,43246,边远,48246,飞鸟
3247,亚然,8247,博览,13247,女晕,18247,张馨予,23247,无知者,28247,沙泪,33247,田晓龙,38247,肖恩,43247,边间,48247,飞鸽
3248,亚航,8248,博览会,13248,女朋友,18248,张驰,23248,无码,28248,沙洲,33248,田林,38248,肖执缨,43248,辽宁,48248,飞鸿
3249,亚裔,8249,博说,13249,女款,18249,张骏,23249,无碍,28249,沙海,33249,田树,38249,肖执缨泪,43249,辽宁沈阳,48249,飞鹰
3250,亚运,8250,博采,13250,女歌手,18250,张鸿,23250,无票,28250,沙湖,33250,田洪禹,38250,肖璇,43250,辽河,48250,飞龙
3251,亚运会,8251,博里,13251,女汉纸,18251,张鹏,23251,无福消受,28251,沙滩,33251,田涯,38251,肖申克,43251,辽视,48251,食享
3252,亚运村,8252,博闻,13252,女泪,18252,张鹰,23252,无私,28252,沙漠,33252,田淼,38252,肖素光,43252,辽足,48252,食人花
3253,亚非,8253,博雅,13253,女流氓,18253,弥勒,23253,无穷,28253,沙爹,33253,田源,38253,肖肖,43253,辽阔,48253,食光
3254,亚马逊,8254,博集,13254,女滴,18254,弥漫,23254,无穷动,28254,沙特,33254,田炜华,38254,肖臻杰,43254,达人,48254,食全食
3255,亚麻,8255,博饼,13255,女演员,18255,弥漫着,23255,无穷大,28255,沙特阿拉伯,33255,田炜华怒,38255,肖邦,43255,达人会,48255,食北
3256,亚龙湾,8256,博鳌,13256,女王,18256,弥补,23256,无穷尽,28256,沙田,33256,田甜,38256,肖雪慧,43256,达人夜,48256,食品
3257,些小,8257,博鸣乐,13257,女生,18257,弥足珍贵,23257,无穷无尽,28257,沙画,33257,田田,38257,肖雷,43257,达人教,48257,食品包装
3258,些微,8258,卜潢,13258,女生节,18258,弦林,23258,无穷的,28258,沙砾,33258,田畔,38258,肖静,43258,达人游,48258,食品安全
3259,些许,8259,卞洛磊,13259,女皇,18259,弧线,23259,无端,28259,沙粒,33259,田维义,38259,肘子,43259,达人秀,48259,食品网
3260,亟待解决,8260,占便宜,13260,女盆友,18260,弯弯,23260,无糖,28260,沙茶,33260,田网,38260,肚兜,43260,达人秀小达,48260,食在
3261,亢奋,8261,占地,13261,女神,18261,弯曲,23261,无线,28261,沙袋,33261,田耀,38261,肚子,43261,达人秀微,48261,食坊
3262,交个,8262,占夏,13262,女秘书,18262,弯腰,23262,无线网络,28262,沙迦,33262,田耀儿,38262,肚子疼,43262,达人秀达,48262,食堂
3263,交了,8263,占座,13263,女童,18263,弱不禁风,23263,无缘,28263,沙雕,33263,田舍,38263,肚子痛,43263,达令,48263,食奴
3264,交互,8264,占据,13264,女纸,18264,弱冠,23264,无缘无故,28264,沙面,33264,田艺苗,38264,肚子饿,43264,达伦,48264,食子
3265,交代,8265,占星,13265,女美,18265,弱势,23265,无缝,28265,沙鸥,33265,田螺,38265,肚皮,43265,达卡,48265,食客
3266,交到,8266,占用,13266,女老师,18266,弱势群体,23266,无缺,28266,沙鼠,33266,田里,38266,肚皮舞,43266,达古,48266,食家
3267,交加,8267,占领,13267,女装,18267,弱女子,23267,无罪,28267,沙龙,33267,田野,38267,肚肚,43267,达喀尔,48267,食家饭
3268,交叉,8268,卡丁车,13268,女警,18268,弱小,23268,无耻,28268,沟沟,33268,田间,38268,肚脐,43268,达嘻哈,48268,食宿
3269,交叉口,8269,卡住,13269,女超人,18269,弱弱,23269,无耻之徒,28269,沟通,33269,田震,38269,肚腩,43269,达央半北,48269,食尚
3270,交友,8270,卡到,13270,女郎,18270,弱怒,23270,无聊,28270,沟通交流,33270,田飞,38270,肚里,43270,达姆,48270,食尚餐
3271,交友不慎,8271,卡卡,13271,女银,18271,弱智,23271,无肉,28271,沟里,33271,田鸡,38271,肚饿,43271,达尔,48271,食府
3272,交响乐,8272,卡号,13272,女鬼,18272,弱水三千,23272,无能,28272,没上,33272,田鼠,38272,肛泰,43272,达尔文,48272,食彩
3273,交响乐团,8273,卡哇伊,13273,女魔头,18273,弱点,23273,无能为力,28273,没上去,33273,由个,38273,肝儿,43273,达州,48273,食得
3274,交响曲,8274,卡地亚,13274,奴婢,18274,弱者,23274,无脑,28274,没下,33274,由内而外,38274,肝火,43274,达微,48274,食指
3275,交大,8275,卡夫卡,13275,奴家,18275,弹唱,23275,无腿,28275,没个,33275,由心,38275,肝癌,43275,达怒,48275,食文化
3276,交广网,8276,卡宴,13276,奴役,18276,弹弓,23276,无良,28276,没中,33276,由立平,38276,肝硬化,43276,达成,48276,食既
3277,交往,8277,卡小娜,13277,奴性,18277,弹弹,23277,无色,28277,没买,33277,由衷,38277,肝肠寸断,43277,达拉,48277,食材
3278,交待,8278,卡尔,13278,奴才,18278,弹性,23278,无花,28278,没事,33278,甲乙丙丁,38278,肝胆相照,43278,达拉斯,48278,食欲
3279,交情,8279,卡尔顿,13279,奴隶,18279,弹指,23279,无花果,28279,没事儿,33279,甲午战争,38279,肝脏,43279,达摩,48279,食泪
3280,交换,8280,卡巴,13280,奶业,18280,弹指一挥间,23280,无药,28280,没事干,33280,甲壳虫,38280,肠子,43280,达文,48280,食物
3281,交换机,8281,卡布,13281,奶味,18281,弹琴,23281,无菌,28281,没事找事,33281,甲子,38281,肠粉,43281,达晓呆,48281,食物中毒
3282,交授,8282,卡布奇诺,13282,奶嘴,18282,弹着,23282,无蛋,28282,没亮,33282,甲方,38282,肠胃,43282,达标,48282,食物链
3283,交接,8283,卡帕,13283,奶头,18283,弹簧,23283,无视,28283,没人,33283,甲板,38283,肠胃炎,43283,达洋,48283,食用
3284,交易,8284,卡扎菲,13284,奶奶,18284,强人,23284,无解,28284,没人会,33284,甲油,38284,肠道,43284,达琳,48284,食用菌
3285,交替,8285,卡拉,13285,奶奶家,18285,强冷空气,23285,无言,28285,没人接,33285,甲状腺,38285,股东,43285,达芬奇,48285,食疗
3286,交朋友,8286,卡普,13286,奶妈,18286,强制,23286,无言以对,28286,没人敢,33286,甲申,38286,股价,43286,达蒙,48286,食破天
3287,交汇,8287,卡片,13287,奶昔,18287,强力,23287,无论如何,28287,没人来,33287,甲米,38287,股份,43287,达西,48287,食神
3288,交流,8288,卡片机,13288,奶是,18288,强劲,23288,无论怎样,28288,没人用,33288,甲醛,38288,股市,43288,达观,48288,食素
3289,交流中心,8289,卡特,13289,奶汁,18289,强势,23289,无论是,28289,没人管,33289,甲问,38289,股指,43289,达赖,48289,食肉
3290,交流会,8290,卡王,13290,奶油,18290,强化,23290,无证,28290,没人能,33290,甲骨文,38290,股权,43290,达达,48290,食色
3291,交流学习,8291,卡玛,13291,奶油味,18291,强哥,23291,无话,28291,没人要,33291,甲鱼,38291,股民,43291,达铭,48291,食行
3292,交流活动,8292,卡瓦,13292,奶爸,18292,强国,23292,无话可说,28292,没什么,33292,申冤,38292,股爷,43292,迁就,48292,食街
3293,交涉,8293,卡米,13293,奶牛,18293,强壮,23293,无语,28293,没份,33293,申城,38293,股票,43293,迁徙,48293,食记
3294,交由,8294,卡萨帝,13294,奶特儿,18294,强多,23294,无语凝,28294,没位,33294,申奥,38294,肢体,43294,迁林玉,48294,食评
3295,交相辉映,8295,卡西,13295,奶瓶,18295,强大,23295,无误,28295,没住,33295,申慧,38295,肤浅,43295,迁移,48295,食谱
3296,交稿,8296,卡西欧,13296,奶皮子,18296,强奸,23296,无谓,28296,没修,33296,申报,38296,肤色,43296,迁都,48296,食道癌
3297,交管局,8297,卡路里,13297,奶粉,18297,强奸罪,23297,无赖,28297,没停,33297,申晨,38297,肥仔,43297,迄今为止,48297,食量
3298,交纳,8298,卡车,13298,奶糖,18298,强子,23298,无趣,28298,没入,33298,申根,38298,肥厚,43298,迅所,48298,食食
3299,交织,8299,卡通,13299,奶茶,18299,强度,23299,无路可走,28299,没六儿,33299,申江,38299,肥嘟嘟,43299,迅猛,48299,食饭
3300,交给,8300,卡通人物,13300,奶酪,18300,强强,23300,无路可逃,28300,没关,33300,申花,38300,肥大,43300,迅码,48300,餐具
3301,交行,8301,卡通片,13301,奶香,18301,强忍,23301,无踪,28301,没关系,33301,申诉,38301,肥天,43301,迅雷,48301,餐券
3302,交规,8302,卡酷,13302,奸商,18302,强悍,23302,无车,28302,没养,33302,申请,38302,肥婆,43302,迅雷不及,48302,餐前
3303,交警,8303,卡里,13303,奸妃,18303,强拆,23303,无辜,28303,没写,33303,申请专利,38303,肥家,43303,过万,48303,餐单
3304,交谈,8304,卡门,13304,她俩,18304,强推,23304,无辜者,28304,没准,33304,申请人,38304,肥来,43304,过上,48304,餐厅
3305,交运,8305,卡顿尔,13305,她姐,18305,强暴,23305,无辣,28305,没准儿,33305,申通,38305,肥波,43305,过不去,48305,餐后
3306,交通,8306,卡马乔,13306,她家,18306,强求,23306,无边,28306,没减,33306,申遗,38306,肥牛,43306,过个,48306,餐品
3307,交通事故,8307,卢中强,13307,好下场,18307,强泪,23307,无边无际,28307,没出,33307,申鑫,38307,肥猪,43307,过些天,48307,餐小
3308,交通卡,8308,卢健,13308,好不好,18308,强烈呼吁,23308,无道,28308,没出息,33308,申音,38308,肥猫,43308,过些日子,48308,餐巾
3309,交通工具,8309,卢健生,13309,好不容易,18309,强烈建议,23309,无遗,28309,没到,33309,电信,38309,肥瘦,43309,过人,48309,餐巾纸
3310,交通广播,8310,卢勇,13310,好丑,18310,强烈抗议,23310,无邪,28310,没刷,33310,电光,38310,肥皂,43310,过份,48310,餐时
3311,交通拥堵,8311,卢强,13311,好东东,18311,强烈推荐,23311,无酒,28311,没前途,33311,电到,38311,肥硕,43311,过会,48311,餐桌
3312,交通状况,8312,卢晓武,13312,好个秋,18312,强烈要求,23312,无量,28312,没剩,33312,电力,38312,肥羊,43312,过儿,48312,餐桌上
3313,交通管制,8313,卢比,13313,好为人师,18313,强生,23313,无钱,28313,没办,33313,电力公司,38313,肥美,43313,过关,48313,餐泪
3314,交通规则,8314,卢湾,13314,好久,18314,强盗,23314,无错,28314,没加,33314,电动,38314,肥而,43314,过冬,48314,餐盒
3315,交通银行,8315,卢瓦尔河,13315,好久不见,18315,强硬,23315,无锡,28315,没动,33315,电动车,38315,肥肉,43315,过分,48315,餐紫霞
3316,交道口,8316,卢米,13316,好久好久,18316,强者,23316,无门,28316,没动静,33316,电压,38316,肥肠,43316,过别,48316,餐肉
3317,交配,8317,卢锡奂,13317,好久没,18317,强行,23317,无间道,28317,没劲,33317,电台,38317,肥肥,43317,过剩,48317,餐车
3318,交钱,8318,卤味,13318,好乐,18318,强身健体,23318,无限,28318,没劲儿,33318,电台节目,38318,肥胖,43318,过劳死,48318,餐食
3319,交错,8319,卤子,13319,好乐迪,18319,强转,23319,无限大,28319,没化,33319,电吹风,38319,肥腻,43319,过劳肥,48319,餐饮
3320,交集,8320,卤水,13320,好乖,18320,强迫,23320,无限期,28320,没卖,33320,电商,38320,肥蟹,43320,过半,48320,餐饮业
3321,亦可,8321,卤肉饭,13321,好书,18321,强迫症,23321,无限量,28321,没卡,33321,电器,38321,肥鱼,43321,过后,48321,餐饮企业
3322,亦庄,8322,卤蛋,13322,好了吗,18322,强降雨,23322,无限风光,28322,没去,33322,电子,38322,肩上,43322,过块,48322,餐饮公司
3323,亦非,8323,卤面,13323,好了吧,18323,强项,23323,无需,28323,没发,33323,电子书,38323,肩膀,43323,过境,48323,餐饮店
3324,产业,8324,卧倒,13324,好了没,18324,归于,23324,无霜,28324,没变,33324,电子产品,38324,肮脏,43324,过多,48324,餐饮网
3325,产业链,8325,卧室,13325,好事,18325,归家,23325,无非,28325,没叫,33325,电子商务,38325,肯定,43325,过夜,48325,餐饮行业
3326,产假,8326,卧床,13326,好事儿,18326,归宿,23326,无鞋,28326,没吃够,33326,电子版,38326,肯尼亚,43326,过够,48326,餐饮部
3327,产区,8327,卧底,13327,好事多磨,18327,归属,23327,无须,28327,没吃过,33327,电子琴,38327,肯德基,43327,过大年,48327,餐馆
3328,产卵,8328,卧槽,13328,好事成双,18328,归属感,23328,无题,28328,没听说过,33328,电子科技,38328,育儿,43328,过太多,48328,饕餮
3329,产后,8329,卧虎藏龙,13329,好事者,18329,归来,23329,无颜,28329,没味,33329,电子秤,38329,育儿网,43329,过失,48329,饥寒交迫
3330,产品,8330,卧铺,13330,好些,18330,归档,23330,无颜见江东父老,28330,没味儿,33330,电子称,38330,肺活量,43330,过头,48330,饥渴
3331,产品设计,8331,卧龙,13331,好亮,18331,归真,23331,无风,28331,没命,33331,电子系,38331,肺炎,43331,过奖,48331,饥肠辘辘
3332,产地,8332,卫东,13332,好人,18332,归纳,23332,无齿,28332,没品,33332,电工,38332,肺片,43332,过好,48332,饥饿
3333,产权,8333,卫华,13333,好人好事,18333,归还,23333,既得利益者,28333,没响,33333,电影,38333,肺癌,43333,过客,48333,饭主播
3334,产检,8334,卫国,13334,好人家,18334,归途,23334,既有,28334,没哭,33334,电影吧,38334,肺腑之言,43334,过家家,48334,饭前
3335,产物,8335,卫城,13335,好伐,18335,归队,23335,既来之,28335,没商量,33335,电影城,38335,肺里,43335,过小年,48335,饭卡
3336,产量,8336,卫士,13336,好伴侣,18336,归零,23336,既然如此,28336,没喝,33336,电影学院,38336,肾虚,43336,过山车,48336,饭后
3337,亨亨,8337,卫庄,13337,好似,18337,当上,23337,既生,28337,没回,33337,电影版,38337,肿么样,43337,过年,48337,饭否
3338,亨利,8338,卫报,13338,好使,18338,当不了,23338,既要,28338,没图,33338,电影票,38338,肿得,43338,过度,48338,饭哥
3339,享乐,8339,卫新,13339,好像,18339,当个,23339,日下,28339,没圈,33339,电影票房,38339,肿木,43339,过往,48339,饭团
3340,享受,8340,卫星,13340,好儿女,18340,当之无愧,23340,日下客,28340,没地,33340,电影节,38340,肿痛,43340,过得,48340,饭团子
3341,享年,8341,卫浴,13341,好冻,18341,当事人,23341,日中,28341,没多久,33341,电影院,38341,肿瘤,43341,过快,48341,饭堂
3342,享折,8342,卫生,13342,好准,18342,当人,23342,日乐,28342,没够,33342,电影频道,38342,肿瘤医院,43342,过把瘾,48342,饭局
3343,享有,8343,卫生巾,13343,好几,18343,当今,23343,日产,28343,没大,33343,电扇,38343,胁迫,43343,过招,48343,饭庄
3344,享派,8344,卫生纸,13344,好几个,18344,当代,23344,日元,28344,没大没小,33344,电报,38344,胃口,43344,过敏,48344,饭店
3345,享用,8345,卫生部,13345,好几件,18345,当代艺术,23345,日光,28345,没头脑,33345,电是,38345,胃怀,43345,过敏性,48345,饭有
3346,享福,8346,卫生间,13346,好几位,18346,当众,23346,日光浴,28346,没奶,33346,电梯,38346,胃王,43346,过日子,48346,饭来张口
3347,享誉,8347,卫衣,13347,好几千,18347,当作,23347,日免,28347,没好,33347,电梯门,38347,胃疼,43347,过早,48347,饭桌
3348,京东,8348,卫视,13348,好几回,18348,当值,23348,日内瓦,28348,没娃,33348,电梯间,38348,胃病,43348,过时,48348,饭桶
3349,京京,8349,印上,13349,好几圈,18349,当做,23349,日军,28349,没学,33349,电水壶,38349,胃痛,43349,过晕,48349,饭泪
3350,京兆尹,8350,印制,13350,好几家,18350,当兵,23350,日出,28350,没完,33350,电池,38350,胃肠,43350,过期,48350,饭点
3351,京内,8351,印刷,13351,好几年,18351,当初,23351,日出日落,28351,没完没了,33351,电源,38351,胃部,43351,过期不候,48351,饭爷
3352,京剧,8352,印厂,13352,好几条,18352,当回事,23352,日分,28352,没少,33352,电灯,38352,胃里,43352,过来人,48352,饭盒
3353,京华,8353,印在,13353,好几样,18353,当地人,23353,日到,28353,没尝过,33353,电热毯,38353,胃镜,43353,过桥,48353,饭碗
3354,京南,8354,印小天,13354,好几百,18354,当地政府,23354,日前,28354,没差,33354,电瓶,38354,胃食妹,43354,过桥米线,48354,饭票
3355,京味,8355,印尼,13355,好几种,18355,当天,23355,日剧,28355,没带,33355,电瓶车,38355,胆固醇,43355,过次,48355,饭粒
3356,京城,8356,印岚,13356,好几遍,18356,当妈,23356,日历,28356,没干,33356,电眼,38356,胆大,43356,过段时间,48356,饭菜
3357,京天,8357,印巴,13357,好几顿,18357,当季,23357,日后,28357,没底,33357,电磁,38357,胆大包天,43357,过汗,48357,饭补
3358,京师,8358,印度,13358,好凶,18358,当官,23358,日喀则,28358,没开,33358,电磁炉,38358,胆子,43358,过江,48358,饭醉团
3359,京广,8359,印度人,13359,好切,18359,当家,23359,日均,28359,没影,33359,电站,38359,胆小,43359,过河,48359,饭量
3360,京承,8360,印度洋,13360,好剧,18360,当家的,23360,日坛,28360,没得,33360,电线,38360,胆小鬼,43360,过河拆桥,48360,饭钱
3361,京报,8361,印真,13361,好办,18361,当家花旦,23361,日夜,28361,没得说,33361,电线杆,38361,胆战心惊,43361,过泪,48361,饭饭
3362,京晖晖,8362,印着,13362,好勒,18362,当局,23362,日天,28362,没微博,33362,电脑,38362,胆敢,43362,过活,48362,饭馆
3363,京沪,8363,印章,13363,好去处,18363,当属,23363,日头,28363,没心没肺,33363,电脑前,38363,胆汁,43363,过海,48363,饭馆儿
3364,京津,8364,印第安,13364,好友,18364,当年,23364,日娜,28364,没怒,33364,电脑前面,38364,胆识,43364,过渡,48364,饭香
3365,京津冀,8365,印第安人,13365,好口,18365,当当,23365,日子,28365,没想,33365,电脑包,38365,胆量,43365,过滤,48365,饮品
3366,京皇,8366,印花,13366,好吃,18366,当当网,23366,日尧,28366,没想到,33366,电脑屏幕,38366,背上,43366,过滴,48366,饮料
3367,京臭,8367,印记,13367,好吃好喝,18367,当心,23367,日常,28367,没意思,33367,电表,38367,背下来,43367,过火,48367,饮料瓶
3368,京藏,8368,印证,13368,好吃懒做,18368,当成,23368,日常生活,28368,没感,33368,电视,38368,背书,43368,过猛,48368,饮水
3369,京西,8369,印象,13369,好听,18369,当日,23369,日式,28369,没戏,33369,电视剧,38369,背光,43369,过生,48369,饮水机
3370,京都,8370,印迹,13370,好味,18370,当晚,23370,日志,28370,没成,33370,电视台,38370,背包,43370,过生日,48370,饮汤
3371,京酱,8371,危害,13371,好命,18371,当月,23371,日报,28371,没房,33371,电视塔,38371,背包客,43371,过用,48371,饮用
3372,京雅堂,8372,危害性,13372,好哇,18372,当爱已,23372,日文,28372,没找,33372,电视新闻,38372,背单词,43372,过瘾,48372,饮用水
3373,亭亭,8373,危岩,13373,好哈,18373,当爹,23373,日料,28373,没把握,33373,电视机,38373,背叛,43373,过百,48373,饮茶
3374,亭亭玉立,8374,危机,13374,好哟,18374,当牛做马,23374,日料部,28374,没拿到,33374,电视栏目,38374,背后,43374,过目,48374,饮酒
3375,亭子,8375,危机感,13375,好喝,18375,当红,23375,日日,28375,没挂,33375,电视直播,38375,背囊,43375,过目不忘,48375,饮食
3376,亭林镇,8376,危言耸听,13376,好嗓子,18376,当街,23376,日时,28376,没捞,33376,电视节,38376,背奶,43376,过眼,48376,饮食习惯
3377,亮丽,8377,危重,13377,好困,18377,当选,23377,日昌,28377,没换,33377,电视节目,38377,背带裤,43377,过眼云烟,48377,饮食文化
3378,亮亮,8378,危险,13378,好图,18378,当道,23378,日晒,28378,没排,33378,电解质,38378,背影,43378,过硬,48378,饮食男女
3379,亮光,8379,即享,13379,好坏,18379,当面,23379,日晕,28379,没接,33379,电话,38379,背心,43379,过程,48379,饯行
3380,亮冰娜,8380,即兴,13380,好型,18380,当饭,23380,日晚,28380,没播,33380,电话卡,38380,背景,43380,过肩,48380,饰品
3381,亮出,8381,即到,13381,好壮,18381,录下来,23381,日月,28381,没擦,33381,电话号码,38381,背景音乐,43381,过节,48381,饰家
3382,亮哥,8382,即化,13382,好处,18382,录像,23382,日月同辉,28382,没收,33382,电话响,38382,背来,43382,过街天桥,48382,饰演
3383,亮子,8383,即可,13383,好处多多,18383,录入,23383,日月山,28383,没放,33383,电话本,38383,背板,43383,过衰,48383,饱受
3384,亮晶晶,8384,即将来临,13384,好多,18384,录制,23384,日月星辰,28384,没救,33384,电话簿,38384,背着,43384,过足瘾,48384,饱含
3385,亮灯,8385,即日,13385,好多个,18385,录取,23385,日月潭,28385,没教,33385,电话费,38385,背离,43385,过路,48385,饱和度
3386,亮点,8386,即日起,13386,好多天,18386,录完,23386,日有,28386,没教养,33386,电费,38386,背负,43386,过路费,48386,饱嗝
3387,亮片,8387,即时,13387,好多好多,18387,录影,23387,日期,28387,没敢,33387,电车,38387,背过,43387,过路车,48387,饱满
3388,亮相,8388,即时贴,13388,好多年,18388,录播,23388,日本料理,28388,没散,33388,电邮,38388,背部,43388,过过,48388,饱眼福
3389,亮眼,8389,即止,13389,好多遍,18389,录音,23389,日本鬼子,28389,没断,33389,电量,38389,背面,43389,过过瘾,48389,饱腹
3390,亲临,8390,即食,13390,好多钱,18390,录音室,23390,日泪,28390,没日没夜,33390,电钻,38390,胎儿,43390,过道,48390,饱衰
3391,亲临现场,8391,却是,13391,好大,18391,录音笔,23391,日游,28391,没晕,33391,电锅,38391,胎心,43391,过重,48391,饱览
3392,亲亲,8392,却说,13392,好大泪,18392,彗星,23392,日点,28392,没有勇气,33392,电锯,38392,胎骨,43392,过量,48392,饱餐一顿
3393,亲亲的,8393,卵子,13393,好天,18393,彝族,23393,日照,28393,没本事,33393,电闪雷鸣,38393,胖乎乎,43393,过错,48393,饱饭
3394,亲人,8394,卷上,13394,好太多,18394,形势,23394,日照市,28394,没来,33394,电音,38394,胖儿,43394,过长,48394,饱饱
3395,亲们,8395,卷儿,13395,好头,18395,形同虚设,23395,日版,28395,没查,33395,电风扇,38395,胖兔,43395,过高,48395,饲养
3396,亲儿子,8396,卷卷,13396,好奇,18396,形容,23396,日班,28396,没根,33396,电饭煲,38396,胖兰集,43396,迈克,48396,饲养员
3397,亲切,8397,卷发,13397,好奇心,18397,形容词,23397,日理万机,28397,没气,33397,电饭锅,38397,胖哥,43397,迈克尔,48397,饲料
3398,亲切感,8398,卷子,13398,好奶,18398,形式,23398,日生,28398,没水,33398,电驴,38398,胖嘟嘟,43398,迈入,48398,饶恕
3399,亲到,8399,卷心菜,13399,好好,18399,形式主义,23399,日用百货,28399,没油,33399,男一号,38399,胖墩,43399,迈出,48399,饺子
3400,亲历,8400,卷毛,13400,好好先生,18400,形态,23400,日盘,28400,没治,33400,男丝,38400,胖墩儿,43400,迈向,48400,饺子馆
3401,亲去,8401,卷福,13401,好好学,18401,形状,23401,日知,28401,没治了,33401,男主,38401,胖墩墩,43401,迈外迪,48401,饼子
3402,亲友,8402,卷线,13402,好好学习,18402,形象,23402,日程,28402,没法,33402,男主角,38402,胖大,43402,迈开,48402,饼干
3403,亲友团,8403,卷袖,13403,好好看,18403,形象大使,23403,日系,28403,没法儿,33403,男人,38403,胖头,43403,迈斯林,48403,饼房
3404,亲吻,8404,卷饼,13404,好好笑,18404,形象设计,23404,日系车,28404,没法用,33404,男人味,38404,胖头鱼,43404,迈步,48404,饼铛
3405,亲命,8405,卸下,13405,好姊妹,18405,彤彤,23405,日航,28405,没泪,33405,男人帮,38405,胖妞,43405,迈进,48405,饽饽
3406,亲和力,8406,卸妆,13406,好姐,18406,彩云,23406,日花,28406,没洗,33406,男人装,38406,胖妹,43406,迈阿密,48406,饿不死
3407,亲哥,8407,卸掉,13407,好威风,18407,彩妆,23407,日落,28407,没涂,33407,男们,38407,胖娃,43407,迎合,48407,饿到
3408,亲好,8408,卸载,13408,好字,18408,彩宝,23408,日行,28408,没涨,33408,男儿,38408,胖子,43408,迎娶,48408,饿坏
3409,亲妈,8409,卿卿,13409,好学,18409,彩排,23409,日记,28409,没溜儿,33409,男单,38409,胖宁,43409,迎客松,48409,饿小嘛
3410,亲娘,8410,厂区,13410,好孩子,18410,彩旗,23410,日记本,28410,没点,33410,男厕所,38410,胖得,43410,迎宾,48410,饿得
3411,亲子,8411,厂商,13411,好客,18411,彩票,23411,日语,28411,没犯,33411,男友,38411,胖成,43411,迎宾馆,48411,饿晕
3412,亲家,8412,厂家,13412,好家,18412,彩绘,23412,日货,28412,没理,33412,男双,38412,胖揍,43412,迎尘,48412,饿死
3413,亲密,8413,厂里,13413,好家伙,18413,彩色,23413,日进斗金,28413,没理由,33413,男同事,38413,胖死,43413,迎战,48413,饿泪
3414,亲密关系,8414,厂长,13414,好容易,18414,彩虹,23414,日间,28414,没用,33414,男同学,38414,胖泪,43414,迎接,48414,饿狼
3415,亲对,8415,厄运,13415,好少,18415,彩蛋,23415,日食,28415,没用过,33415,男同志,38415,胖点,43415,迎接挑战,48415,饿着肚子
3416,亲属,8416,厅堂,13416,好巧,18416,彩蝶,23416,日餐,28416,没电,33416,男同胞,38416,胖然然,43416,迎新,48416,饿肚子
3417,亲帮,8417,厅长,13417,好差,18417,彩超,23417,旦旦,28417,没画,33417,男员工,38417,胖牛姐,43417,迎新年,48417,饿醒
3418,亲快,8418,历克斯,13418,好帅,18418,彩霞,23418,旧书,28418,没留,33418,男团,38418,胖狗羽,43418,迎新春,48418,馄饨
3419,亲情,8419,历历在目,13419,好帮手,18419,彪悍,23419,旧人,28419,没病,33419,男士,38419,胖猫,43419,迎新晚会,48419,馅儿
3420,亲想,8420,历史,13420,好开心,18420,彬彬,23420,旧伤,28420,没白,33420,男士们,38420,胖瘦,43420,迎春,48420,馅儿饼
3421,亲戚,8421,历史性,13421,好强,18421,彬彬有礼,23421,旧时,28421,没看,33421,男声,38421,胖瞎菜,43421,迎来,48421,馅料
3422,亲戚家,8422,历史悠久,13422,好得多,18422,彭三金,23422,旧梦,28422,没睡,33422,男女,38422,胖纸,43422,迎来送往,48422,馅饼
3423,亲戚朋友,8423,历尽,13423,好心,18423,彭于,23423,旧照,28423,没票,33423,男女搭配,38423,胖胖,43423,迎着,48423,馆主
3424,亲手做,8424,历届,13424,好心人,18424,彭伦,23424,旧物,28424,没种,33424,男女朋友,38424,胖胖的,43424,迎面,48424,馆内
3425,亲是,8425,历年,13425,好忙,18425,彭园,23425,旧社会,28425,没空,33425,男女比例,38425,胖脸,43425,迎面而来,48425,馆君
3426,亲有,8426,历时,13426,好快,18426,彭家裕,23426,旧金山,28426,没穿,33426,男女老少,38426,胖萌萌,43426,迎风,48426,馆子
3427,亲朋,8427,历程,13427,好怀念,18427,彭彭,23427,旧雨,28427,没等我,33427,男娃,38427,胖过,43427,运作,48427,馆藏
3428,亲朋好友,8428,历练,13428,好怒,18428,彭总,23428,旨在,28428,没算,33428,男婴,38428,胖金妹,43428,运到,48428,馆长
3429,亲来,8429,历经,13429,好怕,18429,彭措,23429,早上,28429,没管,33429,男子,38429,胖鱼,43429,运力,48429,馈赠
3430,亲民,8430,历险记,13430,好恶,18430,彭浩翔,23430,早上好,28430,没系,33430,男子汉,38430,胜任,43430,运动,48430,馊主意
3431,亲泪,8431,厉声,13431,好悲,18431,彭涌,23431,早些,28431,没纸,33431,男子组,38431,胜出,43431,运动会,48431,馋嘴
3432,亲滴,8432,厉害,13432,好惨,18432,彭祖,23432,早产,28432,没练,33432,男孩,38432,胜利,43432,运动员,48432,馋猫
3433,亲热,8433,压住,13433,好想,18433,彭程,23433,早出晚归,28433,没缓,33433,男孩儿,38433,胜利在望,43433,运动服,48433,馍馍
3434,亲爱,8434,压力,13434,好想你,18434,彭素,23434,早到,28434,没网,33434,男孩子,38434,胜地,43434,运动裤,48434,馒头
3435,亲爹,8435,压力锅,13435,好想哭,18435,彭肖肖,23435,早前,28435,没考上,33435,男宅,38435,胜意,43435,运动量,48435,馓子
3436,亲王,8436,压岁钱,13436,好想次,18436,彰显,23436,早午,28436,没肉,33436,男左女右,38436,胜过,43436,运动鞋,48436,首个
3437,亲生,8437,压惊,13437,好惹,18437,影业,23437,早去,28437,没能,33437,男怕,38437,胡乱,43437,运势,48437,首付
3438,亲眼目睹,8438,压抑,13438,好意,18438,影像,23438,早发,28438,没脑,33438,男性,38438,胡传雨,43438,运单,48438,首位
3439,亲眼看到,8439,压根,13439,好意思,18439,影儿,23439,早安,28439,没脑子,33439,男方,38439,胡作非为,43439,运回,48439,首创
3440,亲眼见到,8440,压根儿,13440,好感,18440,影友,23440,早就,28440,没脸,33440,男星,38440,胡元骏,43440,运宝,48440,首发
3441,亲笔,8441,压榨,13441,好慢,18441,影后,23441,早已,28441,没脸没皮,33441,男朋友,38441,胡兵,43441,运来,48441,首唱
3442,亲笔签名,8442,压死,13442,好戏,18442,影响,23442,早市,28442,没脸见人,33442,男模,38442,胡吃,43442,运气,48442,首善
3443,亲给,8443,压缩,13443,好手,18443,影响力,23443,早年,28443,没腰,33443,男款,38443,胡吃海喝,43443,运河,48443,首场
3444,亲耐滴,8444,压缩饼干,13444,好找,18444,影城,23444,早恋,28444,没舍得,33444,男歌手,38444,胡吃海塞,43444,运筹学,48444,首堵
3445,亲能,8445,压路机,13445,好搭档,18445,影子,23445,早报,28445,没良心,33445,男求,38445,胡同,43445,运算符,48445,首家
3446,亲衰,8446,压轴,13446,好收成,18446,影客,23446,早操,28446,没花,33446,男泪,38446,胡同口,43446,运维,48446,首富
3447,亲要,8447,压迫,13447,好文,18447,影射,23447,早日,28447,没药,33447,男淫,38447,胡吟风,43447,运营,48447,首尔
3448,亲说,8448,压马路,13448,好料,18448,影展,23448,早日康复,28448,没落,33448,男滴,38448,胡哥,43448,运营商,48448,首屈一指
3449,亲请,8449,厌世,13449,好日子,18449,影帝,23449,早早,28449,没装,33449,男演员,38449,胡嘉峻,43449,运营部,48449,首届
3450,亲赴,8450,厌倦,13450,好时光,18450,影星,23450,早春,28450,没要,33450,男版,38450,胡大,43450,运行,48450,首席
3451,亲身经历,8451,厌恶,13451,好时机,18451,影楼,23451,早晚,28451,没见,33451,男生,38451,胡大丙,43451,运费,48451,首席记者
3452,亲近,8452,厌烦,13452,好时节,18452,影片,23452,早晚都会,28452,没订,33452,男生女生,38452,胡大媛子,43452,运走,48452,首府
3453,亲骨肉,8453,厌食症,13453,好昂,18453,影相佬,23453,早晨,28453,没试,33453,男男女女,38453,胡姐,43453,运转,48453,首度
3454,亵渎,8454,厕所,13454,好景,18454,影视,23454,早有,28454,没话,33454,男盆友,38454,胡婷,43454,运输,48454,首当其冲
3455,人丁,8455,厘米,13455,好有时间,18455,影视剧,23455,早期,28455,没话说,33455,男神,38455,胡子,43455,运送,48455,首批
3456,人上,8456,厚厚,13456,好木望,18456,影视圈,23456,早来,28456,没说,33456,男童,38456,胡小纸,43456,运通,48456,首推
3457,人下,8457,厚厚的,13457,好极,18457,影视城,23457,早死,28457,没说的,33457,男篇,38457,胡小薇,43457,近一半,48457,首播
3458,人不可貌,8458,厚多士,13458,好极了,18458,影视文化,23458,早泪,28458,没读,33458,男篮,38458,胡少,43458,近万,48458,首日
3459,人不知,8459,厚实,13459,好果,18459,影记,23459,早点,28459,没谱,33459,男纸,38459,胡建龙,43459,近三年,48459,首映
3460,人与自然,8460,厚度,13460,好样,18460,影评,23460,早点儿,28460,没货,33460,男色,38460,胡彬,43460,近两天,48460,首映式
3461,人世,8461,厚德,13461,好样儿的,18461,影迷,23461,早班,28461,没跑,33461,男装,38461,胡思,43461,近两年,48461,首映礼
3462,人世间,8462,厚爱,13462,好梦成,18462,影迷会,23462,早班车,28462,没车,33462,男要,38462,胡思乱想,43462,近个,48462,首期
3463,人为,8463,厚着脸皮,13463,好棒,18463,影院,23463,早生,28463,没转,33463,男说,38463,胡总,43463,近乎,48463,首次
3464,人之初,8464,厚脸皮,13464,好榜样,18464,彷徨,23464,早生贵子,28464,没辙,33464,男银,38464,胡慧,43464,近些年,48464,首款
3465,人事,8465,厚道,13465,好次,18465,彻底改变,23465,早田,28465,没过,33465,男闺蜜,38465,胡扬,43465,近代史,48465,首歌
3466,人事部,8466,厚重,13466,好欢,18466,彻彻底底,23466,早睡,28466,没过多久,33466,男青年,38466,胡扯,43466,近似,48466,首歌曲
3467,人人平等,8467,厚颜无耻,13467,好歌,18467,彻朗,23467,早睡早起,28467,没进,33467,男高音,38467,胡搞,43467,近况,48467,首演
3468,人人有责,8468,原产,13468,好歹,18468,彻查,23468,早知,28468,没道理,33468,画个,38468,胡斌,43468,近几天,48468,首申威
3469,人以群分,8469,原产地,13469,好死不如,18469,彼岸,23469,早自习,28469,没酒,33469,画作,38469,胡杏儿,43469,近几年,48469,首登三沙
3470,人会,8470,原以为,13470,好毒,18470,彼岸花,23470,早茶,28470,没醉,33470,画像,38470,胡来,43470,近十年,48470,首相
3471,人伤,8471,原价,13471,好比,18471,彼得,23471,早该,28471,没醒,33471,画儿,38471,胡杨,43471,近在咫尺,48471,首秀
3472,人体,8472,原住民,13472,好汉,18472,彼此彼此,23472,早说,28472,没钱,33472,画册,38472,胡杨林,43472,近在眼前,48472,首站
3473,人偶,8473,原作,13473,好泪,18473,往下,23473,早起,28473,没钱买,33473,画卷,38473,胡桃,43473,近墨者黑,48473,首脑
3474,人像,8474,原作者,13474,好海翔,18474,往下掉,23474,早退,28474,没错,33474,画图,38474,胡椒,43474,近家,48474,首航
3475,人儿,8475,原元,13475,好消息,18475,往东,23475,早醒,28475,没错儿,33475,画圈,38475,胡椒粉,43475,近年,48475,首要
3476,人养,8476,原先,13476,好淡定,18476,往事,23476,早间,28476,没长,33476,画壁,38476,胡歌,43476,近日,48476,首责
3477,人出,8477,原则,13477,好滴,18477,往前,23477,早餐,28477,没面子,33477,画外音,38477,胡汉三,43477,近景,48477,首轮
3478,人刚,8478,原创,13478,好漂漂,18478,往前走,23478,早餐时间,28478,没顾,33478,画室,38478,胡波,43478,近期,48478,首选
3479,人别,8479,原博,13479,好潮,18479,往后,23479,早饭,28479,没飞,33479,画家,38479,胡洪侠,43479,近点,48479,首部
3480,人到,8480,原厂,13480,好火,18480,往回,23480,旭东,28480,没饭,33480,画展,38480,胡海泉,43480,近照,48480,首都
3481,人到中年,8481,原原,13481,好点,18481,往外,23481,旭日,28481,没骗,33481,画工,38481,胡淑芬,43481,近猪者,48481,首都国际机场
3482,人力,8482,原名,13482,好烂,18482,往家,23482,旮旯,28482,沥沥,33482,画布,38482,胡滨,43482,近视,48482,首都机场
3483,人力资源,8483,原味,13483,好烦,18483,往常,23483,时一,28483,沥青,33483,画师,38483,胡爷,43483,近视眼,48483,首金
3484,人力资源部,8484,原唱,13484,好爽,18484,往年,23484,时不常,28484,沦丧,33484,画幅,38484,胡秀岩,43484,近距离,48484,首钢
3485,人去,8485,原因,13485,好片,18485,往日,23485,时不我待,28485,沦为,33485,画廊,38485,胡立峰,43485,近郊,48485,首长
3486,人去楼空,8486,原图,13486,好玩,18486,往昔,23486,时不时,28486,沦落,33486,画得,38486,胡笛,43486,返京,48486,首页
3487,人参,8487,原地,13487,好玩儿,18487,往来,23487,时乐,28487,沦谈,33487,画成,38487,胡笳,43487,返利,48487,首领
3488,人口,8488,原型,13488,好生,18488,往生,23488,时事,28488,沦陷,33488,画报,38488,胡紫微,43488,返厂,48488,首飞
3489,人吃人,8489,原墅,13489,好用,18489,往西,23489,时代,28489,沧州,33489,画板,38489,胡红一,43489,返回,48489,首饰
3490,人名,8490,原声带,13490,好男儿,18490,往返,23490,时代广场,28490,沧月,33490,画架,38490,胡编,43490,返场,48490,首饰盒
3491,人向,8491,原始,13491,好痛,18491,往返机票,23491,时令,28491,沧桑,33491,画画,38491,胡美丽,43491,返家,48491,香儿
3492,人呐,8492,原始森林,13492,好瘦,18492,往里,23492,时会,28492,沧沟,33492,画皮,38492,胡胡,43492,返现,48492,香口
3493,人员,8493,原子,13493,好白,18493,往里面,23493,时住,28493,沧海,33493,画眉,38493,胡荣,43493,返璞归真,48493,香吻
3494,人员伤亡,8494,原子弹,13494,好的开始,18494,征兆,23494,时侯,28494,沧海桑田,33494,画笔,38494,胡莲,43494,返程,48494,香味
3495,人命,8495,原定,13495,好盆友,18495,征地,23495,时光,28495,沫儿,33495,画质,38495,胡萝卜,43495,返老还童,48495,香味儿
3496,人和事,8496,原宿,13496,好看,18496,征婚,23496,时光荏苒,28496,沫子,33496,画集,38496,胡萝卜汁,43496,返航,48496,香喷喷
3497,人品,8497,原帖,13497,好眼力,18497,征战,23497,时光隧道,28497,沫沫,33497,画面,38497,胡言乱语,43497,返还,48497,香坞
3498,人唱,8498,原形,13498,好礼,18498,征收,23498,时分,28498,沫玉,33498,画面感,38498,胡说,43498,还乡,48498,香型
3499,人嘛,8499,原微博,13499,好福气,18499,征文,23499,时分秒,28499,沮丧,33499,画风,38499,胡说八道,43499,还价,48499,香奈儿
3500,人在旅途,8500,原意,13500,好稀饭,18500,征服,23500,时别,28500,沱沱工社,33500,畅享,38500,胡质健,43500,还会,48500,香奶
3501,人在江湖,8501,原文,13501,好笑,18501,征求,23501,时刻,28501,河上,33501,畅哥,38501,胡辣汤,43501,还债,48501,香妃
3502,人均,8502,原料,13502,好累,18502,征程,23502,时多,28502,河东,33502,畅快,38502,胡过,43502,还分,48502,香嫩
3503,人士,8503,原有,13503,好美,18503,征税,23503,时好时坏,28503,河东狮,33503,畅想,38503,胡适,43503,还加,48503,香宫
3504,人声,8504,原本,13504,好美爱,18504,征评,23504,时妈,28504,河东狮吼,33504,畅所欲言,38504,胡里山,43504,还原,48504,香山
3505,人多,8505,原材料,13505,好羡慕,18505,征途,23505,时宜,28505,河内,33505,畅春园,38505,胡鑫,43505,还发,48505,香巴拉
3506,人大,8506,原来如此,13506,好耍,18506,征集,23506,时尚,28506,河北,33506,畅游,38506,胡锡进,43506,还困,48506,香市
3507,人大代表,8507,原汁原味,13507,好肉,18507,径直,23507,时尚女性,28507,河北省,33507,畅畅,38507,胡锦涛,43507,还坏,48507,香干
3508,人太,8508,原浆,13508,好肥,18508,径行,23508,时尚家居,28508,河南,33508,畅聊,38508,胡门,43508,还好,48508,香料
3509,人太多,8509,原液,13509,好能,18509,待产,23509,时尚杂志,28509,河南人,33509,畅谈,38509,胡闹,43509,还开,48509,香格里拉
3510,人头,8510,原片,13510,好脾气,18510,待人,23510,时尚生活,28510,河南省,33510,畅赢,38510,胡静,43510,还愿,48510,香格里拉酒店
3511,人好,8511,原版,13511,好腹,18511,待会,23511,时尚界,28511,河南省旅游局,33511,畅轩,38511,胡静楠,43511,还慢,48511,香椿
3512,人妖,8512,原理,13512,好自为之,18512,待会儿,23512,时尚网,28512,河口,33512,畅通,38512,胡须,43512,还成,48512,香榧
3513,人妻,8513,原生,13513,好色,18513,待定,23513,时差,28513,河坊,33513,畅通无阻,38513,胭脂,43513,还手,48513,香榭
3514,人字拖,8514,原生态,13514,好苦,18514,待客之道,23514,时带,28514,河山,33514,畅销,38514,胯下,43514,还收,48514,香榭丽舍
3515,人孙川,8515,原稿,13515,好莱坞,18515,待用,23515,时常,28515,河岸,33515,畅销书,38515,胳膊,43515,还放,48515,香槟
3516,人安,8516,原色,13516,好菜,18516,待见,23516,时手,28516,河床,33516,畅食,38516,胳臂,43516,还敢,48516,香橙
3517,人少,8517,原著,13517,好萌,18517,待遇,23517,时才,28517,河朔,33517,畅饮,38517,胶东,43517,还木,48517,香死
3518,人山人海,8518,原装,13518,好衰,18518,很丑,23518,时报,28518,河水,33518,界限,38518,胶卷,43518,还木有,48518,香气
3519,人工,8519,原话,13519,好要,18519,很久,23519,时政,28519,河流,33519,界面,38519,胶原蛋白,43519,还来,48519,香气扑鼻
3520,人工呼吸,8520,原谅,13520,好觉,18520,很久以前,23520,时断时续,28520,河清,33520,畏冰,38520,胶囊,43520,还款,48520,香氛
3521,人帅,8521,原配,13521,好评,18521,很久很久,23521,时方,28521,河源,33521,畏惧,38521,胶带,43521,还求,48521,香水
3522,人带,8522,原野,13522,好词,18522,很久没,23522,时日,28522,河滩,33522,留下,38522,胶水,43522,还泪,48522,香江
3523,人帮,8523,原麦,13523,好话,18523,很乖,23523,时时,28523,河漂流,33523,留下来,38523,胶片,43523,还活,48523,香河
3524,人干,8524,厦大,13524,好豆网,18524,很亮,23524,时时刻刻,28524,河狸,33524,留不住,38524,胸前,43524,还演,48524,香油
3525,人开,8525,厦航,13525,好货,18525,很会,23525,时时处处,28525,河畔,33525,留个,38525,胸口,43525,还特,48525,香泪
3526,人张,8526,厦门,13526,好贵,18526,很值,23526,时有,28526,河粉,33526,留些,38526,胸器,43526,还珠格格,48526,香洲
3527,人形,8527,厦门人,13527,好赚,18527,很傻,23527,时期,28527,河虾,33527,留住,38527,胸围,43527,还用,48527,香浓
3528,人影,8528,厦门大学,13528,好赞,18528,很准,23528,时机,28528,河蟹,33528,留友,38528,胸怀,43528,还用说,48528,香港
3529,人得,8529,厦门市,13529,好身材,18529,很受,23529,时来,28529,河西,33529,留名,38529,胸罩,43529,还真好,48529,香港媒体
3530,人微言轻,8530,厦门航空,13530,好车,18530,很困,23530,时来运转,28530,河豚,33530,留在,38530,胸肌,43530,还算,48530,香港旅游
3531,人心,8531,厨娘,13531,好转,18531,很多年,23531,时榜,28531,河边,33531,留坝,38531,胸部,43531,还累,48531,香港机场
3532,人必,8532,厨子,13532,好过,18532,很多很多,23532,时段,28532,河道,33532,留坝县,38532,胸针,43532,还给,48532,香港站
3533,人怒,8533,厨师,13533,好运,18533,很多遍,23533,时用,28533,河里,33533,留声机,38533,胸闷,43533,还行,48533,香滑
3534,人性,8534,厨师长,13534,好运来,18534,很大,23534,时空,28534,河马,33534,留头发,38534,能为,43534,还贵,48534,香火
3535,人性化,8535,厨房,13535,好运气,18535,很妙,23535,时而,28535,河鱼,33535,留好,38535,能以,43535,还跟着,48535,香炉
3536,人情,8536,厨汇,13536,好近,18536,很小,23536,时能,28536,河鲜,33536,留存,38536,能住,43536,还醒,48536,香烟
3537,人情味,8537,厨王,13537,好远,18537,很差,23537,时至今日,28537,沸水,33537,留学,38537,能养,43537,还长,48537,香片
3538,人想,8538,厨神,13538,好酒,18538,很帅,23538,时节,28538,沸腾,33538,留学生,38538,能别,43538,还魂,48538,香猪
3539,人手,8539,厨艺,13539,好酷,18539,很强,23539,时蔬,28539,油亮,33539,留守,38539,能力,43539,这一,48539,香甜
3540,人才,8540,厮守,13540,好酸泪,18540,很心,23540,时蝇,28540,油价,33540,留尼旺,38540,能加,43540,这一下,48540,香甜可口
3541,人才济济,8541,去一趟,13541,好重,18541,很忙,23541,时装,28541,油光,33541,留影,38541,能发,43541,这一版,48541,香皂
3542,人敢,8542,去不去,13542,好长,18542,很快,23542,时装周,28542,油品,33542,留心,38542,能带,43542,这一看,48542,香精
3543,人数,8543,去不成,13543,好长时间,18543,很恶,23543,时装秀,28543,油墨,33543,留念,38543,能干,43543,这三人,48543,香肉
3544,人文,8544,去世,13544,好闷,18544,很悲,23544,时要,28544,油彩,33544,留恋,38544,能得,43544,这下,48544,香肠
3545,人日,8545,去取,13545,好闻,18545,很惨,23545,时见,28545,油条,33545,留情,38545,能成,43545,这下子,48545,香脆
3546,人晓龙,8546,去向,13546,好险,18546,很想,23546,时许,28546,油桶,33546,留意,38546,能手,43546,这不关,48546,香膏
3547,人有,8547,去处,13547,好难,18547,很感兴趣,23547,时评,28547,油水,33547,留意到,38547,能换,43547,这不怪,48547,香色
3548,人本,8548,去年,13548,好靓,18548,很慢,23548,时说,28548,油污,33548,留条,38548,能换个,43548,这串,48548,香艳
3549,人权,8549,去年今天,13549,好面,18549,很无语,23549,时请,28549,油油,33549,留溪,38549,能来,43549,这么久,48549,香芋
3550,人来,8550,去年同期,13550,好饭,18550,很早,23550,时调,28550,油油的,33550,留点,38550,能歌善舞,43550,这么回事,48550,香芝
3551,人来人往,8551,去往,13551,好香,18551,很明,23551,时辰,28551,油泪,33551,留疤,38551,能比,43551,这么晚,48551,香茗
3552,人杰地灵,8552,去掉,13552,如一日,18552,很棒,23552,时过境迁,28552,油泼面,33552,留痕,38552,能活,43552,这书,48552,香茶
3553,人格,8553,去次,13553,如不含,18553,很浓,23553,时送,28553,油渣,33553,留白,38553,能源,43553,这事,48553,香草
3554,人格分裂,8554,去死吧,13554,如云,18554,很淡,23554,时速,28554,油漆,33554,留着,38554,能火,43554,这二货,48554,香菇
3555,人梁,8555,去演,13555,如今已是,18555,很深,23555,时钟,28555,油炸,33555,留神,38555,能用,43555,这些年来,48555,香菜
3556,人森,8556,去皮,13556,如何是好,18556,很漂亮,23556,时间段,28556,油烟,33556,留级,38556,能看懂,43556,这人,48556,香葱
3557,人死,8557,去角质,13557,如假包换,18557,很潮,23557,时间表,28557,油烟机,33557,留给,38557,能种,43557,这件,48557,香蕉
3558,人母,8558,去试,13558,如入无人之境,18558,很火,23558,时隔,28558,油焖,33558,留胡子,38558,能算,43558,这份,48558,香薰
3559,人比,8559,去过,13559,如其人,18559,很烂,23559,时隔多年,28559,油然而生,33559,留著,38559,能耐,43559,这会,48559,香辛料
3560,人民公仆,8560,去逛,13560,如出一辙,18560,很烦,23560,时髦,28560,油爆,33560,留言,38560,能能,43560,这位,48560,香辣
3561,人民大会堂,8561,去逝,13561,如刀,18561,很爽,23561,旷小勇,28561,油田,33561,留香,38561,能行,43561,这俩,48561,香辣蟹
3562,人民大学,8562,去除,13562,如初,18562,很甜,23562,旷课,28562,油画,33562,畜牲,38562,能见,43562,这倒,48562,香道
3563,人民币,8563,县令,13563,如命,18563,很瘦,23563,旷野,28563,油盐,33563,畜生,38563,能见度,43563,这关,48563,香酥
3564,人民广场,8564,县城,13564,如图,18564,很白,23564,旺仔,28564,油站,33564,畜舍,38564,能订,43564,这几年来,48564,香酱
3565,人民政府,8565,县里,13565,如图所示,18565,很着急,23565,旺夫,28565,油箱,33565,略去,38565,能过,43565,这出,48565,香醇
3566,人民文学出版社,8566,县长,13566,如实,18566,很累,23566,旺季,28566,油纸伞,33566,略带,38566,能进,43566,这则,48566,香锅
3567,人民日报,8567,参与,13567,如家,18567,很美,23567,旺山,28567,油耗,33567,略显,38567,能量,43567,这刚,48567,香阁
3568,人民网,8568,参与者,13568,如小,18568,很胖,23568,旺旺,28568,油脂,33568,略有,38568,能长,43568,这剧,48568,香雪
3569,人民解放军,8569,参会,13569,如履平地,18569,很能,23569,旺瑙乳,28569,油腻,33569,略过,38569,能飞,43569,这包,48569,香香
3570,人民警察,8570,参加,13570,如山,18570,很色,23570,旺盛,28570,油腻腻,33570,番号,38570,脂砚斋,43570,这博,48570,香香的
3571,人民邮电出版社,8571,参合,13571,如山倒,18571,很苦,23571,旺角,28571,油花,33571,番禺,38571,脂肪,43571,这厢,48571,香鱼
3572,人民银行,8572,参展,13572,如山泪,18572,很荣易,23572,旺财,28572,油茶,33572,番茄,38572,脆弱,43572,这厮,48572,馨子
3573,人气,8573,参差,13573,如影随形,18573,很萌,23573,旺顺阁,28573,油菜,33573,番茄酱,38573,脆生生,43573,这双,48573,馨语
3574,人泪,8574,参战,13574,如意,18574,很象,23574,昂扬,28574,油菜花,33574,番薯,38574,脆皮,43574,这口,48574,馨香
3575,人泪泪,8575,参数,13575,如意郎君,18575,很贵,23575,昂森君,28575,油蓓蓓,33575,畸形,38575,脆脆,43575,这口儿,48575,马丁
3576,人活,8576,参演,13576,如愿,18576,很赞,23576,昂爱,28576,油街,33576,疏于,38576,脆骨,43576,这句,48576,马上会
3577,人流,8577,参照,13577,如愿以偿,18577,很足,23577,昂贵,28577,油费,33577,疏导,38577,脊柱,43577,这台,48577,马上转
3578,人海,8578,参考,13578,如戏,18578,很近,23578,昆仑,28578,油锅,33578,疏影,38578,脊梁,43578,这号,48578,马上飞
3579,人海中,8579,参见,13579,如拟,18579,很远,23579,昆仑饭店,28579,油门,33579,疏忽,38579,脊椎,43579,这名,48579,马不停蹄
3580,人淡如菊,8580,参观,13580,如故,18580,很配,23580,昆剧,28580,油面,33580,疏通,38580,脍炙人口,43580,这周,48580,马不苦
3581,人渣,8581,参谋长,13581,如是说,18581,很酷,23581,昆哥,28581,油饭,33581,疑似,38581,脏乱差,43581,这命,48581,马东
3582,人游,8582,参赛,13582,如有,18582,很重,23582,昆哥克瑞思,28582,油饼,33582,疑因,38582,脏字,43582,这哥,48582,马丽
3583,人满为患,8583,参赛者,13583,如有雷同,18583,很长,23583,昆塔,28583,油鱼,33583,疑惑,38583,脏话,43583,这回,48583,马九器
3584,人滴,8584,参赛选手,13584,如期而至,18584,很难,23584,昆士兰,28584,治国,33584,疑是,38584,脐橙,43584,这图,48584,马云
3585,人潮,8585,又会有,13585,如来,18585,很难说,23585,昆山,28585,治好,33585,疑虑,38585,脑力,43585,这地,48585,马云路
3586,人点,8586,又名,13586,如来佛,18586,很饱,23586,昆明,28586,治安,33586,疑问,38586,脑壳,43586,这场,48586,马代
3587,人烟稀少,8587,又帅,13587,如果说,18587,很香,23587,昆明市,28587,治愈,33587,疑问请,38587,脑子,43587,这块,48587,马伊
3588,人爱,8588,又称,13588,如梦,18588,律动,23588,昆明机场,28588,治标不治本,33588,疗伤,38588,脑子里,43588,这多,48588,马伊泪
3589,人物,8589,叉叉,13589,如梭,18589,律师,23589,昆曲,28589,治治,33589,疗效,38589,脑有,43589,这夜,48589,马伯庸
3590,人王,8590,叉子,13590,如歌,18590,徐三石,23590,昆汀,28590,治理,33590,疗法,38590,脑残,43590,这够,48590,马健
3591,人班,8591,叉烧,13591,如此说来,18591,徐云龙,23591,昆航,28591,治疗,33591,疗泪,38591,脑残粉,43591,这大,48591,马儿
3592,人理,8592,叉烧包,13592,如此这般,18592,徐亮,23592,昆航微,28592,治病,33592,疗程,38592,脑海,43592,这天,48592,马元
3593,人生,8593,及时发现,13593,如水,18593,徐付,23593,昆虫,28593,治痘,33593,疙瘩,38593,脑海中,43593,这太,48593,马兆龙
3594,人生态度,8594,及时行乐,13594,如泉,18594,徐任,23594,昊天,28594,治霾,33594,疙瘩汤,38594,脑瘫,43594,这头,48594,马克
3595,人生目标,8595,及时雨,13595,如海,18595,徐伟,23595,昊昊,28595,治黄,33595,疤痕,38595,脑筋,43595,这奖,48595,马克思
3596,人生观,8596,及格,13596,如潮,18596,徐侃,23596,昊飞,28596,沾光,33596,疫情,38596,脑细胞,43596,这套,48596,马克思主义
3597,人生路,8597,友人,13597,如火,18597,徐凤坤,23597,昌吉,28597,沾沾自喜,33597,疫苗,38597,脑缺氧,43597,这女,48597,马克杯
3598,人用,8598,友们,13598,如火如荼,18598,徐四,23598,昌平,28598,沾满,33598,疯人院,38598,脑胀,43598,这好,48598,马六明
3599,人真,8599,友友,13599,如玉,18599,徐坤,23599,昌平区,28599,沾边,33599,疯传,38599,脑补,43599,这妈,48599,马六甲
3600,人真多,8600,友善,13600,如画,18600,徐大,23600,昌江,28600,沿河,33600,疯姐,38600,脑袋,43600,这妞,48600,马六甲海峡
3601,人神共愤,8601,友圈,13601,如痴如醉,18601,徐子,23601,昌都,28601,沿海,33601,疯婆子,38601,脑部,43601,这娃,48601,马兰
3602,人祸,8602,友好,13602,如相问,18602,徐宁,23602,明亮,28602,沿线,33602,疯子,38602,脑门,43602,这家,48602,马兰头
3603,人秀,8603,友情,13603,如约,18603,徐宝瑟,23603,明亲,28603,沿街,33603,疯掉,38603,脑门子,43603,这小,48603,马兰花
3604,人种,8604,友普,13604,如能,18604,徐宝良,23604,明人,28604,沿路,33604,疯敢,38604,脑震荡,43604,这届,48604,马军
3605,人称,8605,友爱,13605,如花,18605,徐宥,23605,明代,28605,沿途,33605,疯涨,38605,脖子,43605,这屋,48605,马刚
3606,人程,8606,友立焱娘,13606,如花似玉,18606,徐家,23606,明伦,28606,泄密,33606,疯牛,38606,脚上,43606,这帮,48606,马到成功
3607,人站,8607,友谊,13607,如获至宝,18607,徐家汇,23607,明信片,28607,泄愤,33607,疯狂,38607,脚下,43607,这幅,48607,马刺
3608,人管,8608,双下巴,13608,如虎添翼,18608,徐小,23608,明健兄,28608,泄气,33608,疯狗,38608,脚丫,43608,这年,48608,马前
3609,人米,8609,双丰,13609,如蜜,18609,徐小平,23609,明儿,28609,泄漏,33609,疯猫,38609,脚丫子,43609,这年头,48609,马剑
3610,人类,8610,双丰收,13610,如许,18610,徐小虎,23610,明儿个,28610,泄露,33610,疯球,38610,脚凳,43610,这床,48610,马力
3611,人缘,8611,双井,13611,如诗如画,18611,徐峥,23611,明光,28611,泉之家,33611,疯疯,38611,脚印,43611,这店,48611,马勒
3612,人网,8612,双井店,13612,如轩,18612,徐州,23612,明净,28612,泉哥,33612,疯癫,38612,脚后跟,43612,这座,48612,马化腾
3613,人美,8613,双井桥,13613,如遇,18613,徐帆,23613,明前,28613,泉城,33613,疯言疯语,38613,脚尖,43613,这张,48613,马卡龙
3614,人群,8614,双人,13614,如镜,18614,徐幸,23614,明后,28614,泉州,33614,疯语,38614,脚崴,43614,这得,48614,马友友
3615,人老珠黄,8615,双份,13615,如雨,18615,徐强,23615,明后天,28615,泉州市,33615,疲倦,38615,脚底,43615,这微,48615,马可波罗
3616,人肉,8616,双休日,13616,如需,18616,徐彬,23616,明哥,28616,泉水,33616,疲劳,38616,脚放,43616,这微博,48616,马后炮
3617,人肖,8617,双倍,13617,如霜,18617,徐徐,23617,明哲,28617,泊岸,33617,疲惫,38617,脚本,43617,这心,48617,马启光
3618,人肿,8618,双儿,13618,如风,18618,徐德亮,23618,明城墙,28618,泔水,33618,疲惫不堪,38618,脚步,43618,这心拔,48618,马哥
3619,人能,8619,双十,13619,如鱼得水,18619,徐志摩,23619,明天,28619,法中,33619,疼得,38619,脚气,43619,这戏,48619,马国
3620,人脉,8620,双双,13620,妃子,18620,徐昕,23620,明姐,28620,法人代表,33620,疼惜,38620,脚着,43620,这成,48620,马场
3621,人脸,8621,双反,13621,妃子笑,18621,徐昕怒,23621,明姬,28621,法依,33621,疼死,38621,脚脖子,43621,这所,48621,马大哈
3622,人艰,8622,双号,13622,妄想,18622,徐春昕,23622,明媚,28622,法克,33622,疼泪,38622,脚要,43622,这手,48622,马大姐
3623,人艺,8623,双向,13623,妄想症,18623,徐晓媛,23623,明子,28623,法兰,33623,疼爱,38623,脚趾,43623,这才,48623,马太
3624,人行,8624,双喜,13624,妇产医院,18624,徐晗,23624,明察秋毫,28624,法兰克,33624,疼疼,38624,脚趾头,43624,这批,48624,马夫
3625,人行道,8625,双喜临门,13625,妇产科,18625,徐晨,23625,明小飞,28625,法兰克福,33625,疼痛,38625,脚踏,43625,这招,48625,马头
3626,人衰,8626,双城,13626,妇儿,18626,徐智明,23626,明年,28626,法兰西,33626,疼衰,38626,脚踏实地,43626,这支,48626,马姐
3627,人要,8627,双城记,13627,妇女,18627,徐杰,23627,明年初,28627,法则,33627,疼醒,38627,脚踝,43627,这文,48627,马子
3628,人见人爱,8628,双子,13628,妇女节,18628,徐枫华,23628,明心,28628,法制,33628,疾控中心,38628,脱不花,43628,这斤,48628,马季
3629,人话,8629,双子塔,13629,妇幼,18629,徐正曦,23629,明志,28629,法制晚报,33629,疾病,38629,脱俗,43629,这新,48629,马导
3630,人该,8630,双子座,13630,妇男,18630,徐永青,23630,明快,28630,法医,33630,疾走,38630,脱光,43630,这方面,48630,马小冰
3631,人语,8631,双子星,13631,妇科,18631,徐汇,23631,明抢,28631,法号,33631,疾驰,38631,脱口秀,43631,这时候,48631,马小媛
3632,人贩子,8632,双层,13632,妈刚,18632,徐汇区,23632,明摆着,28632,法国,33632,病人,38632,脱口而出,43632,这晕,48632,马小宁
3633,人赞,8633,双年展,13633,妈呀,18633,徐泓,23633,明日,28633,法国人,33633,病例,38633,脱掉,43633,这有,48633,马小晶
3634,人走茶凉,8634,双廊,13634,妈咪,18634,徐海,23634,明早,28634,法国队,33634,病倒,38634,脱毛,43634,这期,48634,马小翠
3635,人起,8635,双截棍,13635,妈哟,18635,徐涛,23635,明明,28635,法图麦,33635,病假,38635,脱水,43635,这本,48635,马小虎
3636,人身,8636,双手,13636,妈妈,18636,徐源,23636,明星,28636,法子,33636,病入膏肓,38636,脱皮,43636,这条,48636,马小虎文
3637,人身安全,8637,双拼,13637,妈少,18637,徐滔,23637,明星脸,28637,法学,33637,病危,38637,脱离,43637,这来,48637,马尔代夫
3638,人车,8638,双月映,13638,妈来,18638,徐濠,23638,明显提高,28638,法官,33638,病去,38638,脱胎换骨,43638,这杯,48638,马尔堡
3639,人转,8639,双桂坊,13639,妈泪,18639,徐畅,23639,明晃晃,28639,法定,33639,病友,38639,脱脂,43639,这枚,48639,马尔康
3640,人过,8640,双汇,13640,妈生,18640,徐磊,23640,明晚,28640,法宝,33640,病变,38640,脱节,43640,这架,48640,马尼拉
3641,人迹罕至,8641,双江,13641,妈祖,18641,徐纪周,23641,明晨,28641,法宣,33641,病号,38641,脱落,43641,这样一来,48641,马尾
3642,人送,8642,双皮奶,13642,妈蛋,18642,徐艺丹,23642,明智,28642,法师,33642,病因,38642,脱衣,43642,这样儿,48642,马屁
3643,人选,8643,双目,13643,妊娠,18643,徐英,23643,明暗,28643,法庭,33643,病好,38643,脱衣服,43643,这样的话,48643,马屁拍
3644,人造,8644,双眼,13644,妍妍,18644,徐莉,23644,明月,28644,法式,33644,病害,38644,脱轨,43644,这根,48644,马岩
3645,人道,8645,双眼皮,13645,妒忌,18645,徐莹,23645,明月光,28645,法律,33645,病床,38645,脱销,43645,这梦,48645,马币
3646,人道主义,8646,双簧,13646,妒恨,18646,徐行,23646,明月刀,28646,法律制裁,33646,病得治,38646,脱鞋,43646,这棵,48646,马布岛
3647,人释,8647,双肩,13647,妓女,18647,徐迎军,23647,明月山,28647,法律意识,33647,病态,38647,脱骨,43647,这楼,48647,马布里
3648,人里,8648,双肩包,13648,妓院,18648,徐道,23648,明月照,28648,法律手段,33648,病患,38648,脸上,43648,这款,48648,马帮
3649,人长,8649,双胞胎,13649,妖二活,18649,徐铮,23649,明朗,28649,法律界,33649,病情,38649,脸书,43649,这歌,48649,马年
3650,人问,8650,双脚,13650,妖佩榕,18650,徐阳,23650,明朝,28650,法律责任,33650,病房,38650,脸儿,43650,这死,48650,马强
3651,人间,8651,双腿,13651,妖儿,18651,徐雷,23651,明末,28651,法拉,33651,病来,38651,脸型,43651,这段,48651,马德里
3652,人间仙境,8652,双臂,13652,妖姐,18652,徐静,23652,明治,28652,法拉利,33652,病根,38652,脸大,43652,这段话,48652,马德龙
3653,人间地狱,8653,双色球,13653,妖姬,18653,徐静蕾,23653,明波,28653,法政,33653,病歪歪,38653,脸好,43653,这比,48653,马志岩
3654,人间天堂,8654,双节,13654,妖娆,18654,徐颖,23654,明洁,28654,法新社,33654,病死,38654,脸庞,43654,这水,48654,马志明
3655,人间烟火,8655,双语,13655,妖媚,18655,徐飒,23655,明洞,28655,法是,33655,病殃殃,38655,脸泪,43655,这波,48655,马思聪
3656,人际,8656,双赢,13656,妖孽,18656,徐飞,23656,明清,28656,法晚,33656,病毒,38656,脸皮,43656,这泪,48656,马戏团
3657,人际关系,8657,双重,13657,妖小精,18657,徒儿,23657,明湖,28657,法案,33657,病毒性,38657,脸皮厚,43657,这活,48657,马扎
3658,人雄记,8658,双闪,13658,妖性,18658,徒弟,23658,明珠,28658,法棍,33658,病泪,38658,脸盆,43658,这点儿,48658,马拉
3659,人靠,8659,双阳,13659,妖怪,18659,徒手,23659,明生,28659,法治,33659,病猫,38659,脸红,43659,这熊,48659,马拉喀什
3660,人面,8660,双面,13660,妖果,18660,徒步,23660,明白,28660,法海,33660,病理,38660,脸红红,43660,这片,48660,马拉松
3661,人马,8661,双鞋,13661,妖气,18661,徒步走,23661,明白人,28661,法王,33661,病症,38661,脸肿,43661,这片海,48661,马拉松赛
3662,人龙,8662,双飞,13662,妖精,18662,得不偿失,23662,明目,28662,法眼,33662,病痛,38662,脸色,43662,这版,48662,马方
3663,亿万,8663,双鱼,13663,妖艳,18663,得不到,23663,明目张胆,28663,法科,33663,病菌,38663,脸蛋,43663,这特,48663,马旗
3664,亿万富翁,8664,双鱼座,13664,妖草,18664,得主,23664,明眸,28664,法老,33664,病衰,38664,脸蛋儿,43664,这狗,48664,马明
3665,亿人,8665,双黄,13665,妖风,18665,得乐,23665,明眼人,28665,法航,33665,病逝,38665,脸衰,43665,这班,48665,马晓松
3666,亿人次,8666,反串,13666,妙不可言,18666,得以,23666,明着,28666,法芙娜,33666,病魔,38666,脸说,43666,这球,48666,马晓波
3667,亿元,8667,反击,13667,妙哉,18667,得体,23667,明知,28667,法西斯,33667,症久,38667,脸部,43667,这生,48667,马晓霖
3668,亿年,8668,反动,13668,妙处,18668,得出结论,23668,明石,28668,法规,33668,症是,38668,脸面,43668,这画,48668,马普尔
3669,亿美,8669,反华,13669,妙妙,18669,得分,23669,明矾,28669,法语,33669,症泪,38669,脸颊,43669,这番,48669,马术
3670,亿美元,8670,反反复复,13670,妙子,18670,得利,23670,明码标价,28670,法院,33670,症状,38670,脾气,43670,这病,48670,马杀鸡
3671,亿美金,8671,反受,13671,妙手,18671,得名,23671,明细,28671,法餐,33671,痊愈,38671,脾气好,43671,这盆,48671,马权
3672,亿邦,8672,反响,13672,妙招,18672,得够,23672,明胶,28672,泛太平洋,33672,痒痒,38672,脾胃,43672,这盒,48672,马来
3673,什么世道,8673,反复,13673,妙用,18673,得失,23673,明见,28673,泛泛,33673,痔疮,38673,腊八,43673,这盘,48673,马来西亚
3674,什候,8674,反季游,13674,妙语,18674,得奖,23674,明说,28674,泛滥,33674,痕轩,38674,腊八粥,43674,这真,48674,马松
3675,什刹海,8675,反对,13675,妙趣横生,18675,得奖者,23675,明达,28675,泛红,33675,痕迹,38675,腊八节,43675,这破,48675,马枥
3676,什邡,8676,反射,13676,妙音,18676,得当,23676,明道,28676,泛美,33676,痘痘,38676,腊味,43676,这碗,48676,马桶
3677,什都,8677,反差,13677,妞们,18677,得意,23677,明镜,28677,泛舟,33677,痛不欲生,38677,腊月,43677,这神,48677,马桶盖
3678,什锦,8678,反常,13678,妞儿,18678,得手,23678,明龙,28678,泛起,33678,痛仰,38678,腊梅,43678,这笔,48678,马梁
3679,仁义,8679,反弹,13679,妞妞,18679,得救,23679,昏倒,28679,泠然,33679,痛到,38679,腊肉,43679,这算,48679,马楠
3680,仁兄,8680,反思,13680,妞子,18680,得来,23680,昏天暗地,28680,泡个,33680,痛哭,38680,腊肠,43680,这篇,48680,马汉
3681,仁川,8681,反悔,13681,妞宝,18681,得治,23681,昏天黑地,28681,泡吧,33681,痛哭流涕,38681,腋毛,43681,这类,48681,马江
3682,仁心,8682,反感,13682,妞泪,18682,得泪,23682,昏昏,28682,泡妞,33682,痛失,38682,腌制,43682,这红,48682,马洛
3683,仁慈,8683,反抗,13683,妥协,18683,得瑟,23683,昏昏欲睡,28683,泡影,33683,痛彻,38683,腌渍,43683,这组,48683,马然
3684,仁波切,8684,反斗,13684,妥妥,18684,得瑟得,23684,昏昏沉沉,28684,泡杯,33684,痛得,38684,腐乳,43684,这组图,48684,马球
3685,仁爱,8685,反正,13685,妨碍,18685,得病,23685,昏暗,28685,泡椒,33685,痛心,38685,腐女,43685,这群,48685,马琳
3686,仅供,8686,反烟,13686,妩媚,18686,得知,23686,昏死过去,28686,泡汤,33686,痛心疾首,38686,腐烂,43686,这群人,48686,马甲
3687,仅元,8687,反省,13687,妮儿,18687,得空,23687,昏睡,28687,泡沫,33687,痛快,38687,腐蚀,43687,这老,48687,马累
3688,仅凭,8688,反胃,13688,妮可,18688,得罪,23688,昏花,28688,泡泡,33688,痛恨,38688,腐败,43688,这肉,48688,马羚
3689,仅剩,8689,反腐,13689,妮妮,18689,得罪人,23689,昏过去,28689,泡泡糖,33689,痛惜,38689,腐败分子,43689,这能,48689,马翔
3690,仅售元,8690,反腐败,13690,妮娜,18690,得逞,23690,昏迷,28690,泡泪,33690,痛感,38690,腔调,43690,这脸,48690,马老
3691,仅存,8691,反贪,13691,妮子,18691,得闲,23691,易丹,28691,泡温泉,33691,痛扁,38691,腕儿,43691,这艘,48691,马脚
3692,仅次于,8692,反贼,13692,妹们,18692,徘徊,23692,易享,28692,泡澡,33692,痛批,38692,腕表,43692,这花,48692,马腾翔
3693,仅此而已,8693,反转,13693,妹儿,18693,徜徉,23693,易会林,28693,泡脚,33693,痛楚,38693,腥味,43693,这苦,48693,马自达
3694,仅限,8694,反锁,13694,妹哇,18694,御免,23694,易南,28694,泡茶,33694,痛死,38694,腮帮,43694,这范儿,48694,马航
3695,仆人,8695,反问,13695,妹夫,18695,御厨,23695,易县,28695,泡菜,33695,痛泪,38695,腰包,43695,这药,48695,马良
3696,仇恨,8696,反馈,13696,妹好,18696,御史,23696,易天,28696,泡起,33696,痛泪泪,38696,腰围,43696,这菜,48696,马苏
3697,仇视,8697,反驳,13697,妹妹,18697,御姐,23697,易学,28697,泡酒,33697,痛经,38697,腰子,43697,这萌货,48697,马英九
3698,今世,8698,发上,13698,妹子,18698,御寒,23698,易宴,28698,泡面,33698,痛苦,38698,腰带,43698,这行,48698,马虎
3699,今个,8699,发上来,13699,妹孟孟,18699,御庭,23699,易小荷,28699,泡饭,33699,痛苦不堪,38699,腰椎,43699,这衰,48699,马蚤
3700,今何在,8700,发下,13700,妹怒,18700,御林军,23700,易峰,28700,泡饼,33700,痛醒,38700,腰泪,43700,这要,48700,马蜂
3701,今儿,8701,发丝,13701,妹泪,18701,御用,23701,易得,28701,泡馍,33701,痛风,38701,腰疼,43701,这觉,48701,马蜂窝
3702,今儿个,8702,发个,13702,妹纸,18702,御膳,23702,易懂,28702,波伏娃,33702,痞子,38702,腰痛,43702,这词,48702,马西亚
3703,今冬,8703,发了,13703,妹纸们,18703,循环,23703,易拉罐,28703,波儿,33703,痱子,38703,腰花,43703,这话,48703,马贼
3704,今夏,8704,发些,13704,妹莉,18704,微不足道,23704,易水,28704,波光,33704,痴呆,38704,腰部,43704,这该,48704,马赛
3705,今夜,8705,发人深省,13705,妹要,18705,微会,23705,易游,28705,波光粼粼,33705,痴呆症,38705,腰酸,43705,这货,48705,马赛克
3706,今天上午,8706,发传单,13706,妹长,18706,微信,23706,易生,28706,波兰,33706,痴墨,38706,腰酸背疼,43706,这起,48706,马超
3707,今天下午,8707,发作,13707,妻儿,18707,微信微,23707,易筋经,28707,波动,33707,痴心,38707,腰酸背痛,43707,这趟,48707,马跃
3708,今天天气,8708,发光,13708,妻妾,18708,微信里,23708,易脑,28708,波及,33708,痴情,38708,腹地,43708,这路,48708,马跃成
3709,今宵,8709,发冷,13709,妻子,18709,微凉,23709,易舍,28709,波叔,33709,痴狂,38709,腹泻,43709,这身,48709,马路
3710,今年夏天,8710,发凉,13710,姆们,18710,微刊,23710,易观,28710,波哥,33710,痴痴,38710,腹肌,43710,这车,48710,马路上
3711,今年年底,8711,发几张,13711,姊妹,18711,微力,23711,易购,28711,波士,33711,痴语,38711,腹部,43711,这辆,48711,马路边
3712,今年春节,8712,发出,13712,始于,18712,微单,23712,易车,28712,波士顿,33712,痴迷,38712,腹黑,43712,这辈子,48712,马蹄
3713,今年过年,8713,发到,13713,始作俑者,18713,微博一,23713,易车网,28713,波多野,33713,痴高文,38713,腻味,43713,这边儿,48713,马蹄莲
3714,今报,8714,发力,13714,始建,18714,微博上,23714,易频,28714,波妞,33714,瘟疫,38714,腻子,43714,这道,48714,马车
3715,今日,8715,发动,13715,始皇,18715,微博中,23715,易鹏,28715,波子,33715,瘟神,38715,腻歪,43715,这道题,48715,马辉
3716,今早,8716,发动机,13716,始终,18716,微博为,23716,昔日,28716,波尔多,33716,瘦下去,38716,腼腆,43716,这部,48716,马达
3717,今明,8717,发卡,13717,始终保持,18717,微博书,23717,昙花,28717,波折,33717,瘦下来,38717,腾云驾雾,43717,这部分,48717,马达加斯加
3718,今明两天,8718,发发,13718,姐们,18718,微博何,23718,昙花一现,28718,波拉,33718,瘦人,38718,腾冲,43718,这钱,48718,马连道
3719,今晨,8719,发吃,13719,姐们儿,18719,微博侯宁,23719,星云,28719,波斯,33719,瘦子,38719,腾出,43719,这锅,48719,马逸鉴
3720,今朝,8720,发呆,13720,姐会,18720,微博到,23720,星人,28720,波斯猫,33720,瘦小,38720,腾格尔,43720,这门,48720,马里
3721,今次,8721,发哥,13721,姐儿,18721,微博加,23721,星儿,28721,波斯菊,33721,瘦弱,38721,腾桂,43721,这间,48721,马里奥
3722,今生,8722,发售,13722,姐刚,18722,微博去,23722,星光,28722,波普,33722,瘦得,38722,腾空,43722,这阵,48722,马铃薯
3723,今非昔比,8723,发回,13723,姐在,18723,微博及,23723,星光灿烂,28723,波比,33723,瘦成,38723,腾美居,43723,这阵子,48723,马雅
3724,介不,8724,发图,13724,姐太,18724,微博发,23724,星冰乐,28724,波波,33724,瘦斤,38724,腾腾,43724,这集,48724,马靖昊
3725,介个,8725,发在,13725,姐夫,18725,微博叫,23725,星君,28725,波泪,33725,瘦泪,38725,腾讯,43725,这雨,48725,马靠
3726,介么,8726,发型,13726,姐妹,18726,微博号,23726,星吻,28726,波浪,33726,瘦点,38726,腾飞,43726,这雨下,48726,马鞍山
3727,介入,8727,发型师,13727,姐妹俩,18727,微博同,23727,星哥,28727,波涛,33727,瘦瘦,38727,腾龙,43727,这雾,48727,马马
3728,介意,8728,发声,13728,姐妹花,18728,微博名,23728,星外星,28728,波澜,33728,瘦瘦的,38728,腿伤,43728,这面,48728,马驹桥
3729,介是,8729,发大,13729,姐姐,18729,微博后,23729,星夜,28729,波澜不惊,33729,瘦纸,38729,腿抽筋,43729,这鞋,48729,马鬃
3730,介样,8730,发大财,13730,姐家,18730,微博嘻哈,23730,星妈,28730,波点,33730,瘦肉,38730,腿疼,43730,这项,48730,马黛茶
3731,介石,8731,发奋,13731,姐已,18731,微博天,23731,星客,28731,波特,33731,瘦肉粥,38731,腿肉,43731,这顿,48731,驰骋
3732,介系,8732,发奖,13732,姐弟,18732,微博太,23732,星尚,28732,波琪,33732,瘦肉精,38732,腿肚子,43732,这颗,48732,驱动
3733,介绍,8733,发威,13733,姐弟恋,18733,微博好,23733,星巴克,28733,波罗,33733,瘦脸,38733,腿软,43733,这题,48733,驱动器
3734,介里,8734,发完,13734,姐心,18734,微博小,23734,星座,28734,波蜜,33734,瘦腿,38734,腿部,43734,这风,48734,驱寒
3735,介锅,8735,发家致富,13735,姐快,18735,微博张,23735,星战,28735,波西,33735,瘦西湖,38735,膏药,43735,这首,48735,驱散
3736,从上到下,8736,发射,13736,姐想,18736,微博微,23736,星星,28736,波长,33736,瘦身,38736,膜拜,43736,这鱼,48736,驱虫
3737,从业,8737,发小,13737,姐是,18737,微博微信,23737,星星之火,28737,波音,33737,瘦马,38737,膝盖,43737,进一步,48737,驱蚊
3738,从业人员,8738,发展,13738,姐来,18738,微博心,23738,星月,28738,泣不成声,33738,瘦高,38738,膨胀,43738,进不了,48738,驱赶
3739,从业者,8739,发展局,13739,姐泪,18739,微博快,23739,星期,28739,泣血,33739,瘪三,38739,膳食,43739,进不去,48739,驱车
3740,从今天起,8740,发展署,13740,姐爱,18740,微博怒,23740,星期一,28740,泥人,33740,瘫痪,38740,膻味,43740,进不来,48740,驱逐
3741,从众,8741,发展趋势,13741,姐用,18741,微博才,23741,星期三,28741,泥儿,33741,瘸子,38741,臀部,43741,进京,48741,驱逐舰
3742,从何,8742,发工资,13742,姐给,18742,微博控,23742,星期二,28742,泥土,33742,癌症,38742,臃肿,43742,进修,48742,驱邪
3743,从元,8743,发布,13743,姐能,18743,微博新,23743,星期五,28743,泥妹,33743,癔症,38743,臆想,43743,进入状态,48743,驳回
3744,从前,8744,发布会,13744,姐要,18744,微博是,23744,星期八,28744,泥娃娃,33744,癖好,38744,臊子,43744,进军,48744,驴友
3745,从化,8745,发布厅,13745,姑凉,18745,微博晒,23745,星期六,28745,泥尘,33745,癞蛤蟆,38745,臣妾,43745,进出,48745,驴友们
3746,从头到尾,8746,发帖,13746,姑凉们,18746,微博晕,23746,星期四,28746,泥巴,33746,癫当,38746,自个,43746,进出港,48746,驴友圈
3747,从头到脚,8747,发张,13747,姑奶奶,18747,微博有,23747,星期天,28747,泥庐,33747,癫狂,38747,自主,43747,进击,48747,驴子
3748,从头开始,8748,发得,13748,姑妈,18748,微博来,23748,星期日,28748,泥水,33748,癫痫,38748,自习室,43748,进到,48748,驴打滚
3749,从始至终,8749,发微,13749,姑姑,18749,微博求,23749,星河,28749,泥沙,33749,登上,38749,自付,43749,进前,48749,驴牌
3750,从家,8750,发微博,13750,姑娘,18750,微博泪,23750,星海,28750,泥泞,33750,登云,38750,自以为是,43750,进化,48750,驴肉
3751,从容,8751,发怒,13751,姑娘家,18751,微博点,23751,星火,28751,泥泪,33751,登入,38751,自传,43751,进取,48751,驴行
3752,从小到大,8752,发情,13752,姑婆,18752,微博熊丽,23752,星爷,28752,泥煤,33752,登台,38752,自作多情,43752,进口,48752,驶向
3753,从心,8753,发愁,13753,姑父,18753,微博益,23753,星球,28753,泥石流,33753,登场,38753,自作孽,43753,进场,48753,驸马
3754,从我做起,8754,发慌,13754,姑爷,18754,微博看,23754,星盘,28754,泥马,33754,登基,38754,自信,43754,进城,48754,驻京办
3755,从文,8755,发成,13755,姑苏,18755,微博真,23755,星眸,28755,泥鳅,33755,登封,38755,自信心,43755,进家,48755,驻华
3756,从斤,8756,发扬,13756,姓名,18756,微博给,23756,星硕,28756,注入,33756,登小果,38756,自创,43756,进屋,48756,驻华使馆
3757,从未有过,8757,发扬光大,13757,姓夏,18757,微博给力,23757,星科,28757,注册,33757,登山,38757,自制,43757,进展,48757,驻华大使
3758,从未见过,8758,发抖,13758,姓夏羽,18758,微博能,23758,星空,28758,注定,33758,登山包,38758,自制力,43758,进山,48758,驻场
3759,从来不,8759,发指,13759,姓张,18759,微博花间,23759,星系,28759,注射,33759,登山协会,38759,自力更生,43759,进店,48759,驻足
3760,从根本上,8760,发挥,13760,姓李,18760,微博衰,23760,星级,28760,注意事项,33760,登山鞋,38760,自动,43760,进度,48760,驻马店
3761,从楼,8761,发掘,13761,姓氏,18761,微博要,23761,星缘,28761,注意力,33761,登岛,38761,自助,43761,进攻,48761,驼峰
3762,从江,8762,发改委,13762,姓王,18762,微博说,23762,星美,28762,注意安全,33762,登峰,38762,自助游,43762,进晚餐,48762,驼背
3763,从没,8763,发放,13763,委员,18763,微博请,23763,星羽,28763,注明,33763,登峰造极,38763,自助餐,43763,进村,48763,驼铃
3764,从点,8764,发明,13764,委员会,18764,微博赞,23764,星辉,28764,注视,33764,登录,38764,自助餐厅,43764,进水,48764,驾临
3765,从现在起,8765,发晕,13765,委婉,18765,微博转,23765,星辰,28765,注解,33765,登机,38765,自勉,43765,进洞,48765,驾到
3766,从良,8766,发条,13766,委屈,18766,微博达,23766,星野,28766,注释,33766,登机口,38766,自卑,43766,进灰,48766,驾崩
3767,从里到外,8767,发来,13767,委座,18767,微友,23767,星闻,28767,注重,33767,登机牌,38767,自发,43767,进球,48767,驾校
3768,仓位,8768,发泄,13768,委托,18768,微君,23768,星闻社,28768,注销,33768,登船,38768,自取,43768,进社区,48768,驾照
3769,仓促,8769,发源地,13769,姗姗,18769,微型,23769,星际,28769,泪一,33769,登记,38769,自古,43769,进程,48769,驾考
3770,仓山,8770,发滴,13770,姗姗来迟,18770,微妙,23770,星雨,28770,泪三,33770,登载,38770,自告奋勇,43770,进站,48770,驾车
3771,仓库,8771,发火,13771,姚佳,18771,微小,23771,映像,28771,泪三摩地,33771,登门,38771,自嘲,43771,进组,48771,驾驭
3772,仓氏,8772,发炎,13772,姚健,18772,微尘,23772,映照,28772,泪上,33772,登陆,38772,自在,43772,进藏,48772,驾驶
3773,仓鼠,8773,发点,13773,姚嘉,18773,微弱,23773,映画,28773,泪下,33773,登顶,38773,自备,43773,进行曲,48773,驾驶员
3774,仔丸,8774,发烧,13774,姚姚,18774,微微,23774,映衬,28774,泪不带,33774,登高,38774,自大,43774,进补,48774,驾驶室
3775,仔仔,8775,发烧友,13775,姚小,18775,微微一笑,23775,映象,28775,泪个,33775,白丁,38775,自如,43775,进贡,48775,驾驶舱
3776,仔女,8776,发烫,13776,姚小六,18776,微扬,23776,春之约,28776,泪中,33776,白云,38776,自娱自乐,43776,进货,48776,驿栈
3777,仔姜,8777,发热,13777,姚小幽,18777,微摄友,23777,春儿,28777,泪为,33777,白云山,38777,自学,43777,进进出出,48777,驿站
3778,仔姜蛙,8778,发片,13778,姚尚朗,18778,微有,23778,春光,28778,泪主播,33778,白云峰,38778,自学成才,43778,进锅,48778,骂人
3779,仔是,8779,发牢骚,13779,姚志宏,18779,微波,23779,春光明媚,28779,泪乖,33779,白云机场,38779,自定义,43779,进门,48779,骂声
3780,仔粥,8780,发狂,13780,姚戈,18780,微波炉,23780,春分,28780,泪事,33780,白人,38780,自家人,43780,进阶,48780,骂娘
3781,仔细,8781,发现,13781,姚明,18781,微游,23781,春华,28781,泪二逼,33781,白兔,38781,自寻,43781,进食,48781,骂街
3782,仔细听,8782,发现自己,13782,姚晨,18782,微澜,23782,春卷,28782,泪于,33782,白兰,38782,自导自演,43782,进餐,48782,骂骂
3783,仔细检查,8783,发球,13783,姚晨亲,18783,微甜,23783,春哥,28783,泪京,33783,白兰地,38783,自尊,43783,进驻,48783,骄傲
3784,仔细观察,8784,发生,13784,姚晨怒,18784,微生物,23784,春园,28784,泪亭,33784,白写,38784,自尊心,43784,远不如,48784,骄傲地
3785,仔细阅读,8785,发电,13785,姚晨泪,18785,微盘,23785,春困,28785,泪亲,33785,白净,38785,自已,43785,远不止,48785,骄子
3786,仔裤,8786,发疯,13786,姚晨齐,18786,微笑,23786,春城,28786,泪人,33786,白切,38786,自带,43786,远东,48786,骄阳
3787,仔要,8787,发病,13787,姚桃桃,18787,微米,23787,春夏,28787,泪介,33787,白加,38787,自干,43787,远兴,48787,骆家辉
3788,仕途,8788,发病率,13788,姚澜,18788,微粒,23788,春夏秋冬,28788,泪仕事,33788,白化病,38788,自年,43788,远去,48788,骆新
3789,他会,8789,发痒,13789,姚理文,18789,微群,23789,春天,28789,泪以,33789,白发,38789,自强,43789,远古,48789,骆颖颖
3790,他俩,8790,发盐,13790,姚瑶,18790,微胖,23790,春天里,28790,泪会,33790,白发苍苍,38790,自律,43790,远处,48790,骆驼
3791,他别,8791,发着,13791,姚璐璐,18791,微薄,23791,春妮,28791,泪伤,33791,白吃,38791,自得其乐,43791,远大,48791,骇人听闻
3792,他哥,8792,发短信,13792,姚科,18792,微观,23792,春姑娘,28792,泪何,33792,白四宝,38792,自恋,43792,远嫁,48792,骊山
3793,他妈,8793,发神经,13793,姚笛,18793,微视,23793,春娇,28793,泪侯宁,33793,白地,38793,自愧不如,43793,远山,48793,骊歌
3794,他妈的,8794,发票,13794,姚记,18794,微言,23794,春子,28794,泪信,33794,白墙,38794,自愿,43794,远影,48794,验收
3795,他妹,8795,发福,13795,姚贝娜,18795,微评,23795,春季,28795,泪俭,33795,白夜,38795,自成,43795,远征,48795,验算
3796,他姐,8796,发稿,13796,姚远,18796,微话,23796,春心荡漾,28796,泪偶,33796,白大省,38796,自我,43796,远征难,48796,验血
3797,他娘,8797,发笑,13797,姜丝,18797,微语,23797,春意,28797,泪光,33797,白天,38797,自我介绍,43797,远怒,48797,验证
3798,他家,8798,发糕,13798,姜军,18798,微软,23798,春意盎然,28798,泪克,33798,白天鹅,38798,自我安慰,43798,远房亲戚,48798,验证码
3799,他开,8799,发红包,13799,姜凯阳,18799,微辣,23799,春日,28799,泪兔,33799,白头,38799,自我感觉,43799,远方,48799,骏豪
3800,他来,8800,发给,13800,姜吉平,18800,微醉,23800,春春,28800,泪全,33800,白头偕老,38800,自我检讨,43800,远方来,48800,骏马
3801,他泪,8801,发给你,13801,姜培枫,18801,微醺,23801,春昼,28801,泪关,33801,白头到老,38801,自找,43801,远景,48801,骑上
3802,他爸,8802,发育,13802,姜姜,18802,微闻,23802,春晓,28802,泪内,33802,白头发,38802,自拍,43802,远望,48802,骑上去
3803,他长,8803,发胖,13803,姜宇,18803,微风,23803,春晖,28803,泪写,33803,白姆,38803,自拍照,43803,远比,48803,骑个
3804,仗义,8804,发脾气,13804,姜小,18804,德云,23804,春晚,28804,泪刚,33804,白姐姐,38804,自掏腰包,43804,远泪,48804,骑兵
3805,付亮,8805,发自,13805,姜小白,18805,德云社,23805,春暖花开,28805,泪别,33805,白娘子,38805,自控,43805,远洋,48805,骑单车
3806,付出,8806,发自内心,13806,姜小窄,18806,德仁欣,23806,春有,28806,泪到,33806,白嫩,38806,自救,43806,远游,48806,骑友
3807,付出代价,8807,发自肺腑,13807,姜岚昕,18807,德克士,23807,春来,28807,泪加,33807,白子,38807,自有,43807,远点,48807,骑士
3808,付帐,8808,发色,13808,姜峰,18808,德兰,23808,春梦,28808,泪北青,33808,白学,38808,自杀,43808,远看,48808,骑手
3809,付强,8809,发芽,13809,姜川,18809,德内,23809,春水,28809,泪千行,33809,白宫,38809,自来,43809,远眺,48809,骑猪
3810,付方,8810,发行,13810,姜戈,18810,德利,23810,春江,28810,泪南,33810,白家,38810,自来水,43810,远离,48810,骑着
3811,付款,8811,发表,13811,姜振宇,18811,德华,23811,春泥,28811,泪卢,33811,白富,38811,自欺欺人,43811,远程,48811,骑着马
3812,付洋,8812,发表声明,13812,姜文,18812,德吉,23812,春游,28812,泪去,33812,白小,38812,自此,43812,远空,48812,骑行
3813,付琳,8813,发觉,13813,姜昆,18813,德哥,23813,春熙路,28813,泪受,33813,白小姐,38813,自残,43813,远胜,48813,骑车
3814,付费,8814,发言,13814,姜格,18814,德国,23814,春生,28814,泪台,33814,白小宅,38814,自毁,43814,远航,48814,骑过
3815,付钱,8815,发言人,13815,姜楠,18815,德国人,23815,春秋,28815,泪史,33815,白小白,38815,自治区,43815,远行,48815,骑马
3816,仙人,8816,发誓,13816,姜汁,18816,德国队,23816,春耕,28816,泪右,33816,白小葵,38816,自游,43816,远衰,48816,骑驴
3817,仙人掌,8817,发话,13817,姜汝祥,18817,德奥,23817,春联,28817,泪同,33817,白岩松,38817,自满,43817,远见,48817,骑骆驼
3818,仙仙,8818,发财,13818,姜汤,18818,德安,23818,春色,28818,泪后,33818,白巧克力,38818,自焚,43818,远观,48818,骗人
3819,仙儿,8819,发财树,13819,姜波,18819,德宏,23819,春节,28819,泪周,33819,白帆,38819,自然,43819,远超,48819,骗吃骗喝
3820,仙剑,8820,发货,13820,姜洛智,18820,德尔,23820,春节假期,28820,泪味,33820,白带,38820,自然保护区,43820,远达,48820,骗子
3821,仙台,8821,发质,13821,姜涛,18821,德州,23821,春节快乐,28821,泪命,33821,白干,38821,自然环境,43821,远近,48821,骗局
3822,仙境,8822,发起,13822,姜涵,18822,德庄,23822,春节愉快,28822,泪哈,33822,白底,38822,自然界,43822,远远,48822,骗术
3823,仙女,8823,发起人,13823,姜片,18823,德式,23823,春花,28823,泪哥,33823,白开水,38823,自然而然,43823,远远不够,48823,骗纸
3824,仙姑,8824,发车,13824,姜盐,18824,德性,23824,春草,28824,泪哭,33824,白忙,38824,自燃,43824,远通维景,48824,骗走
3825,仙子,8825,发软,13825,姜磊,18825,德意志,23825,春药,28825,泪喜,33825,白快,38825,自爆,43825,远道而来,48825,骗过
3826,仙山,8826,发达,13826,姜糖,18826,德懋堂,23826,春蔚,28826,泪嘘,33826,白念,38826,自理,43826,远额,48826,骗钱
3827,仙草,8827,发达国家,13827,姜舒扬,18827,德拉,23827,春蕾,28827,泪嘻哈,33827,白手,38827,自由,43827,远飞,48827,骚乱
3828,仙逝,8828,发过,13828,姜莺闻,18828,德文,23828,春装,28828,泪困,33828,白搭,38828,自由人,43828,违反,48828,骚动
3829,仙都,8829,发过来,13829,姜蕾,18829,德普,23829,春辉,28829,泪图,33829,白族,38829,自由女神,43829,违和感,48829,骚客
3830,代为,8830,发还,13830,姜超峰,18830,德智体美,23830,春运,28830,泪夏,33830,白旗,38830,自由自在,43830,违建,48830,骚年
3831,代代,8831,发送,13831,姜饼,18831,德林,23831,春阳,28831,泪多,33831,白日做梦,38831,自由选择,43831,违法,48831,骚扰
3832,代价,8832,发送到,13832,姜黄,18832,德格,23832,春雨,28832,泪大,33832,白日梦,38832,自画像,43832,违法行为,48832,骚扰电话
3833,代办,8833,发送至,13833,姥姥,18833,德比,23833,春雪,28833,泪大董,33833,白昆鹏,38833,自留,43833,违禁品,48833,骚气
3834,代劳,8834,发邮件,13834,姥姥家,18834,德江,23834,春雷,28834,泪天,33834,白昱,38834,自留地,43834,违章,48834,骚瑞
3835,代号,8835,发酵,13835,姥爷,18835,德罗巴,23835,春风,28835,泪太,33835,白昼,38835,自白,43835,违背,48835,骚瑞婆
3836,代名词,8836,发错,13836,姨太,18836,德胜门,23836,春风吹又生,28836,泪奔,33836,白晓萌,38836,自省,43836,违规,48836,骡子
3837,代堂,8837,发霉,13837,姨夫,18837,德艺双馨,23837,春风得意,28837,泪奔泪,33837,白木,38837,自知,43837,连上,48837,骤然
3838,代新,8838,发音,13838,姨妈,18838,德艺坊,23838,春饼,28838,泪好,33838,白条,38838,自知之明,43838,连不上,48838,骨头
3839,代沟,8839,发飙,13839,姨父,18839,德芙,23839,昨儿,28839,泪如,33839,白来,38839,自私,43839,连个,48839,骨头汤
3840,代理,8840,发骚,13840,姬大董,18840,德蒙,23840,昨夜,28840,泪如泉涌,33840,白杨,38840,自私自利,43840,连体,48840,骨子里
3841,代码,8841,发麻,13841,姬宇阳,18841,德行,23841,昨天,28841,泪如雨下,33841,白杰,38841,自称,43841,连卡佛,48841,骨感
3842,代笔,8842,发黄,13842,姬红,18842,德语,23842,昨天上午,28842,泪妈,33842,白松露,38842,自立,43842,连发,48842,骨折
3843,代表,8843,发黑,13843,姹紫嫣红,18843,德里,23843,昨天下午,28843,泪妮,33843,白板,38843,自耕农,43843,连名,48843,骨朵
3844,代表作,8844,叔儿,13844,姻缘,18844,德钦,23844,昨天中午,28844,泪妮妮,33844,白桦,38844,自苦寒,43844,连在一起,48844,骨架
3845,代表团,8845,叔公,13845,姿势,18845,德阳,23845,昨天夜里,28845,泪姐,33845,白桦林,38845,自荐,43845,连场,48845,骨气
3846,代表队,8846,叔叔,13846,姿态,18846,德高望重,23846,昨天早上,28846,泪娜,33846,白毛,38846,自虐,43846,连城,48846,骨灰
3847,代言,8847,取个,13847,姿色,18847,德鲁伊,23847,昨天晚上,28847,泪子,33847,白水,38847,自行,43847,连夜,48847,骨灰级
3848,代言人,8848,取代,13848,威之猗兰,18848,德黑兰,23848,昨日,28848,泪孙,33848,白求恩,38848,自行车,43848,连天,48848,骨瘦如柴
3849,代谢,8849,取关,13849,威信,18849,徽之梦,23849,昨晚,28849,泪宁杰,33849,白汤,38849,自觉,43849,连家,48849,骨癌
3850,代购,8850,取决于,13850,威力,18850,徽商,23850,昭元,28850,泪安,33850,白沙,38850,自言自语,43850,连州,48850,骨科
3851,代金,8851,取出,13851,威士忌,18851,徽州,23851,昭君,28851,泪安猪,33851,白沙滩,38851,自认,43851,连带,48851,骨肉
3852,代金券,8852,取名,13852,威少,18852,徽晚,23852,昭告,28852,泪宋,33852,白河,38852,自诩,43852,连忙,48852,骨肉分离
3853,代领,8853,取名字,13853,威尔,18853,徽章,23853,昭和,28853,泪官,33853,白泪,38853,自说自话,43853,连手,48853,骨董
3854,令人,8854,取向,13854,威尼斯,18854,徽菜,23854,昭然,28854,泪家,33854,白泽,38854,自豪,43854,连接,48854,骨骼
3855,令人发指,8855,取悦,13855,威尼斯人,18855,心上,23855,昭苏,28855,泪小,33855,白洋淀,38855,自豪感,43855,连播,48855,骨髓
3856,令人感动,8856,取景,13856,威廉,18856,心不在焉,23856,昭通,28856,泪小丸,33856,白洗,38856,自贡,43856,连旭,48856,骰子
3857,令人羡慕,8857,取暖,13857,威斯汀,18857,心不老,23857,昭阳,28857,泪小乖,33857,白洱,38857,自贡人,43857,连旭嘻哈,48857,骷髅
3858,令公,8858,取款机,13858,威武,18858,心中,23858,是从,28858,泪小姬,33858,白活,38858,自责,43858,连春虎,48858,高一
3859,令照,8859,取消,13859,威海,18859,心之洛,23859,是可忍,28859,泪小编,33859,白浪,38859,自费,43859,连渣,48859,高三
3860,令狐,8860,取票,13860,威特,18860,心事,23860,是否是,28860,泪小虎,33860,白涝,38860,自转,43860,连狗,48860,高下
3861,令狐冲,8861,取笑,13861,威猛,18861,心仪,23861,是因为,28861,泪岁,33861,白灼,38861,自述,43861,连猪,48861,高中
3862,以人为本,8862,取经,13862,威笑,18862,心会,23862,是夜,28862,泪崩,33862,白烟,38862,自选,43862,连环,48862,高中同学
3863,以偏概全,8863,取缔,13863,威胁,18863,心伤,23863,是我太,28863,泪崩泪,33863,白熊,38863,自酿,43863,连环画,48863,高中毕业
3864,以元,8864,取而代之,13864,威虎山,18864,心似,23864,是非,28864,泪帅,33864,白牙,38864,自重,43864,连番,48864,高中生
3865,以内,8865,取胜,13865,威逼利诱,18865,心儿,23865,是非颠倒,28865,泪年,33865,白牛,38865,自闭症,43865,连看,48865,高丽
3866,以北,8866,取自,13866,威风,18866,心净,23866,昵昵,28866,泪庄,33866,白狼,38866,自食其力,43866,连累,48866,高丽参
3867,以南,8867,取舍,13867,威龙,18867,心凉,23867,昵称,28867,泪康,33867,白猪,38867,自首,43867,连线,48867,高举
3868,以备,8868,取证,13868,娃们,18868,心切,23868,昼夜,28868,泪张,33868,白猫,38868,自驾,43868,连续,48868,高二
3869,以往,8869,取走,13869,娃儿,18869,心到,23869,显出,28869,泪微,33869,白玉,38869,自驾游,43869,连续剧,48869,高于
3870,以待,8870,取钱,13870,娃哈哈,18870,心力,23870,显得,28870,泪微博,33870,白玛,38870,自驾车,43870,连绵,48870,高于一切
3871,以梦为,8871,受不了,13871,娃娃,18871,心力交瘁,23871,显摆,28871,泪心,33871,白玛云丹,38871,自黑,43871,连衣裙,48871,高云
3872,以歌,8872,受不鸟,13872,娃娃脸,18872,心动,23872,显灵,28872,泪快,33872,白玫瑰,38872,臭丫头,43872,连赢,48872,高亚宁
3873,以此,8873,受众,13873,娃娃鱼,18873,心南,23873,显现,28873,泪怒,33873,白琨,38873,臭味,43873,连身,48873,高产
3874,以毒攻毒,8874,受伤,13874,娃子,18874,心去,23874,显瘦,28874,泪恨,33874,白痴,38874,臭小子,43874,连车,48874,高亮
3875,以求,8875,受伤害,13875,娃怒,18875,心口,23875,显眼,28875,泪恩,33875,白白嫩,38875,臭屁,43875,连轴,48875,高人
3876,以示,8876,受刺激,13876,娃来,18876,心向往之,23876,显示,28876,泪悲,33876,白白浪费,38876,臭男人,43876,连载,48876,高人来
3877,以致于,8877,受宠若惊,13877,娃泪,18877,心善,23877,显示器,28877,泪情,33877,白白的,38877,臭美,43877,连连看,48877,高价
3878,以色列,8878,受害,13878,娄底,18878,心喜,23878,显示屏,28878,泪想,33878,白百何,38878,臭脚,43878,连锁,48878,高会民
3879,以西,8879,受害人,13879,娄杨,18879,心在,23879,显而易见,28879,泪愿,33879,白皙,38879,臭臭,43879,连锁店,48879,高伟
3880,以防,8880,受害者,13880,娄艺,18880,心地,23880,显色,28880,泪成,33880,白相,38880,臭蛋,43880,连长,48880,高估
3881,以马内利,8881,受得了,13881,娄艺潇,18881,心地善良,23881,晃动,28881,泪手,33881,白眼,38881,臭豆腐,43881,连鹏,48881,高低贵贱
3882,仨月,8882,受挫,13882,娇俏,18882,心坎,23882,晃头,28882,泪才,33882,白眼儿,38882,至上,43882,迟到,48882,高佬
3883,仪器,8883,受损,13883,娇娃,18883,心型,23883,晃悠,28883,泪改,33883,白眼狼,38883,至乐,43883,迟夙生,48883,高健
3884,仪式,8884,受教,13884,娇娇,18884,心境,23884,晃晃,28884,泪数,33884,白石,38884,至乐汇,43884,迟早会,48884,高傲
3885,仰光,8885,受欢迎,13885,娇媚,18885,心声,23885,晃点,28885,泪文,33885,白种,38885,至关重要,43885,迟来,48885,高军
3886,仰卧起坐,8886,受气,13886,娇小,18886,心太,23886,晃眼,28886,泪文三娃泪,33886,白米饭,38886,至尊,43886,迟点,48886,高冷
3887,仰慕,8887,受灾,13887,娇气,18887,心头,23887,晃管,28887,泪文兴,33887,白粉,38887,至少,43887,迟蕾,48887,高凌风
3888,仰望,8888,受理,13888,娇羞,18888,心好,23888,晃荡,28888,泪文怡,33888,白粥,38888,至极,43888,迟迟,48888,高凤鸾
3889,仰视,8889,受用,13889,娉婷,18889,心如,23889,晋一,28889,泪斑,33889,白糖,38889,至此,43889,迟钝,48889,高凤鸾嘻哈
3890,仲夏,8890,受益,13890,娓娓,18890,心如刀割,23890,晋京,28890,泪新,33890,白素贞,38890,至死,43890,迥异,48890,高出
3891,仲夏夜,8891,受益匪浅,13891,娓娓道来,18891,心如刀绞,23891,晋升,28891,泪方力钧,33891,白纸,38891,至死不渝,43891,迦南,48891,高利贷
3892,仲德章,8892,受累,13892,娘亲,18892,心子,23892,晋升为,28892,泪日,33892,白纸黑字,38892,至爱,43892,迪克,48892,高到
3893,仲有,8893,受罪,13893,娘们,18893,心存,23893,晋商,28893,泪早,33893,白细胞,38893,至诚,43893,迪卡侬,48893,高剑
3894,仲秋,8894,受苦,13894,娘俩,18894,心安,23894,晋永,28894,泪易,33894,白给,38894,致以,43894,迪塞尔,48894,高剑飞
3895,价位,8895,受虐,13895,娘娘,18895,心安理得,23895,晋江,28895,泪是,33895,白羊,38895,致力于,43895,迪士尼,48895,高升
3896,价值,8896,受访,13896,娘子,18896,心宽,23896,晋祠,28896,泪晓玲,33896,白羊座,38896,致命,43896,迪奥,48896,高华
3897,价值观,8897,受贿,13897,娘家,18897,心宽体胖,23897,晋级,28897,泪晕,33897,白老,38897,致哀,43897,迪妮,48897,高危
3898,价儿,8898,受过,13898,娘家人,18898,心寒,23898,晏耀斌,28898,泪晕泪,33898,白肉,38898,致富,43898,迪姐,48898,高压
3899,价格,8899,受邀,13899,娘炮,18899,心尖,23899,晒个,28899,泪有,33899,白胡子,38899,致敬,43899,迪庆,48899,高压锅
3900,价格不菲,8900,受阻,13900,娘舅,18900,心平,23900,晒伤,28900,泪有福,33900,白脸,38900,致景,43900,迪拜,48900,高原
3901,价格战,8901,受限制,13901,娜丽莎,18901,心平气和,23901,晒出,28901,泪望,33901,白色,38901,致歉,43901,迪斯尼,48901,高反
3902,价钱,8902,受难,13902,娜塔莎,18902,心底,23902,晒单,28902,泪木,33902,白艾儿,38902,致死,43902,迪斯尼乐园,48902,高发
3903,任一,8903,受骗,13903,娜姐,18903,心张,23903,晒图,28903,泪木有,33903,白花,38903,致电,43903,迪迪,48903,高呼
3904,任任,8904,变丑,13904,娜娜,18904,心弦,23904,晒太阳,28904,泪权,33904,白花花,38904,致癌,43904,迫不及待,48904,高品质
3905,任何人,8905,变个,13905,娜子,18905,心形,23905,晒干,28905,泪来,33905,白茫茫,38905,致癌物,43905,迫使,48905,高哈
3906,任何理由,8906,变为,13906,娜斯,18906,心得,23906,晒成,28906,泪杯,33906,白莲,38906,致谢,43906,迫切,48906,高哥
3907,任卫新,8907,变冷,13907,娟子,18907,心心,23907,晒晒,28907,泪林,33907,白菜,38907,致辞,43907,迫在眉睫,48907,高唱
3908,任命,8908,变出,13908,娱乐,18908,心心心,23908,晒网,28908,泪果,33908,白菜价,38908,致远,43908,迫害,48908,高喊
3909,任娇,8909,变动,13909,娱乐圈,18909,心心念念,23909,晒黑,28909,泪查立,33909,白萝卜,38909,舅妈,43909,述职,48909,高圆圆
3910,任志强,8910,变化,13910,娱乐场所,18910,心必,23910,晓伊,28910,泪柳,33910,白葡萄酒,38910,舅舅,43910,述语,48910,高地
3911,任性,8911,变变,13911,娱乐城,18911,心志,23911,晓光,28911,泪格,33911,白薯,38911,舆情,43911,述说,48911,高声
3912,任意,8912,变味,13912,娱乐活动,18912,心怀,23912,晓凡,28912,泪桐,33912,白蛇,38912,舆论,43912,迷上,48912,高处
3913,任我行,8913,变坏,13913,娱乐片,18913,心态,23913,晓叟,28913,泪桑,33913,白血病,38913,舌头,43913,迷人,48913,高处不胜
3914,任文,8914,变型,13914,娱乐节目,18914,心怒,23914,晓君,28914,泪梁,33914,白衣,38914,舌尖,43914,迷们,48914,高大
3915,任末,8915,变大,13915,娱记,18915,心思,23915,晓如,28915,泪梅,33915,白衣天使,38915,舍不得,43915,迷你,48915,高天
3916,任泉,8916,变天,13916,娴熟,18916,心怡,23916,晓婷,28916,泪此,33916,白衬衣,38916,舍友,43916,迷信,48916,高天晨
3917,任由,8917,变好,13917,娶媳妇,18917,心急,23917,晓宇,28917,泪死,33917,白衬衫,38917,舍庐,43917,迷倒,48917,高头
3918,任程伟,8918,变小,13918,婀娜,18918,心性,23918,晓宸,28918,泪段,33918,白话,38918,舍弃,43918,迷叔,48918,高妹
3919,任素,8919,变差,13919,婆娑,18919,心悸,23919,晓得,28919,泪母,33919,白费,38919,舍得,43919,迷失,48919,高姐
3920,任芸丽,8920,变帅,13920,婆娘,18920,心情,23920,晓攀,28920,泪水,33920,白跑,38920,舍得吃,43920,迷奸,48920,高娃
3921,任蕾噶松,8921,变幻,13921,婆婆,18921,心情愉快,23921,晓晓,28921,泪求,33921,白跑一趟,38921,舒克,43921,迷宫,48921,高婵
3922,任贤齐,8922,变异,13922,婆婆妈妈,18922,心情沉重,23922,晓晓岛,28922,泪汗,33922,白送,38922,舒可心,43922,迷幻,48922,高宁
3923,任轶洁,8923,变形,13923,婆媳,18923,心情舒畅,23923,晓柯之名,28923,泪江,33923,白酒,38923,舒坦,43923,迷彩,48923,高安
3924,任轶洁晓林,8924,变形金刚,13924,婆罗洲,18924,心惊,23924,晓汗,28924,泪汪汪,33924,白醋,38924,舒展,43924,迷思,48924,高官
3925,任选,8925,变得,13925,婉儿,18925,心惊肉跳,23925,晓波,28925,泪泉,33925,白金,38925,舒心,43925,迷恋,48925,高密
3926,任重,8926,变态,13926,婉拒,18926,心惊胆战,23926,晓爷,28926,泪法,33926,白金卡,38926,舒服,43926,迷惑,48926,高密度
3927,任重而道远,8927,变慢,13927,婉约,18927,心惊胆颤,23927,晓猪,28927,泪泥,33927,白长,38927,舒淇,43927,迷惘,48927,高富帅
3928,任重道远,8928,变暖,13928,婉转,18928,心想,23928,晓玲,28928,泪泪,33928,白雪,38928,舒畅,43928,迷死,48928,高寒
3929,任鑫,8929,变更,13929,婉风,18929,心想事成,23929,晓航,28929,泪泪心,33929,白雪公主,38929,舒缓,43929,迷死人,48929,高寿
3930,份儿,8930,变本加厉,13930,婊哥,18930,心意,23930,晓荷,28930,泪泪果,33930,白露,38930,舒舒服服,43930,迷津,48930,高小东
3931,份子,8931,变海,13931,婊子,18931,心愿,23931,晓蕾蕾,28931,泪泪求,33931,白面,38931,舒适,43931,迷离,48931,高小墩
3932,份量,8932,变焦,13932,婚事,18932,心慌,23932,晓薇,28932,泪泪泪,33932,白领,38932,舒适度,43932,迷笛,48932,高尔
3933,份额,8933,变现,13933,婚典,18933,心慧,23933,晓语,28933,泪泪点,33933,白饭,38933,舒阳,43933,迷糊,48933,高尔夫
3934,仿佛,8934,变瘦,13934,婚前,18934,心战,23934,晓说,28934,泪洒,33934,白首,38934,舞会,43934,迷航,48934,高尔夫球
3935,仿制,8935,变相,13935,婚变,18935,心房,23935,晓辰,28935,泪洪晃,33935,白马,38935,舞伴,43935,迷茫,48935,高尔夫球场
3936,仿照,8936,变短,13936,婚后,18936,心扉,23936,晓雨闻,28936,泪流,33936,白驹过隙,38936,舞剧,43936,迷蝶,48936,高尚
3937,仿造,8937,变绿,13937,婚姻,18937,心拔,23937,晓雨闻铃,28937,泪流满面,33937,白骨精,38937,舞动,43937,迷路,48937,高层
3938,企业,8938,变美,13938,婚姻法,18938,心挠,23938,晓雪,28938,泪海,33938,白鱼,38938,舞台,43938,迷踪,48938,高山
3939,企业家,8939,变老,13939,婚宴,18939,心旷神怡,23939,晓霞妹,28939,泪涛涛,33939,白鲨,38939,舞台剧,43939,迷迭香,48939,高山流水
3940,企事业,8940,变胖,13940,婚尚,18940,心晴,23940,晓风,28940,泪滴,33940,白鸟,38940,舞团,43940,迷迷糊糊,48940,高峰
3941,企划,8941,变脸,13941,婚庆,18941,心曲,23941,晓风残月,28941,泪点,33941,白鸦,38941,舞姿,43941,迷途,48941,高峰期
3942,企及,8942,变色,13942,婚礼,18942,心有,23942,晓鹏,28942,泪烦,33942,白鸽,38942,舞娘,43942,迷醉,48942,高峰论坛
3943,企鹅,8943,变质,13943,婚纱,18943,心有余悸,23943,晓鹰,28943,泪爱,33943,白鹅,38943,舞曲,43943,迷雾,48943,高帅
3944,伉俪,8944,变身,13944,婚纱照,18944,心有灵犀,23944,晕乎,28944,泪牛,33944,白鹭,38944,舞林,43944,迸发,48944,高帅富
3945,伊一,8945,变迁,13945,婧婧,18945,心服,23945,晕于,28945,泪猫,33945,白鹿,38945,舞步,43945,迸发出,48945,高干
3946,伊丽莎白,8946,变通,13946,婴儿,18946,心机,23946,晕何,28946,泪王,33946,白鹿原,38946,舞泪,43946,迹象,48946,高平
3947,伊人,8947,变革,13947,婴儿车,18947,心来,23947,晕倒,28947,泪珠,33947,白龙马,38947,舞美,43947,追上,48947,高度
3948,伊份,8948,变魔术,13948,婴宁,18948,心楠意,23948,晕别,28948,泪球球,33948,百万,38948,舞者,43948,追上来,48948,高强
3949,伊伊,8949,变黄,13949,婴幼儿,18949,心气,23949,晕呼呼,28949,泪瑞,33949,百万富翁,38949,舞蹈,43949,追不上,48949,高徒
3950,伊冯,8950,变黑,13950,婵娟,18950,心水,23950,晕嘻哈,28950,泪生个,33950,百世,38950,舞鞋,43950,追凶,48950,高得
3951,伊凡,8951,叙利亚,13951,婵媛,18951,心沉,23951,晕大,28951,泪用,33951,百丽,38951,舟子,43951,追到,48951,高微
3952,伊利,8952,叙然,13952,婶儿,18952,心泉,23952,晕头,28952,泪田,33952,百丽宫,38952,舟山,43952,追剧,48952,高德
3953,伊力,8953,叙述,13953,婶婶,18953,心泪,23953,晕头转向,28953,泪田炜华,33953,百事,38953,舟舟,43953,追加,48953,高志
3954,伊力特,8954,叛徒,13954,婶子,18954,心泪泪,23954,晕张,28954,泪疼,33954,百事可乐,38954,航天员,43954,追完,48954,高性价比
3955,伊周,8955,叛逆,13955,婷姐,18955,心满意足,23955,晕心,28955,泪目,33955,百事通,38955,航姐,43955,追寻,48955,高性能
3956,伊夫,8956,叠加,13956,婷婷,18956,心潮澎湃,23956,晕怒,28956,泪看,33956,百亿,38956,航拍,43956,追尾,48956,高惠君
3957,伊宁,8957,口中,13957,婺源,18957,心灵,23957,晕晕,28957,泪真,33957,百代,38957,航旅,43957,追影,48957,高房价
3958,伊川,8958,口令,13958,媒人,18958,心灵手巧,23958,晕晕泪,28958,泪眼,33958,百倍,38958,航机,43958,追忆,48958,高手
3959,伊拉克,8959,口儿,13959,媒介,18959,心灵鸡汤,23959,晕晕衰,28959,泪祝,33959,百元,38959,航校,43959,追思,48959,高手如云
3960,伊斯兰,8960,口口雯儿,13960,媒体,18960,心烦,23960,晕来,28960,泪神,33960,百公里,38960,航母,43960,追悼会,48960,高抬贵手
3961,伊斯坦布尔,8961,口号,13961,媒体报道,18961,心熄晕,23961,晕欣,28961,泪程,33961,百出,38961,航海,43961,追捕,48961,高招
3962,伊是,8962,口吃,13962,媒何婕,18962,心爱,23962,晕死,28962,泪笑,33962,百分之,38962,航班,43962,追捧,48962,高攀
3963,伊朗,8963,口吻,13963,媒婆,18963,心狠手辣,23963,晕求,28963,泪米,33963,百分之一,38963,航班信息,43963,追星,48963,高效
3964,伊朗人,8964,口味,13964,媒素,18964,心王,23964,晕汗,28964,泪粉,33964,百分之十,38964,航班号,43964,追星族,48964,高数
3965,伊比,8965,口味重,13965,媚子,18965,心理,23965,晕泪,28965,泪糖,33965,百分之百,38965,航程,43965,追杀,48965,高文
3966,伊比利亚,8966,口型,13966,媚眼,18966,心理作用,23966,晕洪晃,28966,泪素,33966,百分比,38966,航空,43966,追来,48966,高文致
3967,伊沙,8967,口头,13967,媲美,18967,心理健康,23967,晕王,28967,泪累,33967,百分点,38967,航空公司,43967,追查,48967,高新
3968,伊犁,8968,口头禅,13968,媳妇,18968,心理准备,23968,晕眩,28968,泪红,33968,百分百,38968,航站楼,43968,追梦,48968,高新区
3969,伊甸园,8969,口子,13969,媳妇儿,18969,心理医生,23969,晕船,28969,泪给力,33969,百利,38969,航线,43969,追梦人,48969,高昂
3970,伊能,8970,口岸,13970,嫁不出去,18970,心理变态,23970,晕苏,28970,泪美,33970,百变,38970,航行,43970,追梦者,48970,高昌
3971,伊藤,8971,口干舌燥,13971,嫁个,18971,心理咨询,23971,晕菜,28971,泪翔,33971,百叶,38971,般若,43971,追求,48971,高明
3972,伊豆,8972,口径,13972,嫁人,18972,心理学,23972,晕衰,28972,泪老,33972,百吃,38972,般配,43972,追求幸福,48972,高春辉
3973,伊面,8973,口怒,13973,嫁作,18973,心理素质,23973,晕要,28973,泪肉,33973,百合,38973,舰队,43973,追溯,48973,高晓攀
3974,伍振,8974,口感,13974,嫁入,18974,心理障碍,23974,晕话,28974,泪肥,33974,百合花,38974,舱门,43974,追溯到,48974,高晓松
3975,伍美珍,8975,口才,13975,嫁出去,18975,心甘,23975,晕车,28975,泪肿,33975,百名,38975,船上,43975,追着,48975,高晓舰
3976,伍餐,8976,口是心非,13976,嫁女,18976,心甘情愿,23976,晕过去,28976,泪能,33976,百味,38976,船只,43976,追究,48976,高智商
3977,伎俩,8977,口服,13977,嫁妆,18977,心生,23977,晕酷,28977,泪腺,33977,百善孝为,38977,船头,43977,追责,48977,高有
3978,伏枥,8978,口服液,13978,嫁接,18978,心田,23978,晕雪,28978,泪致,33978,百天,38978,船票,43978,追赶,48978,高材生
3979,伏特加,8979,口气,13979,嫁给,18979,心疼,23979,晕高,28979,泪艳子,33979,百姓,38979,船长,43979,追踪,48979,高杰
3980,伏笔,8980,口水,13980,嫁衣,18980,心痒,23980,晚一点,28980,泪艾,33980,百威,38980,良久,43980,追过,48980,高架
3981,伐柯,8981,口水直流,13981,嫁错,18981,心痛,23981,晚上,28981,泪花,33981,百子,38981,良人,43981,追逐,48981,高标准
3982,休假,8982,口渴,13982,嫂子,18982,心目,23982,晚些,28982,泪苦,33982,百字,38982,良多,43982,追问,48982,高校
3983,休克,8983,口爱之楼,13983,嫉妒,18983,心真,23983,晚会,28983,泪范泓,33983,百宝箱,38983,良子,43983,追随,48983,高档
3984,休养,8984,口琴,13984,嫉恨,18984,心眼,23984,晚八点,28984,泪菁制,33984,百家,38984,良家,43984,追风,48984,高楼
3985,休养生息,8985,口碑,13985,嫌多,18985,心眼儿,23985,晚分,28985,泪菊儿,33985,百家争鸣,38985,良师益友,43985,退一步,48985,高楼大厦
3986,休宁,8986,口福,13986,嫌弃,18986,心碎,23986,晚到,28986,泪萌,33986,百家讲坛,38986,良心,43986,退休,48986,高歌
3987,休息,8987,口粮,13987,嫌犯,18987,心祝,23987,晚十点,28987,泪蕾,33987,百岁,38987,良心何在,43987,退休金,48987,高汤
3988,休息室,8988,口红,13988,嫌疑,18988,心窝,23988,晚去,28988,泪虎,33988,百年,38988,良性,43988,退党,48988,高泪
3989,休息日,8989,口罩,13989,嫌疑人,18989,心系,23989,晚场,28989,泪衰,33989,百年一遇,38989,良方,43989,退出,48989,高洁
3990,休息时间,8990,口腔,13990,嫌累,18990,心经,23990,晚天,28990,泪要,33990,百年好合,38990,良民,43990,退化,48990,高洋
3991,休憩,8991,口腔溃疡,13991,嫌贵,18991,心结,23991,晚娘,28991,泪观行,33991,百年孤独,38991,良田,43991,退却,48991,高涨
3992,休整,8992,口腔科,13992,嫔妾,18992,心给力,23992,晚安,28992,泪解,33992,百度,38992,良知,43992,退回,48992,高深
3993,休斯顿,8993,口舌,13993,嫖娼,18993,心绪,23993,晚宴,28993,泪触,33993,百度搜,38993,良缘,43993,退回去,48993,高淳
3994,休止符,8994,口袋,13994,嫖客,18994,心耶,23994,晚年,28994,泪言,33994,百强,38994,良苦用心,43994,退回来,48994,高清
3995,休闲,8995,口诀,13995,嫖宿,18995,心肝,23995,晚归,28995,泪诚莲,33995,百忙中,38995,良药,43995,退场,48995,高温
3996,众亲,8996,口语,13996,嫡系,18996,心肠,23996,晚报,28996,泪话,33996,百忙之中,38996,良辰,43996,退役,48996,高源
3997,众人,8997,口误,13997,嫣囡,18997,心脏,23997,晚报社,28997,泪说,33997,百态,38997,艰不拆,43997,退房,48997,高潮
3998,众位,8998,口说,13998,嫣子,18998,心脏病,23998,晚日,28998,泪请,33998,百思,38998,艰巨,43998,退换,48998,高潮迭起
3999,众信,8999,口述,13999,嫣然,18999,心芝,23999,晚晚,28999,泪谢,33999,百思不得其解,38999,艰苦,43999,退换货,48999,高点
4000,众口难调,9000,口音,14000,嫦娥,19000,心花,24000,晚期,29000,泪贝贝,34000,百感交集,39000,艰辛,44000,退掉,49000,高烧
4001,众多,9001,口香糖,14001,嫩们,19001,心花怒放,24001,晚点,29001,泪赞,34001,百搭,39001,艰难,44001,退散,49001,高热量
4002,众强,9002,古人,14002,嫩嫩的,19002,心萌,24002,晚班,29002,泪赫儿,34002,百无聊赖,39002,色号,44002,退款,49002,高照
4003,众怒,9003,古人云,14003,嫩白,19003,心虚,24003,晚睡,29003,泪超,34003,百日,39003,色彩,44003,退步,49003,高燕
4004,众星,9004,古今,14004,嫩肉,19004,心血,24004,晚礼服,29004,泪身,34004,百晓生,39004,色彩斑斓,44004,退潮,49004,高爷
4005,众望所归,9005,古代,14005,嫩肤,19005,心血来潮,24005,晚秋,29005,泪车,34005,百来,39005,色影,44005,退烧,49005,高玉凯
4006,众生,9006,古倒,14006,嫩芽,19006,心血管,24006,晚翠衰,29006,泪转,34006,百毒不侵,39006,色情,44006,退烧药,49006,高玉庆
4007,众生相,9007,古典,14007,嫩草,19007,心衰,24007,晚起,29007,泪边,34007,百爪,39007,色拉,44007,退票,49007,高珊
4008,众目睽睽,9008,古典音乐,14008,嬉戏,19008,心要,24008,晚间,29008,泪连,34008,百病,39008,色晕,44008,退税,49008,高球
4009,众里,9009,古北,14009,嬉水,19009,心计,24009,晚集,29009,泪酷,34009,百盛,39009,色泽,44009,退货,49009,高瑞露
4010,优优,9010,古城,14010,嬉皮,19010,心语,24010,晚霞,29010,泪释,34010,百看不厌,39010,色狼,44010,退赛,49010,高盛
4011,优先,9011,古堡,14011,嬉笑怒骂,19011,心说,24011,晚风,29011,泪重,34011,百种,39011,色盲,44011,退路,49011,高瞻远瞩
4012,优势,9012,古墓,14012,嬉闹,19012,心赞,24012,晚餐,29012,泪金,34012,百科,39012,色相,44012,送上,49012,高矮
4013,优化,9013,古天乐,14013,嬷嬷,19013,心路历程,24013,晚餐会,29013,泪钟,34013,百科全书,39013,色系,44013,送上门,49013,高祯祥
4014,优品,9014,古寨,14014,子上,19014,心跳,24014,晚饭,29014,泪钱,34014,百米,39014,色素,44014,送个,49014,高科
4015,优待,9015,古巨基,14015,子之父,19015,心软,24015,晚饭时间,29015,泪铮子,34015,百纳,39015,色色,44015,送书,49015,高科技
4016,优悦会,9016,古巴,14016,子于,19016,心迪,24016,晦气,29016,泪陆,34016,百老汇,39016,色色色,44016,送人,49016,高空
4017,优惠,9017,古建,14017,子儿,19017,心都化,24017,晦涩,29017,泪雨,34017,百联,39017,色艺,44017,送件,49017,高端
4018,优惠价,9018,古建筑,14018,子公司,19018,心酸,24018,晨会,29018,泪雪,34018,百般,39018,色茜茜,44018,送修,49018,高等
4019,优惠券,9019,古怪,14019,子叶,19019,心醉,24019,晨光,29019,泪雷,34019,百花,39019,色调,44019,送元,49019,高筋
4020,优惠政策,9020,古文,14020,子哈哈,19020,心里美,24020,晨兢夕厉,29020,泪青,34020,百花山,39020,色香味,44020,送出,49020,高管
4021,优惠活动,9021,古早,14021,子夜,19021,心里话,24021,晨年,29021,泪静,34021,百花齐放,39021,艳丽,44021,送出去,49021,高粱
4022,优格,9022,古时,14022,子女,19022,心阿怪,24022,晨报,29022,泪靠,34022,百草,39022,艳子,44022,送别,49022,高级
4023,优点,9023,古晋,14023,子娟,19023,心雨,24023,晨早,29023,泪顾,34023,百莲,39023,艳照,44023,送到,49023,高翔
4024,优盘,9024,古月,14024,子子孙孙,19024,心静,24024,晨星,29024,泪风,34024,百读,39024,艳羡,44024,送医,49024,高考
4025,优秀,9025,古朴,14025,子孙,19025,心香,24025,晨晓,29025,泪饭,34025,百货,39025,艳艳,44025,送回,49025,高耸
4026,优秀员工,9026,古村,14026,子孙后代,19026,必不可少,24026,晨晓绿,29026,泪饿,34026,百货大楼,39026,艳遇,44026,送奖,49026,高能
4027,优美,9027,古村落,14027,子宫,19027,必修课,24027,晨晖,29027,泪马,34027,百转千回,39027,艳阳,44027,送审,49027,高萍
4028,优良,9028,古松,14028,子弟,19028,必做,24028,晨晨,29028,泪马伊,34028,百里,39028,艳阳天,44028,送客,49028,高薪
4029,优衣库,9029,古树,14029,子弟书,19029,必先,24029,晨曦,29029,泪马剑,34029,百里挑一,39029,艳阳高照,44029,送往,49029,高虎
4030,优质,9030,古民居,14030,子弟兵,19030,必先利其器,24030,晨练,29030,泪马航,34030,百香果,39030,艳霞,44030,送本,49030,高蛋白
4031,优质服务,9031,古海,14031,子弹,19031,必到,24031,晨起,29031,泪鬼,34031,百鬼,39031,艺人,44031,送来,49031,高血压
4032,优越,9032,古清生,14032,子心,19032,必去,24032,晨跑,29032,泪鱼,34032,的哥,39032,艺名,44032,送死,49032,高血脂
4033,优越性,9033,古灵精怪,14033,子怒,19033,必吃,24033,晨阳,29033,泪黄,34033,的士,39033,艺外,44033,送点,49033,高衰
4034,优越感,9034,古牧,14034,子怡,19034,必听,24034,晨风,29034,泪齐,34034,的确如此,39034,艺文,44034,送礼,49034,高见
4035,优选,9035,古玩,14035,子慧,19035,必喝,24035,普世,29035,泯灭,34035,皇上,39035,艺术,44035,送礼物,49035,高评
4036,优酷,9036,古琴,14036,子文,19036,必回,24036,普京,29036,泰勒,34036,皇冠,39036,艺术作品,44036,送祝福,49036,高语
4037,优雅,9037,古窑,14037,子桐,19037,必备,24037,普伦,29037,泰北,34037,皇叔,39037,艺术品,44037,送票,49037,高调
4038,伙伴,9038,古筝,14038,子欲,19038,必女,24038,普利策,29038,泰华,34038,皇后,39038,艺术团,44038,送给,49038,高谈阔论
4039,伙子,9039,古翰森,14039,子欲养,19039,必属,24039,普卡,29039,泰和,34039,皇嘉冷艺,39039,艺术家,44039,送花,49039,高质量
4040,伙计,9040,古老,14040,子民,19040,必是,24040,普及,29040,泰哥秀,34040,皇城,39040,艺术展,44040,送菜,49040,高贵
4041,伙食,9041,古色古香,14041,子泪,19041,必有,24041,普吉,29041,泰国,34041,皇城根,39041,艺术工作者,44041,送行,49041,高贵典雅
4042,会上,9042,古董,14042,子洲,19042,必杀,24042,普吉岛,29042,泰国人,34042,皇太后,39042,艺术照,44042,送货,49042,高超
4043,会下,9043,古街,14043,子游,19043,必死无疑,24043,普天之下,29043,泰国菜,34043,皇妃,39043,艺术系,44043,送货上门,49043,高跟鞋
4044,会为,9044,古装,14044,子炀,19044,必游,24044,普天同庆,29044,泰国队,34044,皇子,39044,艺术细胞,44044,送货员,49044,高达
4045,会令,9045,古诗,14045,子益家,19045,必火,24045,普宁,29045,泰坦尼克,34045,皇室,39045,艺术网,44045,送走,49045,高远
4046,会以,9046,古诗词,14046,子翔,19046,必点,24046,普尔,29046,泰坦尼克号,34046,皇宫,39046,艺术节,44046,送车,49046,高速
4047,会儿,9047,古语,14047,子肿,19047,必然结果,24047,普度,29047,泰宁,34047,皇家,39047,艺术馆,44047,送达,49047,高速公路
4048,会出,9048,古迹,14048,子超,19048,必看,24048,普拉提,29048,泰安,34048,皇帝,39048,艺海,44048,送过来,49048,高速路
4049,会到,9049,古道,14049,子辰,19049,必练,24049,普普子,29049,泰山,34049,皇朝,39049,艺考,44049,送院,49049,高邮
4050,会动,9050,古都,14050,子非鱼,19050,必经,24050,普法,29050,泰州,34050,皇权,39050,艺苑,44050,送餐,49050,高铁
4051,会友,9051,古镇,14051,子馨馨,19051,必经之路,24051,普洱,29051,泰式,34051,皇狼,39051,艺雅,44051,送饭,49051,高阳
4052,会发,9052,古长宏,14052,孑孓,19052,必群,24052,普洱茶,29052,泰文,34052,皇甫,39052,艺高,44052,适中,49052,高院
4053,会变,9053,古难全,14053,孔乙己,19053,必胜,24053,普罗,29053,泰斗,34053,皇者,39053,艺龙,44053,适口,49053,高难度
4054,会同,9054,古风,14054,孔二,19054,必胜客,24054,普罗旺斯,29054,泰然,34054,皇舅,39054,艾丽丝,44054,适合,49054,高雄
4055,会后,9055,古香古色,14055,孔二狗,19055,必读,24055,普罗米修斯,29055,泰王,34055,皇阿玛,39055,艾伦,44055,适宜,49055,高雅
4056,会否,9056,古龙,14056,孔亮,19056,必败,24056,普者黑,29056,泰王国,34056,皇马,39056,艾伯塔省,44056,适应能力,49056,高静
4057,会员,9057,句句,14057,孔卡,19057,必转,24057,普达措,29057,泰禾,34057,皈依,39057,艾克,44057,适度,49057,高音
4058,会员价,9058,句号,14058,孔姐,19058,必达,24058,普选,29058,泰罗,34058,皎洁,39058,艾尔斯岩,44058,适得其反,49058,高颂
4059,会员卡,9059,句子,14059,孔子,19059,必过,24059,普通人,29059,泰菜,34059,皓伦,39059,艾尔肯,44059,适时,49059,高领
4060,会场,9060,另一半,14060,孔小婧,19060,必选,24060,普通百姓,29060,泰语,34060,皓天,39060,艾斯,44060,适耕庄,49060,高额
4061,会少,9061,另一只,14061,孔庆东,19061,必需,24061,普通话,29061,泰达,34061,皓月,39061,艾晓霏,44061,适量,49061,高飞
4062,会展,9062,另一家,14062,孔府,19062,忆江南,24062,普遍存在,29062,泰迪,34062,皓月当空,39062,艾欣,44062,适龄,49062,高高
4063,会展中心,9063,另一番,14063,孔曦,19063,忆龄,24063,普遍现象,29063,泰迪熊,34063,皖南,39063,艾滋病,44063,逃不了,49063,高高兴兴
4064,会带,9064,另一边,14064,孔月,19064,忌口,24064,普陀,29064,泰铢,34064,皮三,39064,艾特,44064,逃不出,49064,高高挂
4065,会开,9065,另一面,14065,孔洁,19065,忌日,24065,普陀区,29065,泰餐,34065,皮丘,39065,艾玛,44065,逃不掉,49065,高高的
4066,会心,9066,另据,14066,孔浩,19066,忍不住,24066,普陀山,29066,泱泱,34066,皮儿,39066,艾瑞,44066,逃不过,49066,高鹏
4067,会想,9067,另有,14067,孔维,19067,忍住,24067,普鲁士,29067,泱泱大国,34067,皮克斯,39067,艾瑞克,44067,逃亡,49067,高龄
4068,会成,9068,另类,14068,孔翔代,19068,忍受,24068,景儿,29068,泳池,34068,皮划艇,39068,艾窝窝,44068,逃出来,49068,鬼佬
4069,会有,9069,叨叨,14069,孔雀,19069,忍够,24069,景区,29069,泳衣,34069,皮包,39069,艾米,44069,逃到,49069,鬼压床
4070,会来,9070,叩问,14070,孔雀石,19070,忍得,24070,景园,29070,泳装,34070,皮包骨,39070,艾米尔,44070,逃学,49070,鬼呀
4071,会用,9071,只不过,14071,孔雀舞,19071,忍心,24071,景天,29071,泳裤,34071,皮卡,39071,艾米莉,44071,逃往,49071,鬼哭狼嚎
4072,会籍,9072,只为,14072,孔霸,19072,忍忍,24072,景山,29072,泷泽,34072,皮卡丘,39072,艾维,44072,逃犯,49072,鬼天气
4073,会者不难,9073,只会,14073,孔霸天,19073,忍无可忍,24073,景德镇,29073,泸定,34073,皮夹,39073,艾美,44073,逃生,49073,鬼子
4074,会见,9074,只卖,14074,孕妇,19074,忍痛,24074,景房,29074,泸州,34074,皮娜,39074,艾美奖,44074,逃票,49074,鬼屋
4075,会计,9075,只发,14075,孕期,19075,忍痛割爱,24075,景栋,29075,泸沽湖,34075,皮子,39075,艾艾,44075,逃离,49075,鬼怪
4076,会议,9076,只在乎,14076,孕育,19076,忍着,24076,景点,29076,泼墨,34076,皮实,39076,艾草,44076,逃脱,49076,鬼才
4077,会议室,9077,只好,14077,字体,19077,忍者,24077,景甜,29077,泼妇,34077,皮带,39077,艾莉,44077,逃课,49077,鬼故事
4078,会费,9078,只差,14078,字儿,19078,忍耐,24078,景美,29078,泼水,34078,皮影,39078,艾菲,44078,逃走,49078,鬼斧神工
4079,会选,9079,只得,14079,字典,19079,忏悔,24079,景致,29079,泼水节,34079,皮影戏,39079,艾薇,44079,逃跑,49079,鬼来电
4080,会长,9080,只想,14080,字号,19080,忐忑,24080,景色,29080,泼粪,34080,皮怒,39080,艾薇儿,44080,逃过,49080,鬼混
4081,会面,9081,只收,14081,字型,19081,志农,24081,景蛮,29081,泼辣,34081,皮毛,39081,艾迪,44081,逃过一劫,49081,鬼爷
4082,会飞,9082,只放,14082,字头,19082,志同道合,24082,景观,29082,泽地,34082,皮泪,39082,节俭,44082,逃逸,49082,鬼片
4083,会馆,9083,只敢,14083,字字,19083,志同道合者,24083,景谷,29083,泽斯,34083,皮炎,39083,节假日,44083,逃避,49083,鬼神
4084,伞兵,9084,只求,14084,字幕,19084,志向,24084,景象,29084,泽西,34084,皮牛,39084,节制,44084,逃难,49084,鬼脸
4085,伟业,9085,只爱,14085,字幕版,19085,志士,24085,景赫博,29085,泾水,34085,皮特,39085,节前,44085,逆光,49085,鬼见愁
4086,伟人,9086,只用,14086,字幕组,19086,志峰,24086,晴儿,29086,洁净,34086,皮皮,39086,节后,44086,逆反,49086,鬼话
4087,伟光,9087,只知,14087,字念,19087,志强,24087,晴到多云,29087,洁洁,34087,皮皮虾,39087,节哀,44087,逆向,49087,鬼谷靖天
4088,伟哥,9088,只管,14088,字数,19088,志愿,24088,晴天,29088,洁癖,34088,皮皮鲁,39088,节奏,44088,逆境,49088,鬼马
4089,伟岸,9089,只能,14089,字晕,19089,志愿军,24089,晴天霹雳,29089,洁白,34089,皮筋,39089,节奏感,44089,逆天,49089,鬼鬼
4090,伟民,9090,只能靠,14090,字条,19090,志愿者,24090,晴好,29090,洁面,34090,皮箱,39090,节操,44090,逆流,49090,鬼鬼祟祟
4091,传不上,9091,只花,14091,字样,19091,志成,24091,晴子,29091,洋人,34091,皮耶罗,39091,节日,44091,逆火,49091,鬼魅
4092,传习,9092,只菇菇,14092,字母,19092,志梅,24092,晴川,29092,洋儿,34092,皮肉,39092,节日快乐,44092,逆行,49092,魁北克
4093,传人,9093,只见,14093,字泪,19093,志气,24093,晴日,29093,洋光,34093,皮肤,39093,节日愉快,44093,逆袭,49093,魁拔
4094,传出,9094,只许,14094,字眼,19094,志海,24094,晴晴,29094,洋妞,34094,皮肤过敏,39094,节日期间,44094,逆转,49094,魂儿
4095,传出去,9095,只谈,14095,字美,19095,志群,24095,晴朗,29095,洋娃娃,34095,皮草,39095,节气,44095,逆风,49095,魂斗罗
4096,传到,9096,只转,14096,字里行间,19096,志超,24096,晴空,29096,洋子,34096,皮蛋,39096,节目,44096,选上,49096,魂淡
4097,传单,9097,只长,14097,存储,19097,志远,24097,晴空万里,29097,洋房,34097,皮衣,39097,节目单,44097,选个,49097,魂牵梦绕
4098,传君,9098,只靠,14098,存够,19098,忘不了,24098,晴转多云,29098,洋楼,34098,皮裤,39098,节目组,44098,选中,49098,魂飞魄散
4099,传奇,9099,只顾,14099,存折,19099,忘不掉,24099,晴间多云,29099,洋槐,34099,皮诺,39099,节目预告,44099,选举,49099,魂魄
4100,传媒,9100,叫住,14100,存放,19100,忘光,24100,晴阳,29100,洋气,34100,皮调,39100,节省,44100,选人,49100,魄力
4101,传媒大学,9101,叫停,14101,存档,19101,忘却,24101,晶回,29101,洋河,34101,皮革,39101,节约,44101,选修课,49101,魅丽
4102,传情,9102,叫化,14102,存款,19102,忘带,24102,晶报,29102,洋泾浜,34102,皮鞋,39102,节能,44102,选入,49102,魅儿
4103,传承,9103,叫卖,14103,存活,19103,忘忧,24103,晶晶,29103,洋洋,34103,皱巴巴,39103,节节,44103,选出,49103,魅力
4104,传授,9104,叫唤,14104,存疑,19104,忘忧草,24104,晶莹,29104,洋洋洒洒,34104,皱眉,39104,节车厢,44104,选取,49104,魅力十足
4105,传播,9105,叫嚣,14105,存真,19105,忘怀,24105,晶莹剔透,29105,洋浦,34105,皱纹,39105,节食,44105,选在,49105,魅影
4106,传播学,9106,叫声,14106,存着,19106,忘恩负义,24106,晶豪,29106,洋溢,34106,盆儿,39106,芊芊,44106,选址,49106,魅惑
4107,传播方式,9107,叫外卖,14107,存货,19107,忘情,24107,智仙,29107,洋溢着,34107,盆友,39107,芋头,44107,选好,49107,魅族
4108,传播者,9108,叫好,14108,存钱,19108,忘我,24108,智倜,29108,洋盘,34108,盆友们,39108,芋艿,44108,选定,49108,魏东
4109,传来,9109,叫小明,14109,存钱罐,19109,忘掉,24109,智利,29109,洋节,34109,盆子,39109,芒克,44109,选对,49109,魏先生
4110,传染,9110,叫床,14110,存错,19110,忘记,24110,智力,29110,洋芋,34110,盆栽,39110,芒市,44110,选怪,49110,魏力
4111,传染病,9111,叫板,14111,孙上,19111,忙乎,24111,智勇,29111,洋荷,34111,盆花,39111,芒果,44111,选手,49111,魏可多
4112,传真,9112,叫法,14112,孙丽婵,19112,忙乱,24112,智商,29112,洋葱,34112,盆菜,39112,芒果汁,44112,选拔,49112,魏大
4113,传神,9113,叫醒,14113,孙云晓,19113,忙于,24113,智嘻哈,29113,洋葱头,34113,盆里,39113,芒爷,44113,选择,49113,魏妍
4114,传给,9114,召唤,14114,孙伟光,19114,忙前忙后,24114,智囊,29114,洋酒,34114,盈利,39114,芒种,44114,选择性,49114,魏小扫
4115,传统,9115,召月,14115,孙佳,19115,忙忙,24115,智囊团,29115,洋鬼子,34115,盈利模式,39115,芙蓉,44115,选择权,49115,魏思全
4116,传统媒体,9116,召集,14116,孙俪,19116,忙忙碌碌,24116,智库,29116,洒下,34116,盈木,39116,芙蓉国,44116,选择题,49116,魏慧章
4117,传言,9117,叮叮,14117,孙儿,19117,忙活,24117,智慧,29117,洒家,34117,盈江,39117,芙蓉姐姐,44117,选料,49117,魏新
4118,传记,9118,叮叮当当,14118,孙冕,19118,忙碌,24118,智爱,29118,洒水车,34118,盈盈,39118,芜湖,44118,选材,49118,魏星瓷
4119,传谣,9119,叮嘱,14119,孙力,19119,忙里偷闲,24119,智者,29119,洒泪,34119,盈眶,39119,芜野,44119,选来,49119,魏晋
4120,传达,9120,叮小当,14120,孙周,19120,忠孝,24120,智能,29120,洒满,34120,盈科,39120,芝加哥,44120,选用,49120,魏晨
4121,传达室,9121,可不,14121,孙国晴,19121,忠实,24121,智能化,29121,洒脱,34121,盈讯,39121,芝士,44121,选票,49121,魏有景
4122,传送,9122,可不可以,14122,孙坚,19122,忠心,24122,智能手机,29122,洒落,34122,益华,39122,芝芝,44122,选秀,49122,魏来
4123,传送门,9123,可不是,14123,孙大圣,19123,忠烈,24123,智能机,29123,洗不掉,34123,益智,39123,芝麻,44123,选美,49123,魏楠
4124,传递,9124,可为,14124,孙大新,19124,忠爱,24124,智选,29124,洗不清,34124,益生,39124,芝麻汤圆,44124,选购,49124,魏然
4125,传遍,9125,可乐,14125,孙大泡,19125,忠臣,24125,智障,29125,洗个,34125,益虫,39125,芝麻酱,44125,选错,49125,魏盟
4126,传销,9126,可买,14126,孙太忙,19126,忠诚,24126,智齿,29126,洗具,34126,益西,39126,芥兰,44126,选锦,49126,魏远峰
4127,传阅,9127,可享,14127,孙女,19127,忠诚度,24127,晾凉,29127,洗净,34127,益达,39127,芥末,44127,选项,49127,魏长仁
4128,伢子,9128,可人,14128,孙妍,19128,忧伤,24128,晾干,29128,洗刷,34128,盎然,39128,芥茉,44128,选题,49128,魏鹏君
4129,伤不起,9129,可信,14129,孙婉倪,19129,忧愁,24129,晾衣服,29129,洗劫,34129,盏灯,39129,芦岩,44129,逊色,49129,魑魅
4130,伤亡,9130,可儿,14130,孙媛媛,19130,忧桑,24130,暂且,29130,洗发水,34130,盐业,39130,芦笋,44130,逍遥,49130,魔之果
4131,伤人,9131,可免,14131,孙子,19131,忧桑泪,24131,暂住,29131,洗头,34131,盐井,39131,芦花,44131,逍遥法外,49131,魔仙
4132,伤势,9132,可全,14132,孙孙,19132,忧虑,24132,暂住证,29132,洗头发,34132,盐城,39132,芦苇,44132,逍遥游,49132,魔兽
4133,伤及,9133,可凡,14133,孙孟晋,19133,忧郁,24133,暂停,29133,洗好,34133,盐巴,39133,芦荟,44133,透亮,49133,魔冠霖
4134,伤口,9134,可别,14134,孙小,19134,忧郁症,24134,暂别,29134,洗完,34134,盐帮,39134,芫玉,44134,透出,49134,魔力
4135,伤员,9135,可到,14135,孙小新,19135,快下班,24135,暂告,29135,洗手,34135,盐府,39135,芬兰,44135,透射,49135,魔咒
4136,伤天害理,9136,可口,14136,孙小画,19136,快个,24136,暂定,29136,洗手池,34136,盐水,39136,芬娜,44136,透彻,49136,魔图
4137,伤害,9137,可口可乐,14137,孙小美,19137,快乐,24137,暂时,29137,洗手间,34137,盐水鸭,39137,芬芳,44137,透心凉,49137,魔女
4138,伤心,9138,可可,14138,孙川凤姐,19138,快乐岛,24138,暂离,29138,洗护,34138,盐汽水,39138,芬达,44138,透支,49138,魔女传
4139,伤心欲绝,9139,可可西里,14139,孙常明,19139,快些,24139,暑假,29139,洗掉,34139,监制,39139,芭其乐,44139,透明,49139,魔幻
4140,伤悲,9140,可叹,14140,孙广军,19140,快件,24140,暑期,29140,洗洗,34140,监护,39140,芭团,44140,透析,49140,魔幻现实主义
4141,伤感,9141,可否,14141,孙彬,19141,快偷,24141,暖冬,29141,洗洗澡,34141,监护人,39141,芭比,44141,透气,49141,魔戒
4142,伤感情,9142,可喜可贺,14142,孙总有,19142,快刀,24142,暖和,29142,洗浴,34142,监护权,39142,芭比娃娃,44142,透着,49142,魔教
4143,伤泪,9143,可圈可点,14143,孙恒,19143,快到,24143,暖心,29143,洗浴城,34143,监控,39143,芭莎,44143,透视,49143,魔方
4144,伤疤,9144,可够,14144,孙恒海,19144,快去,24144,暖意,29144,洗涤,34144,监政铲,39144,芭莘,44144,透过,49144,魔术
4145,伤病,9145,可夫,14145,孙悟空,19145,快发,24145,暖暖的,29145,洗漱,34145,监测,39145,芭蕉,44145,透透气,49145,魔术师
4146,伤痕累累,9146,可山,14146,孙悦,19146,快回去,24146,暖气,29146,洗澡,34146,监测站,39146,芭蕾,44146,透露,49146,魔法
4147,伤痛,9147,可带,14147,孙慧慧,19147,快年,24147,暖水袋,29147,洗澡时,34147,监狱,39147,芭蕾舞,44147,透顶,49147,魔法师
4148,伤者,9148,可年,14148,孙振,19148,快快,24148,暖泉,29148,洗澡水,34148,监理,39148,芯儿,44148,透风,49148,魔王
4149,伤肺,9149,可得,14149,孙文,19149,快快乐乐,24149,暖洋洋,29149,洗牌,34149,监督,39149,芯茹芷,44149,逐一,49149,魔界
4150,伤胃,9150,可怕,14150,孙旭,19150,快意,24150,暖流,29150,洗牙,34150,监禁,39150,花丛,44150,逐个,49150,魔盒
4151,伤身,9151,可怜,14151,孙昌旭,19151,快感,24151,暖空,29151,洗白,34151,监管,39151,花仙,44151,逐利,49151,魔羯
4152,伤透,9152,可怜天下父母心,14152,孙春龙,19152,快成,24152,暖色,29152,洗碗,34152,监管部门,39152,花仙子,44152,逐流,49152,魔羯座
4153,伤风,9153,可恨,14153,孙晓洁,19153,快手,24153,暖萍,29153,洗碗机,34153,监视,39153,花儿,44153,逐色,49153,魔芋
4154,伦家,9154,可恶,14154,孙晔,19154,快抢,24154,暖阳,29154,洗礼,34154,盒儿,39154,花元,44154,递交,49154,魔道
4155,伦敦,9155,可悲,14155,孙晨,19155,快报,24155,暖风,29155,洗耳,34155,盒子,39155,花农,44155,递到,49155,魔镜
4156,伦理,9156,可惜,14156,孙权,19156,快捷,24156,暗号,29156,洗肺,34156,盒装,39156,花卉,44156,递来,49156,魔障
4157,伪娘,9157,可想,14157,孙杨,19157,快捷酒店,24157,暗合,29157,洗脑,34157,盒饭,39157,花博会,44157,递给,49157,魔鬼
4158,伪装,9158,可想而知,14158,孙杰,19158,快播,24158,暗器,29158,洗脚,34158,盔甲,39158,花博园,44158,递过来,49158,魔鬼身材
4159,伪装成,9159,可敬,14159,孙棘,19159,快断,24159,暗地,29159,洗脸,34159,盖世,39159,花卷,44159,递进,49159,鱼丸
4160,伪造,9160,可有可无,14160,孙楠,19160,快来,24160,暗夜,29160,洗菜,34160,盖个,39160,花叶,44160,递送,49160,鱼乐
4161,伯乐,9161,可欣,14161,孙武,19161,快板,24161,暗影,29161,洗衣,34161,盖住,39161,花名,44161,途中,49161,鱼介
4162,伯伯,9162,可歌可泣,14162,孙毓,19162,快步,24162,暗恋,29162,洗衣店,34162,盖头,39162,花呢,44162,途客,49162,鱼仔
4163,伯格,9163,可比,14163,孙汉生,19163,快死了,24163,暗暗,29163,洗衣服,34163,盖子,39163,花周,44163,途家,49163,鱼儿
4164,伯母,9164,可比性,14164,孙汗,19164,快没了,24164,暗杀,29164,洗衣机,34164,盖房子,39164,花和尚,44164,途径,49164,鱼刺
4165,伯爵,9165,可气,14165,孙浩,19165,快泪,24165,暗沉,29165,洗衣粉,34165,盖楼,39165,花哨,44165,途易,49165,鱼叉
4166,伯豪瑞廷,9166,可汗,14166,孙浩元,19166,快活,24166,暗涌,29166,洗车,34166,盖浇饭,39166,花团锦簇,44166,途牛,49166,鱼嘉
4167,估价,9167,可爱,14167,孙海峰,19167,快活林,24167,暗淡,29167,洗过,34167,盖章,39167,花园,44167,途秀,49167,鱼头
4168,估值,9168,可爱多,14168,孙海英,19168,快点,24168,暗爽,29168,洗过澡,34168,盖茨,39168,花园里,44168,途秀爱,49168,鱼子
4169,估摸,9169,可爱淘,14169,孙涛,19169,快点儿,24169,暗物质,29169,洗钱,34169,盖过,39169,花圈,44169,途秀达,49169,鱼子酱
4170,估算,9170,可爸,14170,孙源,19170,快生,24170,暗示,29170,洗面奶,34170,盖饭,39170,花坛,44170,途秀送,49170,鱼尾
4171,估计,9171,可用,14171,孙烨,19171,快睡吧,24171,暗藏,29171,洗颜,34171,盗取,39171,花城,44171,途经,49171,鱼尾纹
4172,伴侣,9172,可疑,14172,孙燕姿,19172,快线,24172,暗访,29172,洛丽塔,34172,盗号,39172,花好,44172,逗乐,49172,鱼市
4173,伴儿,9173,可真,14173,孙畅,19173,快给我,24173,暗部,29173,洛伊,34173,盗图,39173,花好月圆,44173,逗人,49173,鱼往
4174,伴奏,9174,可真会,14174,孙磊,19174,快艇,24174,暗面,29174,洛克,34174,盗墓,39174,花姐,44174,逗你玩,49174,鱼来
4175,伴娘,9175,可知,14175,孙立,19175,快讯,24175,暗香,29175,洛兵,34175,盗梦,39175,花姑娘,44175,逗号,49175,鱼民
4176,伴有,9176,可笑,14176,孙立人,19176,快车,24176,暗黄,29176,洛凝,34176,盗版,39176,花嫁,44176,逗哏,49176,鱼汤
4177,伴着,9177,可算,14177,孙红雷,19177,快轨,24177,暗黑,29177,洛可可,34177,盗用,39177,花子,44177,逗我,49177,鱼泪
4178,伴舞,9178,可素,14178,孙艺洲,19178,快转,24178,暧昧,29178,洛城,34178,盗盗,39178,花季,44178,逗死,49178,鱼点
4179,伴郎,9179,可美,14179,孙茜,19179,快递,24179,暨大,29179,洛塔,34179,盗窃,39179,花家,44179,逗留,49179,鱼片
4180,伴随,9180,可耐,14180,孙行者,19180,快递费,24180,暮光,29180,洛夫,34180,盗走,39180,花家怡园,44180,逗着,49180,鱼生
4181,伶牙,9181,可耐滴,14181,孙越,19181,快速,24181,暮色,29181,洛夫斯基,34181,盘丝洞,39181,花市,44181,逗趣,49181,鱼皮
4182,伸冤,9182,可耻,14182,孙跃,19182,快门,24182,暮雨,29182,洛布,34182,盘中,39182,花布,44182,逗逗,49182,鱼眼
4183,伸出,9183,可肿,14183,孙雪,19183,快餐,24183,暮雨街,29183,洛杉矶,34183,盘剥,39183,花店,44183,通了,49183,鱼竿
4184,伸出手,9184,可能性,14184,孙雪东,19184,快餐店,24184,暮雪,29184,洛桑,34184,盘口,39184,花开,44184,通俗易懂,49184,鱼类
4185,伸展,9185,可苦,14185,孙静,19185,快马加鞭,24185,暴了,29185,洛水,34185,盘古,39185,花开花落,44185,通信,49185,鱼籽
4186,伸手,9186,可行,14186,孜孜,19186,念书,24186,暴光,29186,洛洛,34186,盘子,39186,花式,44186,通关,49186,鱼线
4187,伸进,9187,可行性,14187,孜孜不倦,19187,念佛,24187,暴利,29187,洛神,34187,盘山,39187,花影,44187,通卡,49187,鱼缸
4188,伺候,9188,可要,14188,孜然,19188,念叨,24188,暴利行业,29188,洛里亚,34188,盘山路,39188,花得,44188,通县,49188,鱼网
4189,伺机,9189,可解,14189,孝女,19189,念咒,24189,暴力,29189,洛阳,34189,盘旋,39189,花心,44189,通吃,49189,鱼群
4190,似忠,9190,可言,14190,孝子,19190,念头,24190,暴力行为,29190,洛阳城,34190,盘点,39190,花房,44190,通告,49190,鱼翅
4191,似曾相识,9191,可语,14191,孝心,19191,念念,24191,暴发户,29191,洛阳市,34191,盘石,39191,花掉,44191,通嘻嘻,49191,鱼肉
4192,似水,9192,可谓,14192,孝感,19192,念念不忘,24192,暴堵,29192,洞天,34192,盘算着,39192,花旗,44192,通天,49192,鱼肚
4193,似水年,9193,可贵,14193,孝敬,19193,念想,24193,暴宠,29193,洞家,34193,盘踞,39193,花旦,44193,通媛媛,49193,鱼肝油
4194,似火,9194,可遇,14194,孝敬老人,19194,念经,24194,暴富,29194,洞察力,34194,盘里,39194,花期,44194,通宵,49194,鱼肠
4195,但愿人长久,9195,可长,14195,孝而亲,19195,念错,24195,暴强,29195,洞庭,34195,盘问,39195,花木,44195,通州,49195,鱼苗
4196,但斌,9196,可霄,14196,孝顺,19196,忽冷忽热,24196,暴徒,29196,洞房,34196,盘龙,39196,花木兰,44196,通州区,49196,鱼菲
4197,但此,9197,可靠,14197,孟买,19197,忽悠,24197,暴怒,29197,洞洞,34197,盛世,39197,花朵,44197,通往,49197,鱼落
4198,但求,9198,可靠消息,14198,孟京辉,19198,忽悠忽悠,24198,暴戾,29198,津南,34198,盛事,39198,花果山,44198,通心粉,49198,鱼虫
4199,位于,9199,台上,14199,孟亭,19199,忽略,24199,暴打,29199,津城,34199,盛产,39199,花枝,44199,通惠河,49199,鱼虾
4200,位列,9200,台下,14200,孟令,19200,忽而,24200,暴政,29200,津巴布韦,34200,盛京,39200,花枝招展,44200,通想,49200,鱼蛋
4201,位子,9201,台东,14201,孟加拉,19201,忽视,24201,暴晒,29201,津津,34201,盛付,39201,花树,44201,通报,49201,鱼衰
4202,位居,9202,台人,14202,孟召重,19202,怀上,24202,暴暴,29202,津津有味,34202,盛会,39202,花样,44202,通气,49202,鱼跃
4203,位数,9203,台儿庄,14203,孟婆汤,19203,怀中,24203,暴殄天物,29203,津渡,34203,盛伟,39203,花样年华,44203,通江,49203,鱼际
4204,位置,9204,台前,14204,孟子,19204,怀北,24204,暴毙,29204,津门,34204,盛传,39204,花椒,44204,通灵,49204,鱼雷
4205,低下,9205,台前幕后,14205,孟孟,19205,怀古,24205,暴民,29205,洪亮,34205,盛典,39205,花泪,44205,通爸,49205,鱼食
4206,低于,9206,台北,14206,孟家,19206,怀哲,24206,暴涨,29206,洪兄,34206,盛况,39206,花海,44206,通用,49206,鱼饵
4207,低价,9207,台北市,14207,孟庆德,19207,怀孕,24207,暴狗,29207,洪剑涛,34207,盛博,39207,花湖,44207,通电话,49207,鱼香肉丝
4208,低伤,9208,台南,14208,孟庆明,19208,怀存,24208,暴脾气,29208,洪叶,34208,盛博嘉佳,39208,花漾,44208,通畅,49208,鱼骨
4209,低估,9209,台历,14209,孟晖,19209,怀安,24209,暴行,29209,洪启,34209,盛博熊丽,39209,花灯,44209,通病,49209,鱼骨头
4210,低俗,9210,台大,14210,孟波,19210,怀念,24210,暴表,29210,洪山,34210,盛博看,39210,花爱,44210,通知,49210,鱼鱼
4211,低分,9211,台妹,14211,孟洪涛,19211,怀恋,24211,暴走,29211,洪峰,34211,盛名,39211,花牛,44211,通知书,49211,鱼鹰
4212,低头,9212,台安,14212,孟浩然,19212,怀抱,24212,暴跌,29212,洪广玉,34212,盛夏,39212,花猫,44212,通票,49212,鱼龙混杂
4213,低档,9213,台客,14213,孟然,19213,怀揣,24213,暴躁,29213,洪怀懋,34213,盛大,39213,花王,44213,通稿,49213,鱿鱼
4214,低泪,9214,台山,14214,孟瑶,19214,怀旧,24214,暴雨,29214,洪星,34214,盛宴,39214,花瓜,44214,通红,49214,鱿鱼丝
4215,低温,9215,台州,14215,孟禄,19215,怀春,24215,暴雨如注,29215,洪晃,34215,盛开,39215,花瓣,44215,通约,49215,鲁京晋
4216,低炭,9216,台币,14216,孟陌,19216,怀有,24216,暴雪,29216,洪晃泪,34216,盛情,39216,花瓶,44216,通维景,49216,鲁商
4217,低烧,9217,台式,14217,孟静,19217,怀柔,24217,暴露,29217,洪森,34217,盛情款待,39217,花生,44217,通缉,49217,鲁国
4218,低碳,9218,台式机,14218,孟非,19218,怀柔区,24218,暴露无遗,29218,洪武,34218,盛放,39218,花生油,44218,通缉令,49218,鲁妈
4219,低端,9219,台游,14219,季军,19219,怀疑,24219,暴风,29219,洪毅,34219,盛林,39219,花生米,44219,通胀,49219,鲁振旺
4220,低级,9220,台湾,14220,季季,19220,怀着,24220,暴风雨,29220,洪毅世,34220,盛泽,39220,花生酱,44220,通航,49220,鲁时
4221,低至,9221,台湾人,14221,季度,19221,怀胎,24221,暴风雪,29221,洪水,34221,盛筵,39221,花甲,44221,通行,49221,鲁智深
4222,低落,9222,台湾同胞,14222,季微,19222,怀里,24222,暴食,29222,洪水猛兽,34222,盛菜,39222,花痴,44222,通行证,49222,鲁朗
4223,低血糖,9223,台灯,14223,季播,19223,态势,24223,暴饮暴食,29223,洪江,34223,盛行,39223,花白,44223,通讯,49223,鲁朵
4224,低语,9224,台球,14224,季昭艺彩,19224,态度,24224,暹粒,29224,洪波,34224,盛装,39224,花盆,44224,通讯录,49224,鲁盾
4225,低调,9225,台网,14225,季来,19225,怂恿,24225,暹罗,29225,洪涛,34225,盛辉,39225,花盆里,44225,通讯社,49225,鲁能
4226,低谷,9226,台词,14226,季洋,19226,怂货,24226,曙光,29226,洪源,34226,盛邀,39226,花盒,44226,通话,49226,鲁菜
4227,低迷,9227,台谢,14227,季然,19227,怎么回事,24227,曝光,29227,洪璐,34227,盟主,39227,花眼,44227,通货膨胀,49227,鲁藏布
4228,低飞,9228,台里,14228,季节,19228,怎么弄,24228,曝光率,29228,洪荒,34228,目不转睛,39228,花神,44228,通车,49228,鲁讯
4229,住在一起,9229,台长,14229,季风,19229,怎么着,24229,曝房姐,29229,洪连伟,34229,目光,39229,花篮,44229,通透,49229,鲁豫
4230,住处,9230,台阶,14230,孤傲,19230,怎会,24230,曲协,29230,洪顺,34230,目击,39230,花粉,44230,通通,49230,鲁豫有约
4231,住宅,9231,台风,14231,孤儿,19231,怎办,24231,曲大猫,29231,洱海,34231,目击者,39231,花絮,44231,通道,49231,鲁迅
4232,住宅区,9232,史上,14232,孤儿院,19232,怎可,24232,曲奇,29232,洲际,34232,目则,39232,花红,44232,通风,49232,鲅鱼
4233,住客,9233,史书,14233,孤单,19233,怎敢,24233,曲婉婷,29233,活下去,34233,目前为止,39233,花纹,44233,通高,49233,鲈鱼
4234,住宿,9234,史俊,14234,孤家,19234,怎样才能,24234,曲子,29234,活不下去,34234,目家,39234,花美男,44234,通麦,49234,鲍东奇
4235,住店,9235,史前,14235,孤家寡人,19235,怎看,24235,曲宁,29235,活不了,34235,目录,39235,花色,44235,逛一逛,49235,鲍什
4236,住户,9236,史努比,14236,孤寂,19236,怎知,24236,曲径,29236,活不起,34236,目标,39236,花艺,44236,逛下,49236,鲍奕
4237,住房,9237,史学,14237,孤岛,19237,怎能,24237,曲径通幽,29237,活人,34237,目测,39237,花花,44237,逛商场,49237,鲍比
4238,住所,9238,史强,14238,孤往,19238,怎能不,24238,曲折,29238,活体,34238,目的,39238,花花世界,44238,逛得,49238,鲍永在
4239,住手,9239,史无前例,14239,孤烟,19239,怒乔,24239,曲日晶,29239,活佛,34239,目的地,39239,花花草草,44239,逛累,49239,鲍汁
4240,住院,9240,史永锋,14240,孤独,19240,怒于,24240,曲晶,29240,活儿,34240,目的性,39240,花苞,44240,逛街,49240,鲍洪升
4241,佐料,9241,史清元,14241,孤独寂寞,19241,怒人肉,24241,曲曲,29241,活到,34241,目目,39241,花茶,44241,逛过,49241,鲍艺芳
4242,佐藤,9242,史玉柱,14242,孤独症,19242,怒何,24242,曲木,29242,活力,34242,目睹,39242,花草,44242,逛逛,49242,鲍艾乐
4243,佐餐,9243,史航,14243,孤狼,19243,怒冰,24243,曲江,29243,活动,34243,目瞪口呆,39243,花荣,44243,逝世,49243,鲍芳
4244,体会,9244,史记,14244,孤胆,19244,怒别,24244,曲目,29244,活动中心,34244,目送,39244,花莲,44244,逝去,49244,鲍芹
4245,体内,9245,史诗,14245,孤舟,19245,怒史,24245,曲线,29245,活动室,34245,盯上,39245,花菇,44245,逝者,49245,鲍荣君
4246,体制,9246,史迪仔,14246,孤苦伶仃,19246,怒吼,24246,曲终人散,29246,活受罪,34246,盱眙,39246,花菜,44246,逝者如斯,49246,鲍鱼
4247,体制改革,9247,右上,14247,孤贫,19247,怒大,24247,曲艺,29247,活在,34247,盲人,39247,花落,44247,逞强,49247,鲑鱼
4248,体力,9248,右上角,14248,孤身一人,19248,怒好,24248,曲艺团,29248,活地图,34248,盲品,39248,花落谁家,44248,逞能,49248,鲜味
4249,体力不支,9249,右下角,14249,孤陋寡闻,19249,怒张,24249,曲艺家,29249,活埋,34249,盲流,39249,花蕾,44249,速写,49249,鲜奶
4250,体力活,9250,右侧,14250,孤魂,19250,怒弱,24250,曲调,29250,活好,34250,盲点,39250,花虫,44250,速冻,49250,鲜嫩
4251,体味,9251,右右,14251,孤魂野鬼,19251,怒心,24251,曲阜,29251,活宝,34251,盲症,39251,花袭,44251,速干,49251,鲜明
4252,体坛,9252,右手,14252,孤鹜,19252,怒怒,24252,曲靖,29252,活得,34252,盲目,39252,花见,44252,速度,49252,鲜明对比
4253,体型,9253,右白,14253,学不来,19253,怒放,24253,曲靖市,29253,活性,34253,盲盲,39253,花语,44253,速度慢,49253,鲜果
4254,体外,9254,右眼,14254,学业,19254,怒斥,24254,曲风,29254,活成,34254,直冒,39254,花费,44254,速必课,49254,鲜榨
4255,体形,9255,右翼,14255,学个,19255,怒新,24255,曲飞,29255,活捉,34255,直减,39255,花边,44255,速成,49255,鲜汤
4256,体恤,9256,右耳,14256,学习,19256,怒晕,24256,更上一层楼,29256,活水,34256,直击,39256,花都,44256,速来,49256,鲜活
4257,体操,9257,右脑,14257,学习班,19257,怒有,24257,更会,29257,活法,34257,直到现在,39257,花酒,44257,速溶,49257,鲜牛奶
4258,体格,9258,右腿,14258,学了,19258,怒段,24258,更何况,29258,活泼,34258,直勾勾,39258,花钱,44258,速率,49258,鲜甜
4259,体检,9259,右转,14259,学会,19259,怒求,24259,更佳,29259,活泼可爱,34259,直升机,39259,花钱买,44259,速生,49259,鲜红
4260,体温,9260,右边,14260,学伟,19260,怒汗,24260,更具,29260,活活,34260,直升飞机,39260,花销,44260,速转,49260,鲜美
4261,体现,9261,叶一茜,14261,学做,19261,怒江,24261,更别,29261,活海,34261,直发,39261,花间,44261,速递,49261,鲜肉
4262,体积,9262,叶儿,14262,学兵,19262,怒泪,24262,更劲,29262,活火山,34262,直呼,39262,花雕,44262,速速,49262,鲜艳
4263,体系,9263,叶军,14263,学到,19263,怒火,24263,更博,29263,活灵活现,34263,直奔,39263,花雨,44263,造假,49263,鲜芋
4264,体育,9264,叶匡政,14264,学区,19264,怒爱,24264,更名,29264,活猪,34264,直径,39264,花露,44264,造势,49264,鲜花
4265,体育中心,9265,叶匡政泪,14265,学医,19265,怒王,24265,更坑,29265,活生生,34265,直想,39265,花露水,44265,造化,49265,鲜花蛋糕
4266,体育场,9266,叶叶叶,14266,学历,19266,怒田,24266,更多,29266,活着,34266,直抒胸臆,39266,花静开,44266,造反,49266,鲜虾
4267,体育老师,9267,叶大勇,14267,学厨,19267,怒程,24267,更多人,29267,活脱脱,34267,直抵,39267,花面,44267,造句,49267,鲜血
4268,体育课,9268,叶子,14268,学友,19268,怒米瑞蓉,24268,更多更好,29268,活色生香,34268,直拍,39268,花香,44268,造型,49268,鲜辣
4269,体育锻炼,9269,叶开,14269,学名,19269,怒衰,24269,更大,29269,活菌,34269,直挂,39269,花骨朵,44269,造型师,49269,鲜闻
4270,体育馆,9270,叶新,14270,学吐槽,19270,怒赞,24270,更夫,29270,活蟹,34270,直指,39270,花魁,44270,造孽,49270,鲜香
4271,体谅,9271,叶氏,14271,学员,19271,怒转,24271,更好,29271,活该,34271,直排,39271,花鸟,44271,造就,49271,鲜鱼
4272,体质,9272,叶沁,14272,学坏,19272,怒酷,24272,更少,29272,活跃,34272,直播,39272,芳华,44272,造梦,49272,鲜鲜
4273,体贴,9273,叶瑞慈,14273,学堂,19273,怒钱,24273,更帅,29273,活跃度,34273,直播室,39273,芳心,44273,造福,49273,鲢鱼
4274,体重,9274,叶菜,14274,学士,19274,怒马,24274,更年期,29274,活路,34274,直播间,39274,芳芳,44274,造血,49274,鲤城区
4275,体长,9275,叶落,14275,学好,19275,怒骂,24275,更强,29275,活蹦乱跳,34275,直来直往,39275,芳草,44275,造访,49275,鲤鱼
4276,体面,9276,叶谦,14276,学妹,19276,怒龙,24276,更待何时,29276,活过来,34276,直流,39276,芳草地,44276,造诣,49276,鲥鱼
4277,体验,9277,叶问,14277,学姐,19277,怕不怕,24277,更快,29277,活雷锋,34277,直爽,39277,芳菲,44277,造谣,49277,鲨鱼
4278,何不,9278,叶飞,14278,学子,19278,怕人,24278,更悲,29278,活鱼,34278,直白,39278,芳香,44278,逢年过节,49278,鲫鱼
4279,何为,9279,号召,14279,学学,19279,怕冷,24279,更惨,29279,洽洽,34279,直立,39279,芸芸,44279,逮个,49279,鲲鲲
4280,何以堪,9280,号召力,14280,学府,19280,怕只怕,24280,更想,29280,洽谈,34280,直系亲属,39280,芹菜,44280,逮住,49280,鲲鹏
4281,何兄,9281,号店,14281,学弟,19281,怕怕,24281,更换,29281,派上用场,34281,直线,39281,芽庄,44281,逮到,49281,鲲鹏展翅
4282,何光伟,9282,号楼,14282,学徒,19282,怕死,24282,更改,29282,派克,34282,直至,39282,苇子,44282,逮捕,49282,鲳鱼
4283,何兵,9283,号牌,14283,学得,19283,怕水,24283,更新,29283,派出,34283,直航,39283,苋菜,44283,逮着,49283,鲶鱼
4284,何其,9284,号码,14284,学成,19284,怕热,24284,更是,29284,派出所,34284,直营,39284,苍井,44284,逯夷,49284,鲸鱼
4285,何刚,9285,号称,14285,学文,19285,怕疼,24285,更显,29285,派发,34285,直营店,39285,苍井空,44285,逸仙,49285,鳄鱼
4286,何勇,9286,号线,14286,学无止境,19286,怕麻烦,24286,更替,29286,派大星,34286,直行,39286,苍凉,44286,逸品,49286,鳕鱼
4287,何同,9287,号角,14287,学期,19287,怜悯,24287,更有意义,29287,派头,34287,直观,39287,苍天,44287,逸林,49287,鳗鱼
4288,何在,9288,司令,14288,学术,19288,怜爱,24288,更有甚者,29288,派对,34288,直视,39288,苍山,44288,逻辑,49288,鳜鱼
4289,何太急,9289,司令部,14289,学林,19289,怜香惜玉,24289,更棒,29289,派悦坊,34289,直觉,39289,苍狼,44289,逻辑思维,49289,鳝鱼
4290,何奔,9290,司仪,14290,学校,19290,思乡,24290,更正,29290,派来,34290,直言,39290,苍白无力,44290,逼人,49290,鸟事
4291,何安下,9291,司徒,14291,学武,19291,思佳,24291,更深,29291,派能,34291,直说,39291,苍穹,44291,逼出来,49291,鸟人
4292,何小,9292,司机,14292,学法语,19292,思宇,24292,更爱,29292,派送,34292,直辖市,39292,苍老,44292,逼姐,49292,鸟儿
4293,何巧玲,9293,司法,14293,学渣,19293,思密达,24293,更爽,29293,派遣,34293,直达,39293,苍苍,44293,逼婚,49293,鸟叔
4294,何巨,9294,司空见惯,14294,学点,19294,思念,24294,更狠,29294,流下,34294,直通,39294,苍茫,44294,逼得,49294,鸟哥
4295,何平,9295,司钙,14295,学理,19295,思思,24295,更糟,29295,流下来,34295,直通车,39295,苍茫大地,44295,逼急,49295,鸟大
4296,何年何月,9296,司马,14296,学琴,19296,思想,24296,更累,29296,流云,34296,直逼,39296,苍蝇,44296,逼成,49296,鸟巢
4297,何弃疗,9297,司马南,14297,学生,19297,思想史,24297,更美,29297,流产,34297,直面,39297,苏三,44297,逼样,49297,鸟市
4298,何念,9298,叹为观止,14298,学生会,19298,思想家,24298,更胜一筹,29298,流传,34298,直面人生,39298,苏丹,44298,逼死,49298,鸟怒
4299,何慕,9299,叹息,14299,学生证,19299,思想者,24299,更能,29299,流光,34299,直飞,39299,苏伟泪,44299,逼泪,49299,鸟晕
4300,何方,9300,叹气,14300,学着,19300,思无邪,24300,更萌,29300,流光溢彩,34300,相二,39300,苏哥,44300,逼真,49300,鸟泪
4301,何方神圣,9301,叽叽,14301,学着点,19301,思明,24301,更衣,29301,流入,34301,相二入,39301,苏大排,44301,逼良为娼,49301,鸟泪泪
4302,何时休,9302,叽叽喳喳,14302,学社,19302,思春,24302,更衣室,29302,流出,34302,相互,39302,苏子,44302,逼近,49302,鸟渔唱
4303,何时能,9303,叽哩咕噜,14303,学科,19303,思源,24303,更要,29303,流利,34303,相互理解,39303,苏宁,44303,逼迫,49303,鸟瞰
4304,何来,9304,吃一堑长一智,14304,学者,19304,思理,24304,更让人,29304,流动,34304,相交,39304,苏小,44304,逾期,49304,鸟窝
4305,何森,9305,吃不上,14305,学而优,19305,思索,24305,更象,29305,流动性,34305,相亮,39305,苏小里,44305,遇一,49305,鸟类
4306,何毅,9306,吃不下,14306,学良,19306,思绪,24306,更赞,29306,流口水,34306,相亲,39306,苏岩,44306,遇上,49306,鸟蛋
4307,何氏,9307,吃不完,14307,学苑,19307,思维,24307,更近,29307,流向,34307,相亲会,39307,苏州,44307,遇事,49307,鸟衰
4308,何求,9308,吃不得,14308,学虎,19308,思考,24308,更酷,29308,流失,34308,相亲相爱,39308,苏州市,44308,遇到困难,49308,鸟语
4309,何江涛,9309,吃不消,14309,学识,19309,思考问题,24309,更重,29309,流奔,34309,相会,39309,苏扁,44309,遇害,49309,鸟酷
4310,何洁,9310,吃不胖,14310,学说,19310,思路,24310,更长,29310,流川枫,34310,相传,39310,苏打,44310,遇着,49310,鸟鸟
4311,何润东,9311,吃不起,14311,学费,19311,思达,24311,更难,29311,流年,34311,相伴,39311,苏打水,44311,遇见,49311,鸡丁
4312,何炅,9312,吃不饱,14312,学车,19312,思量,24312,更高,29312,流年不利,34312,相依,39312,苏拉,44312,遇难,49312,鸡丝
4313,何炅何,9313,吃个,14313,学过,19313,思飞,24313,曹丕,29313,流弊,34313,相依为命,39313,苏摩,44313,遇难者,49313,鸡们
4314,何物,9314,吃串,14314,学长,19314,怡亨,24314,曹世如,29314,流感,34314,相像,39314,苏有朋,44314,遍体鳞伤,49314,鸡公
4315,何琪,9315,吃了饭,14315,学问,19315,怡人,24315,曹云金,29315,流星,34315,相克,39315,苏杭,44315,遍地,49315,鸡冠
4316,何瑾,9316,吃亏,14316,学院,19316,怡口,24316,曹伟,29316,流星花园,34316,相公,39316,苏格兰,44316,遍寻,49316,鸡冻
4317,何用,9317,吃些,14317,学院派,19317,怡宁怡宁,24317,曹传虎,29317,流星雨,34317,相关,39317,苏格拉底,44317,遍布,49317,鸡叫
4318,何盈,9318,吃住行,14318,学雷锋,19318,怡宝,24318,曹作兰,29318,流氓,34318,相册,39318,苏梅岛,44318,遍野,49318,鸡块
4319,何种,9319,吃光,14319,学霸,19319,怡情,24319,曹卫宇,29319,流氓兔,34319,相助,39319,苏泊尔,44319,遏制,49319,鸡头
4320,何等,9320,吃剩,14320,学馆,19320,怡然,24320,曹国伟,29320,流氓行为,34320,相去甚远,39320,苏浙,44320,遐想,49320,鸡头米
4321,何红,9321,吃力,14321,孩儿,19321,怡然自乐,24321,曹大,29321,流水,34321,相声,39321,苏湘迅,44321,道义,49321,鸡子
4322,何色儿,9322,吃口,14322,孩子气,19322,急事,24322,曹寇,29322,流水线,34322,相声小品,39322,苏珊,44322,道人,49322,鸡尾酒
4323,何葆国,9323,吃吃喝喝,14323,孩子王,19323,急于,24323,曹小,29323,流汗,34323,相声界,39323,苏禹烈,44323,道光,49323,鸡屁股
4324,何解,9324,吃喝,14324,孩童,19324,急促,24324,曹巍,29324,流沙,34324,相处,39324,苏红,44324,道具,49324,鸡巴
4325,何言,9325,吃喝嫖赌,14325,孩纸,19325,急刹车,24325,曹建利,29325,流油,34325,相天馨,39325,苏联,44325,道别,49325,鸡排
4326,何谈,9326,吃喝拉撒,14326,孩纸们,19326,急得,24326,曹志坚,29326,流泪,34326,相太,39326,苏苏,44326,道口,49326,鸡杂
4327,何超,9327,吃喝玩乐,14327,孰不可忍,19327,急忙,24327,曹操,29327,流派,34327,相好,39327,苏菲,44327,道听途说,49327,鸡架
4328,何韵诗,9328,吃块,14328,孵化器,19328,急急,24328,曹方,29328,流浪,34328,相守,39328,苏西,44328,道喜,49328,鸡柚皮
4329,余万,9329,吃奶,14329,孺子,19329,急急忙忙,24329,曹是,29329,流浪人,34329,相安无事,39329,苏豪,44329,道场,49329,鸡毛
4330,余下,9330,吃完饭,14330,孽障,19330,急性,24330,曹杨路,29330,流浪汉,34330,相宜,39330,苏醒,44330,道士,49330,鸡毛蒜皮
4331,余地,9331,吃客,14331,宁俊,19331,急性子,24331,曹林,29331,流浪狗,34331,相差,39331,苏雨,44331,道家,49331,鸡汁
4332,余姚,9332,吃宵夜,14332,宁可信其有,19332,急成,24332,曹格,29332,流浪者,34332,相差无几,39332,苏雨农,44332,道德,49332,鸡汤
4333,余家,9333,吃屎,14333,宁哥,19333,急救,24333,曹涤非,29333,流浪记,34333,相当于,39333,苏霏,44333,道德经,49333,鸡泪
4334,余少群,9334,吃得下,14334,宁夏,19334,急死,24334,曹煦,29334,流涕,34334,相待,39334,苑菲,44334,道德观,49334,鸡爪
4335,余岁,9335,吃得开,14335,宁嫔,19335,急死了,24335,曹芙嘉,29335,流淌,34335,相得益彰,39335,苗儿,44335,道教,49335,鸡皮
4336,余年,9336,吃得起,14336,宁宁,19336,急泪,24336,曹菡,29336,流火,34336,相忘,39336,苗同伟,44336,道歉,49336,鸡皮疙瘩
4337,余思,9337,吃惊,14337,宁思,19337,急眼,24337,曹进,29337,流畅,34337,相思,39337,苗子,44337,道理,49337,鸡窝
4338,余文,9338,吃慧,14338,宁杰,19338,急诊,24338,曹阳,29338,流眼泪,34338,相思苦,39338,苗家,44338,道菜,49338,鸡粉
4339,余晖,9339,吃成,14339,宁波,19339,急诊科,24339,曹雨田,29339,流着,34339,相恋,39339,苗寨,44339,道行,49339,鸡精
4340,余杭,9340,吃掉,14340,宁波人,19340,急转,24340,曹雪芹,29340,流着泪,34340,相惜,39340,苗小慧,44340,道谢,49340,鸡翅
4341,余梅胜,9341,吃斋,14341,宁洋,19341,急转弯,24341,曼哈顿,29341,流程,34341,相投,39341,苗方,44341,道貌岸然,49341,鸡翅膀
4342,余生,9342,吃晚饭,14342,宁浩,19342,急速,24342,曼城,29342,流苏,34342,相拥,39342,苗族,44342,道路,49342,鸡肉
4343,余翔,9343,吃桑窝,14343,宁海,19343,急需,24343,曼妙,29343,流落,34343,相撞,39343,苗条,44343,道长,49343,鸡肉饭
4344,余耕,9344,吃水,14344,宁谧,19344,性价比,24344,曼尘,29344,流血,34344,相望,39344,苗炜,44344,遗书,49344,鸡能
4345,余胜海,9345,吃水果,14345,宁财女,19345,性侵,24345,曼彻斯特,29345,流行,34345,相期,39345,苗苗,44345,遗产,49345,鸡脚
4346,余英,9346,吃法,14346,宁财神,19346,性关系,24346,曼德勒,29346,流行色,34346,相机,39346,苗颖,44346,遗产地,49346,鸡腿
4347,余辉,9347,吃泪,14347,宁远,19347,性别,24347,曼曼,29347,流行语,34347,相机包,39347,苛刻,44347,遗传,49347,鸡腿肉
4348,余震,9348,吃海鲜,14348,宁锡明,19348,性别歧视,24348,曼海姆,29348,流行音乐,34348,相框,39348,苜蓿,44348,遗体,49348,鸡蛋
4349,余音,9349,吃滴,14349,宁静,19349,性取向,24349,曼联,29349,流言,34349,相比,39349,苞米,44349,遗嘱,49349,鸡蛋羹
4350,余音绕梁,9350,吃火锅,14350,宁静致远,19350,性命,24350,曼诺琳,29350,流转,34350,相比之下,39350,苟且,44350,遗址,49350,鸡蛋花
4351,余额,9351,吃点,14351,宁馨,19351,性子,24351,曼谷,29351,流过,34351,相濡以沫,39351,若孟,44351,遗失,49351,鸡蛋黄
4352,余香,9352,吃独食,14352,它会,19352,性情,24352,曼达,29352,流连,34352,相爱,39352,若干,44352,遗弃,49352,鸡血
4353,佚名,9353,吃生,14353,它家,19353,性情中人,24353,曼迪潇,29353,流连忘返,34353,相片,39353,若干年,44353,遗忘,49353,鸡贼
4354,佛像,9354,吃糖,14354,它泪,19354,性感,24354,曼陀罗,29354,流通,34354,相由心,39354,若无其事,44354,遗憾,49354,鸡足山
4355,佛光,9355,吃素,14355,宅人,19355,性格,24355,曾以,29355,流逝,34355,相看,39355,若曦,44355,遗漏,49355,鸡饭
4356,佛塔,9356,吃翔,14356,宅女,19356,性爱,24356,曾几何时,29356,流量,34356,相知,39356,若有,44356,遗照,49356,鸡鸡
4357,佛山,9357,吃苦,14357,宅子,19357,性生活,24357,曾哥,29357,流露,34357,相符,39357,若有若无,44357,遗物,49357,鸡鸣
4358,佛心,9358,吃荤,14358,宅小硕,19358,性福,24358,曾培,29358,流面,34358,相素,39358,若水,44358,遗留,49358,鸡鸣寺
4359,佛手,9359,吃药,14359,宅急送,19359,性能,24359,曾妮,29359,流鼻涕,34359,相约,39359,若离,44359,遗言,49359,鸡鸭
4360,佛教,9360,吃螃蟹,14360,宅腐,19360,性质,24360,曾小贤,29360,流鼻血,34360,相纸,39360,若能,44360,遗迹,49360,鸢尾
4361,佛法,9361,吃请,14361,宇华,19361,怨念,24361,曾庆会,29361,浅井,34361,相结合,39361,若隐若现,44361,遗风,49361,鸢尾花
4362,佛爷,9362,吃豆腐,14362,宇宙,19362,怨恨,24362,曾捷,29362,浅影,34362,相继,39362,若鱼,44362,遛弯,49362,鸣不平
4363,佛牌,9363,吃货,14363,宇文,19363,怨气,24363,曾旭,29363,浅显,34363,相聚,39363,苦不堪言,44363,遛弯儿,49363,鸣乐
4364,佛珠,9364,吃过饭,14364,宇翔,19364,怪人,24364,曾松,29364,浅水,34364,相见,39364,苦中作乐,44364,遛狗,49364,鸣乐汇
4365,佛祖,9365,吃遍,14365,宇航,19365,怪兽,24365,曾水良,29365,浅浅,34365,相见恨晚,39365,苦乐,44365,遥不可及,49365,鸣人
4366,佛经,9366,吃酒,14366,宇航员,19366,怪力,24366,曾焕光,29366,浅笑,34366,相视,39366,苦于,44366,遥想,49366,鸣洋
4367,佛罗伦萨,9367,吃醋,14367,宇飞,19367,怪力乱神,24367,曾焱,29367,浅草,34367,相认,39367,苦力,44367,遥指,49367,鸣洋泽洋
4368,佛跳墙,9368,吃零食,14368,守住,19368,怪味,24368,曾焱冰,29368,浅蓝,34368,相识,39368,苦命,44368,遥控,49368,鸣笛
4369,作业,9369,吃面,14369,守信,19369,怪圈,24369,曾用名,29369,浅见,34369,相谈甚欢,39369,苦哈哈,44369,遥控器,49369,鸣谢
4370,作业本,9370,吃顿,14370,守候,19370,怪奇,24370,曾贤儒,29370,浅谈,34370,相貌,39370,苦心,44370,遥望,49370,鸦片
4371,作主,9371,吃食,14371,守卫,19371,怪异,24371,曾阿牛,29371,浆糊,34371,相赠,39371,苦恼,44371,遥祝,49371,鸭五
4372,作何,9372,吃饭,14372,守夜,19372,怪怪,24372,曾鸣,29372,浇上,34372,相连,39372,苦情,44372,遥远,49372,鸭券
4373,作假,9373,吃饭时间,14373,守得,19373,怪怪的,24373,曾鹏,29373,浇水,34373,相送,39373,苦泪,44373,遥遥,49373,鸭叔
4374,作兴,9374,吃饱,14374,守戒,19374,怪杰,24374,曾鹏宇,29374,浇灭,34374,相逢,39374,苦涩,44374,遥遥无期,49374,鸭哥
4375,作出,9375,吃饱喝足,14375,守护,19375,怪物,24375,替人,29375,浇花,34375,相遇,39375,苦瓜,44375,遥遥领先,49375,鸭头
4376,作协,9376,吃饺子,14376,守护神,19376,怪病,24376,替代品,29376,浇透,34376,相间,39376,苦短,44376,遨游,49376,鸭子
4377,作品,9377,吃香,14377,守护者,19377,怪癖,24377,替天行道,29377,测测,34377,相随,39377,苦笋,44377,遭人,49377,鸭掌
4378,作图,9378,各位朋友,14378,守望,19378,怪诞,24378,替换,29378,测绘,34378,相隔,39378,苦笑,44378,遭受,49378,鸭梨
4379,作坊,9379,各具特色,14379,守望者,19379,怯弱,24379,替补,29379,测评,34379,盼头,39379,苦练,44379,遭天,49379,鸭汤
4380,作孽,9380,各国,14380,守株待兔,19380,总书记,24380,替身,29380,测试,34380,盼望,39380,苦练内功,44380,遭报应,49380,鸭肉
4381,作客,9381,各处,14381,守法,19381,总以为,24381,最丑,29381,测试版,34381,盼望着,39381,苦苦,44381,遭来,49381,鸭肠
4382,作家,9382,各大,14382,守着,19382,总价,24382,最世,29382,测速器,34382,盼来,39382,苦行,44382,遭此,49382,鸭脖子
4383,作家出版社,9383,各家,14383,守规矩,19383,总会,24383,最为,29383,测量,34383,省事,39383,苦闷,44383,遭殃,49383,鸭腿饭
4384,作对,9384,各庄,14384,守门员,19384,总体,24384,最久,29384,济公,34384,省份,39384,苦难,44384,遭罪,49384,鸭舌
4385,作废,9385,各店,14385,安七炫,19385,总公司,24385,最乖,29385,济南,34385,省会,39385,英伦,44385,遭遇,49385,鸭蛋
4386,作弊,9386,各异,14386,安上,19386,总共,24386,最亮,29386,济南市,34386,省内,39386,英俊,44386,遮住,49386,鸭血
4387,作息,9387,各式各样,14387,安东,19387,总冠军,24387,最亲,29387,济宁,34387,省力,39387,英剧,44387,遮光,49387,鸳鸯
4388,作息时间,9388,各方,14388,安东尼,19388,总决赛,24388,最令,29388,济州,34388,省去,39388,英勇,44388,遮天,49388,鸵鸟
4389,作恶,9389,各有,14389,安义,19389,总动员,24389,最会,29389,济州岛,34389,省吃俭用,39389,英华,44389,遮挡,49389,鸵鸟蛋
4390,作战,9390,各有千秋,14390,安之若素,19390,总医院,24390,最低,29390,浏览,34390,省城,39390,英国,44390,遮掩,49390,鸸鹋
4391,作文,9391,各有所爱,14391,安乐,19391,总厨,24391,最低价,29391,浏览器,34391,省外,39391,英国人,44391,遮盖,49391,鸽哨
4392,作文题,9392,各有特色,14392,安以轩,19392,总台,24392,最低气温,29392,浏览量,34392,省委书记,39392,英国伦敦,44392,遮阳伞,49392,鸽子
4393,作曲,9393,各村,14393,安佳,19393,总和,24393,最低温度,29393,浏阳,34393,省市,39393,英姿,44393,遮雨,49393,鸽窝
4394,作曲家,9394,各涛涛,14394,安保,19394,总在,24394,最佳,29394,浏阳河,34394,省心,39394,英姿飒爽,44394,遵命,49394,鸿儒
4395,作案,9395,各界,14395,安倍,19395,总局,24395,最佳影片,29395,浑浊,34395,省油,39395,英子,44395,遵守,49395,鸿宇
4396,作死,9396,各种各样,14396,安全卫士,19396,总店,24396,最侠,29396,浑浑噩噩,34396,省点,39396,英年早逝,44396,避世,49396,鸿岩
4397,作瓜,9397,各类,14397,安全套,19397,总归,24397,最像,29397,浑然天成,34397,省略,39397,英式,44397,避嫌,49397,鸿文
4398,作用,9398,各色,14398,安全带,19398,总得,24398,最先,29398,浑身,34398,省略号,39398,英德,44398,避孕,49398,鸿果
4399,作画,9399,各行各业,14399,安全帽,19399,总想,24399,最全,29399,浑身上下,34399,省钱,39399,英才,44399,避孕套,49399,鸿福
4400,作祟,9400,各路,14400,安全性,19400,总有,24400,最具,29400,浑身发抖,34400,省长,39400,英拉,44400,避孕药,49400,鸿运
4401,作秀,9401,各项,14401,安全感,19401,总有一天,24401,最冷,29401,浓厚,34401,眉儿,39401,英文,44401,避寒,49401,鸿雁
4402,作答,9402,吆喝,14402,安全气囊,19402,总比,24402,最出色,29402,浓孟越,34402,眉头,39402,英文单词,44402,避开,49402,鹅油
4403,作罢,9403,合一,14403,安全隐患,19403,总爱,24403,最初,29403,浓度,34403,眉州,39403,英文名,44403,避暑,49403,鹅蛋
4404,作美,9404,合个,14404,安凡,19404,总理,24404,最受,29404,浓情,34404,眉梢,39404,英文名字,44404,避税,49404,鹌鹑
4405,作者,9405,合二为一,14405,安利,19405,总监,24405,最可气,29405,浓情蜜意,34405,眉毛,39405,英文歌,44405,避让,49405,鹌鹑蛋
4406,作证,9406,合伙,14406,安卓,19406,总督,24406,最右,29406,浓汤,34406,看一,39406,英文版,44406,避邪,49406,鹏哥
4407,作词,9407,合伙人,14407,安卓版,19407,总站,24407,最右亮,29407,浓浓,34407,看一看,39407,英明,44407,避重就轻,49407,鹏城
4408,作陪,9408,合住,14408,安叔,19408,总算,24408,最合,29408,浓浓的,34408,看一遍,39408,英杰,44408,避难,49408,鹏程
4409,作风,9409,合体,14409,安吉,19409,总管,24409,最合适,29409,浓淡,34409,看上,39409,英格兰,44409,避雨,49409,鹏程万里
4410,佟丽娅,9410,合作,14410,安吉拉,19410,总经理,24410,最喜,29410,浓烈,34410,看下,39410,英特尔,44410,避风塘,49410,鹏飞
4411,佟守本,9411,合作伙伴,14411,安哥,19411,总统,24411,最土,29411,浓烟,34411,看不上,39411,英菲尼迪,44411,避风港,49411,鹏鹏
4412,你亮,9412,合作愉快,14412,安国,19412,总统套房,24412,最坏,29412,浓缩,34412,看不下去,39412,英语,44412,邀上,49412,鹤峰
4413,你们好,9413,合办,14413,安在,19413,总编,24413,最坑,29413,浓茶,34413,看不出,39413,英语单词,44413,邀约,49413,鹤年堂
4414,你会,9414,合十,14414,安坤,19414,总编辑,24414,最堵,29414,浓郁,34414,看不出来,39414,英语水平,44414,邀请,49414,鹤鸣
4415,你别,9415,合同,14415,安塔利亚,19415,总能,24415,最多,29415,浓重,34415,看不到,39415,英语老师,44415,邀请函,49415,鹦鹉
4416,你哥,9416,合唱,14416,安夏沫薇,19416,总舵主,24416,最大化,29416,浓香,34416,看不完,39416,英语课,44416,邀请赛,49416,鹩哥
4417,你够,9417,合唱团,14417,安多,19417,总裁,24417,最小,29417,浙传,34417,看不得,39417,英豪,44417,邂逅,49417,鹭岛
4418,你好,9418,合在一起,14418,安大略,19418,总裁班,24418,最少,29418,浙大,34418,看不懂,39418,英超,44418,邋遢,49418,鹭荷
4419,你妹,9419,合家,14419,安大略省,19419,总要,24419,最差,29419,浙江,34419,看不清,39419,英迪格,44419,邓丽君,49419,鹰崖
4420,你姐,9420,合并,14420,安奇,19420,总计,24420,最帅,29420,浙江人,34420,看不清楚,39420,英里,44420,邓乐军,49420,鹰狮
4421,你娘,9421,合影,14421,安好,19421,总让,24421,最强,29421,浙江省,34421,看不看,39421,英钊,44421,邓佳,49421,鹰隼
4422,你子,9422,合影留念,14422,安妮,19422,总说,24422,最强音,29422,浣熊,34422,看不见,39422,英镑,44422,邓元钊,49422,鹿回头
4423,你学,9423,合得,14423,安娜,19423,总部,24423,最後一,29423,浦东,34423,看不起,39423,英雄,44423,邓凯,49423,鹿晗
4424,你定,9424,合成,14424,安婷,19424,总院,24424,最心,29424,浦东新区,34424,看不过去,39424,英雄本色,44424,邓天,49424,鹿鸣
4425,你家,9425,合拍,14425,安子,19425,总面积,24425,最心水,29425,浦发,34425,看不透,39425,苹果,44425,邓天卓,49425,鹿鼎记
4426,你心,9426,合格,14426,安宁,19426,总领事馆,24426,最忠,29426,浦口,34426,看且,39426,苹果汁,44426,邓家佳,49426,麋鹿
4427,你死我活,9427,合法,14427,安安,19427,恋上,24427,最快,29427,浦江,34427,看个,39427,苹果派,44427,邓小平,49427,麒麟
4428,你点,9428,合照,14428,安安心心,19428,恋上你,24428,最怕,29428,浦睿,34428,看个够,39428,茁壮成长,44428,邓广,49428,麝香
4429,你老,9429,合理安排,14429,安安静静,19429,恋人,24429,最恨,29429,浦西,34429,看中,39429,茂名,44429,邓庆旭,49429,麦丽素
4430,你行,9430,合着,14430,安定,19430,恋恋,24430,最悲,29430,浩哥,34430,看书,39430,茂子,44430,邓攀,49430,麦乐
4431,你许,9431,合租,14431,安家,19431,恋恋不舍,24431,最惨,29431,浩大,34431,看了又看,39431,茂盛,44431,邓昆,49431,麦乐迪
4432,你造,9432,合算,14432,安小,19432,恋情,24432,最想,29432,浩子,34432,看云,39432,范儿,44432,邓涛,49432,麦克
4433,佩佩,9433,合约,14433,安小悦儿,19433,恋曲,24433,最新,29433,浩子哥,34433,看人,39433,范冰冰,44433,邓真,49433,麦克风
4434,佩戴,9434,合肥,14434,安尼,19434,恋歌,24434,最新款,29434,浩强,34434,看会,39434,范利祥,44434,邓立,49434,麦兜
4435,佩服,9435,合胃口,14435,安居,19435,恋爱,24435,最新消息,29435,浩林,34435,看似,39435,范小红,44435,邓超,49435,麦哥
4436,佩瑶,9436,合计,14436,安居乐业,19436,恋馆,24436,最新版,29436,浩正,34436,看作,39436,范庭略,44436,邓邓,49436,麦地那
4437,佰程,9437,合资,14437,安帅,19437,恍如,24437,最新进展,29437,浩浩,34437,看做,39437,范文,44437,邓飞,49437,麦太摩妈
4438,佰草集,9438,合适,14438,安平,19438,恍惚,24438,最早,29438,浩浩荡荡,34438,看准,39438,范斌,44438,邝海炎,49438,麦子
4439,佳丽,9439,合龙,14439,安庆,19439,恍然大悟,24439,最易,29439,浩瀚,34439,看剧,39439,范晓萱,44439,邢台,49439,麦客
4440,佳人,9440,吉他,14440,安康,19440,恍若,24440,最晚,29440,浩然,34440,看发,39440,范泓,44440,邢彪,49440,麦当
4441,佳作,9441,吉他手,14441,安徒生,19441,恐吓,24441,最最,29441,浩熙,34441,看台,39441,范炜,44441,邢波,49441,麦当劳
4442,佳佳,9442,吉克隽逸,14442,安德森,19442,恐怖,24442,最有,29442,浩臣,34442,看后,39442,范爷,44442,那一,49442,麦德龙
4443,佳品,9443,吉利,14443,安德鲁,19443,恐怖分子,24443,最杯,29443,浪乐呵乐,34443,看君,39443,范畴,44443,那一刻,49443,麦敏烽
4444,佳子,9444,吉吉,14444,安徽,19444,恐怖片,24444,最棒,29444,浪人,34444,看吧,39444,范的,44444,那一地,49444,麦杆
4445,佳明,9445,吉娃娃,14445,安徽大学,19445,恐怖袭击,24445,最深,29445,浪侠,34445,看咯,39445,范筱薇,44445,那世约,49445,麦洛洛
4446,佳期,9446,吉它,14446,安心,19446,恐惧,24446,最深处,29446,浪味,34446,看哈,39446,范翔,44446,那丫头,49446,麦浪
4447,佳绩,9447,吉安,14447,安快,19447,恐惧症,24447,最火,29447,浪子,34447,看图,39447,范范,44447,那么回事,49447,麦片
4448,佳缘,9448,吉尔,14448,安息,19448,恐慌,24448,最炫,29448,浪子回头,34448,看在眼里,39448,范范范琪,44448,那人,49448,麦田
4449,佳美,9449,吉尼斯,14449,安慰,19449,恐高,24449,最烂,29449,浪客,34449,看场,39449,茄丁,44449,那件,49449,麦盖提县
4450,佳肴,9450,吉拉,14450,安懂,19450,恐高症,24450,最烦,29450,浪尖,34450,看多,39450,茄丁儿,44450,那件事,49450,麦穗
4451,佳能,9451,吉普,14451,安抚,19451,恐龙,24451,最热,29451,浪打浪,34451,看够,39451,茄子,44451,那份,49451,麦粒肿
4452,佳节,9452,吉普赛,14452,安拉,19452,恒大,24452,最爱,29452,浪浪,34452,看大,39452,茄条,44452,那会,49452,麦芒
4453,佳茗,9453,吉本,14453,安排,19453,恒心,24453,最爱去,29453,浪涛,34453,看大图,39453,茄汁,44453,那位,49453,麦芬
4454,佳话,9454,吉杰,14454,安放,19454,恒河,24454,最爱柳,29454,浪漫,34454,看天,39454,茅台,44454,那俩,49454,麦芽糖
4455,佳酿,9455,吉林,14455,安晓芬,19455,恒温,24455,最爱泪,29455,浪漫情怀,34455,看太,39455,茅台酒,44455,那候,49455,麦记
4456,佳音,9456,吉祥,14456,安普若安,19456,恒者,24456,最爱海,29456,浪漫爱情,34456,看头,39456,茉茉,44456,那像,49456,麦豆
4457,使人,9457,吉祥如意,14457,安晴初,19457,恒远,24457,最爱爱,29457,浪潮,34457,看好,39457,茉莉,44457,那刻,49457,麦迪
4458,使出,9458,吉祥物,14458,安智,19458,恢复,24458,最爱猪,29458,浪笑,34458,看学,39458,茉莉花,44458,那厮,49458,麦迪逊
4459,使劲,9459,吉言,14459,安曼,19459,恢复正常,24459,最爽,29459,浪能,34459,看守,39459,茜吉尔,44459,那双,49459,麦里
4460,使劲儿,9460,吉野,14460,安格斯,19460,恨不得,24460,最牛,29460,浪花,34460,看守所,39460,茜茜,44460,那口,49460,麦霸
4461,使命,9461,吉野家,14461,安检,19461,恨不能,24461,最狠,29461,浪荡,34461,看官,39461,茫茫,44461,那句,49461,麦韬
4462,使徒,9462,吉隆坡,14462,安河桥,19462,恨少,24462,最甜,29462,浪费,34462,看客,39462,茭白,44462,那句话,49462,麦麦
4463,使然,9463,吊丝,14463,安洛曼,19463,恨死,24463,最痛,29463,浪费时间,34463,看家,39463,茯苓,44463,那台,49463,麻利
4464,使者,9464,吊儿郎当,14464,安溪,19464,恨泪,24464,最短,29464,浪迹,34464,看家本领,39464,茱萸,44464,那名,49464,麻团
4465,使馆,9465,吊坠,14465,安澜,19465,恩之方,24465,最笨,29465,浪迹天涯,34465,看小,39465,茴香,44465,那图,49465,麻坛
4466,侃侃,9466,吊带,14466,安然,19466,恩人,24466,最红,29466,浪里,34466,看小图,39466,茵茵,44466,那场,49466,麻城
4467,侃爷,9467,吊死,14467,安然无恙,19467,恩师,24467,最终,29467,浮世绘,34467,看山,39467,茶业,44467,那块,49467,麻婆豆腐
4468,侄儿,9468,吊灯,14468,安爱,19468,恩德,24468,最给力,29468,浮云,34468,看开,39468,茶人,44468,那大,49468,麻子
4469,侄女,9469,吊着,14469,安猪,19469,恩怨,24469,最缺,29469,浮出,34469,看待,39469,茶会,44469,那天,49469,麻将
4470,侄子,9470,吊绳,14470,安琥,19470,恩恩,24470,最美,29470,浮力,34470,看得,39470,茶具,44470,那太,49470,麻将桌
4471,例人,9471,吊车,14471,安琪,19471,恩情,24471,最老,29471,浮动,34471,看得人,39471,茶几,44471,那头,49471,麻小
4472,例会,9472,吊销,14472,安生,19472,恩施,24472,最肥,29472,浮华,34472,看得出,39472,茶博士,44472,那套,49472,麻小辣
4473,例外,9473,同一个,14473,安眠,19473,恩施市,24473,最胖,29473,浮城,34473,看得出来,39473,茶友们,44473,那女,49473,麻小高
4474,例子,9474,同一天,14474,安眠药,19474,恩是,24474,最能,29474,浮夸,34474,看得心,39474,茶叶,44474,那好,49474,麻木
4475,侍候,9475,同一时间,14475,安睡,19475,恩晰,24475,最脏,29475,浮尘,34475,看得懂,39475,茶叶蛋,44475,那姐,49475,麻杆
4476,侍酒,9476,同业,14476,安知,19476,恩泽,24476,最舒服,29476,浮想,34476,看得见,39476,茶君,44476,那家,49476,麻油
4477,侗寨,9477,同为,14477,安神,19477,恩爱,24477,最苦,29477,浮沉,34477,看得起,39477,茶味,44477,那家伙,49477,麻油鸡
4478,供不应求,9478,同乐,14478,安祥,19478,恩赐,24478,最萌,29478,浮潜,34478,看微,39478,茶品,44478,那家店,49478,麻溜
4479,供应,9479,同乡会,14479,安稳,19479,恬不知耻,24479,最虐,29479,浮现,34479,看微博,39479,茶园,44479,那小,49479,麻溜儿
4480,供应商,9480,同事,14480,安置,19480,恬恬,24480,最蜜蜜,29480,浮生,34480,看快,39480,茶坊,44480,那小女孩,49480,麻烦
4481,供暖,9481,同仁,14481,安装,19481,恬淡,24481,最让人,29481,浮生若梦,34481,看怒,39481,茶壶,44481,那就好,49481,麻瓜
4482,供电,9482,同仁堂,14482,安西,19482,恬静,24482,最该,29482,浮石,34482,看惯,39482,茶客,44482,那层,49482,麻痹
4483,供给,9483,同伴,14483,安详,19483,恭之助,24483,最贵,29483,浮肿,34483,看想,39483,茶室,44483,那山,49483,麻省
4484,供货商,9484,同创,14484,安贞,19484,恭候,24484,最赞,29484,浮草,34484,看戏,39484,茶庄,44484,那岁,49484,麻省理工
4485,依一,9485,同去,14485,安贞桥,19485,恭候大驾,24485,最起码,29485,浮萍,34485,看成,39485,茶徒,44485,那帮,49485,麻神
4486,依依,9486,同台,14486,安踏,19486,恭喜,24486,最远,29486,浮躁,34486,看房,39486,茶房,44486,那年,49486,麻竹
4487,依依不舍,9487,同右,14487,安达,19487,恭喜发财,24487,最配,29487,浴剂,34487,看才,39487,茶文化,44487,那度,49487,麻绳
4488,依偎,9488,同同,14488,安迪,19488,恭王府,24488,最重,29488,浴室,34488,看护,39488,茶星,44488,那座,49488,麻花
4489,依兰,9489,同名,14489,安逸,19489,恭祝,24489,最铁,29489,浴巾,34489,看报,39489,茶杯,44489,那开,49489,麻药
4490,依山,9490,同名同姓,14490,安闲,19490,恭禧,24490,最长,29490,浴池,34490,看晕,39490,茶树,44490,那张,49490,麻袋
4491,依恋,9491,同喜,14491,安阳,19491,恭维,24491,最难,29491,浴缸,34491,看望,39491,茶树菇,44491,那得,49491,麻豆
4492,依我看,9492,同场,14492,安雯,19492,恭贺,24492,最雷人,29492,浴袍,34492,看样,39492,茶楼,44492,那想,49492,麻豆腐
4493,依扬,9493,同城,14493,安青,19493,恭迎,24493,最靠,29493,浴见,34493,看此,39493,茶水,44493,那才,49493,麻辣
4494,依旧,9494,同城会,14494,安静,19494,息怒,24494,最高峰,29494,海上,34494,看法,39494,茶汤,44494,那批,49494,麻辣味
4495,依旧会,9495,同城君,14495,安静下来,19495,恰到好处,24495,最高法院,29495,海东,34495,看泪,39495,茶点,44495,那拉提,49495,麻辣火锅
4496,依次,9496,同好,14496,安顺,19496,恰如其分,24496,最高院,29496,海中,34496,看活,39496,茶礼,44496,那排,49496,麻辣烫
4497,依法,9497,同学,14497,安顿,19497,恰当,24497,月亮,29497,海丰,34497,看海,39497,茶缘,44497,那支,49497,麻辣锅
4498,依然,9498,同学会,14498,安魂曲,19498,恳求,24498,月亮代表,29498,海之,34498,看海去,39498,茶舍,44498,那文,49498,麻酱
4499,依稀,9499,同学聚会,14499,安鸟,19499,恳请,24499,月份,29499,海事,34499,看淡,39499,茶色,44499,那日,49499,麻醉
4500,依稀记得,9500,同居,14500,安龙,19500,恶习,24500,月儿,29500,海产,34500,看清,39500,茶艺,44500,那明明,49500,麻雀
4501,依赖,9501,同屋,14501,宋丹丹,19501,恶人,24501,月光,29501,海产品,34501,看清楚,39501,茶花,44501,那晚,49501,麻麻
4502,侠客,9502,同年,14502,宋乙,19502,恶作剧,24502,月光族,29502,海伦,34502,看滴,39502,茶苑,44502,那有,49502,麻黑
4503,侠骨,9503,同年同月,14503,宋伟,19503,恶俗,24503,月刊,29503,海信,34503,看灰机,39503,茶茶,44503,那期,49503,麾下
4504,侥幸,9504,同庆,14504,宋体,19504,恶劣,24504,月初,29504,海光,34504,看点,39504,茶话会,44504,那木,49504,黄一
4505,侦察,9505,同床共枕,14505,宋佳,19505,恶化,24505,月历,29505,海关,34505,看热闹,39505,茶语,44505,那木错,49505,黄一孟
4506,侦探,9506,同归于尽,14506,宋健,19506,恶心,24506,月坛,29506,海内外,34506,看然,39506,茶道,44506,那本,49506,黄上
4507,侦查,9507,同心,14507,宋健君,19507,恶性事件,24507,月夜,29507,海军,34507,看爱,39507,茶餐厅,44507,那本书,49507,黄世仁
4508,侧卫,9508,同志,14508,宋元,19508,恶性循环,24508,月子,29508,海南,34508,看片,39508,茶饭,44508,那朵,49508,黄义
4509,侧帽,9509,同性,14509,宋兆桓,19509,恶意,24509,月季,29509,海南岛,34509,看版,39509,茶馆,44509,那条,49509,黄人
4510,侧影,9510,同性恋,14510,宋兴,19510,恶搞,24510,月工资,29510,海南省,34510,看牙,39510,茶香,44510,那来,49510,黄伟文
4511,侧滑,9511,同情,14511,宋冬野,19511,恶果,24511,月底,29511,海参,34511,看球,39511,茹素,44511,那杯,49511,黄佟
4512,侧漏,9512,同情心,14512,宋君,19512,恶梦,24512,月影,29512,海口,34512,看球赛,39512,茹芸,44512,那根,49512,黄俊元
4513,侧翻,9513,同意,14513,宋哥,19513,恶棍,24513,月末,29513,海口市,34513,看电视,39513,茼蒿,44513,那次,49513,黄俊毅
4514,侧身,9514,同感,14514,宋喜,19514,恶毒,24514,月桂树,29514,海号,34514,看病,39514,荆州,44514,那款,49514,黄健翔
4515,侧面,9515,同招,14515,宋城,19515,恶犬,24515,月牙,29515,海吃海,34515,看看书,39515,荆棘,44515,那段,49515,黄先生
4516,侨福,9516,同日生,14516,宋大璐,19516,恶狗,24516,月牙儿,29516,海员,34516,看着,39516,荆棘鸟,44516,那泪,49516,黄凌宇
4517,侮辱,9517,同月同日,14517,宋姿,19517,恶狠狠,24517,月球,29517,海哥,34517,看着办,39517,荆楚,44517,那点,49517,黄勃
4518,侮辱性,9518,同期,14518,宋宋,19518,恶行,24518,月球车,29518,海啸,34518,看神十,39518,荆紫,44518,那片,49518,黄勇
4519,侯军,9519,同桌,14519,宋家庄,19519,恶补,24519,月票,29519,海坞,34519,看票,39519,草丛,44519,那片海,49519,黄包车
4520,侯哥,9520,同款,14520,宋小,19520,恶霸,24520,月织织,29520,海城,34520,看穿,39520,草乌,44520,那狗,49520,黄华
4521,侯子,9521,同步,14521,宋小渝,19521,恶魔,24521,月经,29521,海域,34521,看笑话,39521,草儿,44521,那班,49521,黄协
4522,侯宁,9522,同求,14522,宋庄,19522,恶魔城,24522,月色,29522,海培道格,34522,看管,39522,草原,44522,那瓶,49522,黄卓
4523,侯振鹏,9523,同泪,14523,宋强,19523,恺乐,24523,月薪,29523,海外,34523,看米,39523,草地,44523,那盘,49523,黄历
4524,侯新庆,9524,同济,14524,宋思乐,19524,恺撒,24524,月间,29524,海大,34524,看美剧,39524,草坪,44524,那种,49524,黄叶
4525,侯林林,9525,同游,14525,宋悦,19525,恼火,24525,月食,29525,海天,34525,看美图,39525,草堂,44525,那篇,49525,黄叽子
4526,侯牧牧,9526,同理,14526,宋慧乔,19526,悄悄,24526,月饼,29526,海娜,34526,看者,39526,草头,44526,那群,49526,黄吉
4527,侯秋生,9527,同病相怜,14527,宋扬,19527,悄悄地,24527,月黑风高,29527,海子,34527,看能,39527,草履虫,44527,那股,49527,黄启云
4528,侯莉梅,9528,同盟,14528,宋易恒,19528,悄悄的,24528,有个,29528,海宁,34528,看致,39528,草帽,44528,那能,49528,黄哥
4529,侯裕峰,9529,同祝,14529,宋晓晨,19529,悄然,24529,有乐,29529,海安,34529,看花,39529,草怒,44529,那英,49529,黄喜
4530,侯辉,9530,同程,14530,宋晓阳,19530,悉尼,24530,有书,29530,海尔,34530,看花了,39530,草木,44530,那行,49530,黄嘘
4531,侯鸿亮,9531,同程网,14531,宋晓鸣,19531,悉心,24531,有事,29531,海岛,34531,看著,39531,草本,44531,那袋,49531,黄围
4532,侵害,9532,同窗,14532,宋晓鹏,19532,悉饭,24532,有事没事,29532,海岩,34532,看行,39532,草根,44532,那要,49532,黄土
4533,侵权,9533,同等,14533,宋晚,19533,悍匪,24533,有云,29533,海岸,34533,看表,39533,草梅,44533,那该,49533,黄在
4534,侵犯,9534,同类,14534,宋晨枫,19534,悔恨,24534,有亩,29534,海岸线,34534,看衰,39534,草民,44534,那货,49534,黄埔
4535,侵略,9535,同胞,14535,宋有,19535,悟性,24535,有亲,29535,海岸边,34535,看要,39535,草泥马,44535,那车,49535,黄天
4536,侵蚀,9536,同胞们,14536,宋朝,19536,悟空,24536,有人,29536,海峡,34536,看走眼,39536,草海,44536,那辆,49536,黄太吉
4537,便会,9537,同行,14537,宋永红,19537,悟道,24537,有什,29537,海峡两岸,34537,看起,39537,草率,44537,那还用说,49537,黄奎
4538,便利,9538,同贺,14538,宋江,19538,悠久,24538,有仇,29538,海峰,34538,看路,39538,草稿,44538,那道,49538,黄奕
4539,便利店,9539,同路,14539,宋洋,19539,悠哉,24539,有件,29539,海巡,34539,看车,39539,草芥,44539,那部,49539,黄如
4540,便士,9540,同道,14540,宋涛,19540,悠哉悠哉,24540,有份,29540,海市蜃楼,34540,看转,39540,草草,44540,那间,49540,黄妈
4541,便宜,9541,同道中人,14541,宋燕,19541,悠唐,24541,有伤,29541,海带,34541,看边,39541,草药,44541,那阵子,49541,黄子
4542,便当,9542,同门,14542,宋祖法言,19542,悠悠,24542,有位,29542,海底,34542,看过,39542,草莓,44542,那集,49542,黄宇征
4543,便捷,9543,同问,14543,宋祖英,19543,悠悠的,24543,有何,29543,海归,34543,看透,39543,草菅人命,44543,那雌蟹,49543,黄安
4544,便是,9544,同鞋,14544,宋秋熠,19544,悠扬,24544,有何意义,29544,海德,34544,看遍,39544,草虫,44544,那面,49544,黄实
4545,便民,9545,同龄,14545,宋繁,19545,悠游,24545,有余,29545,海德堡,34545,看部,39545,草裙,44545,那顿,49545,黄家
4546,便秘,9546,同龄人,14546,宋老邪,19546,悠然,24546,有候,29546,海怪,34546,看重,39546,草裙舞,44546,那颗,49546,黄家驹
4547,便签,9547,名不虚传,14547,宋艳,19547,悠着点,24547,有假,29547,海总,34547,看错,39547,草鱼,44547,那首,49547,黄将
4548,便衣,9548,名为,14548,宋茜,19548,悠长,24548,有光,29548,海战,34548,看门,39548,荏苒,44548,那首歌,49548,黄小
4549,促使,9549,名义,14549,宋莹,19549,悠闲,24549,有其父必有其子,29549,海扁,34549,看雨,39549,荒凉,44549,邦达,49549,黄小健
4550,促成,9550,名人,14550,宋菲,19550,悠闲地,24550,有养,29550,海报,34550,看雪,39550,荒原,44550,邪乎,49550,黄小媛
4551,促销,9551,名份,14551,宋词,19551,患上,24551,有凤来仪,29551,海拉尔,34551,看非诚,39551,荒唐,44551,邪性,49551,黄小蕾
4552,俄勒冈,9552,名信片,14552,宋豚,19552,患儿,24552,有利于,29552,海拔,34552,看风,39552,荒岛,44552,邪恶,49552,黄小闪
4553,俄国,9553,名儿,14553,宋阳,19553,患得患失,24553,有功,29553,海文,34553,看马,39553,荒腔,44553,邪教,49553,黄小闲
4554,俄罗斯,9554,名列,14554,宋阳标,19554,患有,24554,有加,29554,海斌,34554,看齐,39554,荒芜,44554,邪神,49554,黄山
4555,俄语,9555,名利,14555,宋鸿兵,19555,患者,24555,有助,29555,海日,34555,真下,39555,荒诞,44555,邪路,49555,黄山市
4556,俊杰,9556,名副其实,14556,完事,19556,悦人,24556,有助于,29556,海日远,34556,真不信,39556,荒谬,44556,邪门,49556,黄岩
4557,俊男靓女,9557,名单,14557,完会,19557,悦己,24557,有劲,29557,海明威,34557,真不容易,39557,荒野,44557,邬君梅,49557,黄岩岛
4558,俊美,9558,名博,14558,完全正确,19558,悦府,24558,有劳,29558,海星,34558,真不少,39558,荔枝,44558,邮件,49558,黄平
4559,俏佳人,9559,名厨,14559,完再,19559,悦悦,24559,有勇,29559,海景,34559,真不愧是,39559,荔波,44559,邮包,49559,黄庄
4560,俏俏,9560,名古屋,14560,完去,19560,悦旅,24560,有变,29560,海景房,34560,真不愿,39560,荞麦,44560,邮寄,49560,黄庆伟
4561,俏江南,9561,名叫,14561,完后,19561,悦来,24561,有口,29561,海松,34561,真不知道,39561,荟萃,44561,邮局,49561,黄德荣
4562,俏皮,9562,名号,14562,完善,19562,悦椿,24562,有句,29562,海林,34562,真不该,39562,荠菜,44562,邮戳,49562,黄忠
4563,俗人,9563,名品,14563,完奶,19563,悦榕,24563,有史以来,29563,海桐,34563,真不错,39563,荡气回肠,44563,邮报,49563,黄怡
4564,俗家,9564,名城,14564,完好,19564,悦榕庄,24564,有吃有喝,29564,海桥,34564,真个,39564,荡漾,44564,邮政,49564,黄总
4565,俗气,9565,名士,14565,完娃,19565,悦维,24565,有同,29565,海棠,34565,真为,39565,荡然无存,44565,邮电大学,49565,黄承富
4566,俗称,9566,名声,14566,完婚,19566,悦耳,24566,有名,29566,海毅,34566,真主,39566,荡秋千,44566,邮票,49566,黄挺
4567,俗话,9567,名妓,14567,完完全全,19567,悦读,24567,有名气,29567,海水,34567,真乐,39567,荣光,44567,邮筒,49567,黄敏
4568,俗话说,9568,名媛,14568,完小,19568,悦食,24568,有味,29568,海江,34568,真乖,39568,荣升,44568,邮箱,49568,黄文
4569,俘获,9569,名字,14569,完工,19569,悦馨球,24569,有命,29569,海沧,34569,真乱,39569,荣华,44569,邮编,49569,黄文杰
4570,俘虏,9570,名家,14570,完年,19570,您好,24570,有品,29570,海河,34570,真事,39570,荣幸,44570,邮费,49570,黄斌
4571,保不住,9571,名山,14571,完怒,19571,您老,24571,有哥,29571,海泉湾,34571,真五,39571,荣登,44571,邮资,49571,黄昏
4572,保住,9572,名师,14572,完才,19572,悬崖,24572,有售,29572,海波,34572,真亦假,39572,荣耀,44572,邮轮,49572,黄昱宁
4573,保佑,9573,名店,14573,完折,19573,悬念,24573,有善,29573,海洋,34573,真亮,39573,荣膺,44573,邯郸,49573,黄晓明
4574,保修,9574,名想,14574,完整,19574,悬浮,24574,有喜,29574,海洋公园,34574,真人,39574,荣获,44574,邱佳妮,49574,黄晓阳
4575,保健,9575,名扬,14575,完整版,19575,悬疑,24575,有图,29575,海洋大学,34575,真人不露相,39575,荣誉,44575,邱少云,49575,黄晓靖
4576,保健品,9576,名校,14576,完晕,19576,悬空,24576,有场,29576,海洋生物,34576,真人版,39576,荣誉出品,44576,邱岳首,49576,黄晨
4577,保养,9577,名模,14577,完有,19577,悬赏,24577,有型,29577,海洋馆,34577,真人秀,39577,荣誉称号,44577,邱志东,49577,黄景
4578,保准,9578,名次,14578,完来,19578,悬铃木,24578,有声,29578,海派,34578,真他妈,39578,荣雪斌,44578,邱才桢,49578,黄晶
4579,保利,9579,名正言顺,14579,完毕,19579,悲从,24579,有声有色,29579,海浪,34579,真令人,39579,荤素,44579,邱汝泉,49579,黄村
4580,保利剧院,9580,名气,14580,完泪,19580,悲伤,24580,有备无患,29580,海海,34580,真会,39580,荤菜,44580,邱洁明,49580,黄来
4581,保卫,9581,名汇,14581,完泳,19581,悲凉,24581,有多深,29581,海涛,34581,真传,39581,荧光,44581,邱琪,49581,黄杨
4582,保卫祖国,9582,名流,14582,完满,19582,悲剧,24582,有多美,29582,海淀,34582,真伤,39582,荧屏,44582,邱耀千,49582,黄果树
4583,保命,9583,名片,14583,完澡,19583,悲哀,24583,有多远,29583,海淀区,34583,真伪,39583,荧盈,44583,邱西,49583,黄树
4584,保国,9584,名片夹,14584,完爆,19584,悲喜,24584,有多黑,29584,海淘,34584,真俊,39584,药叫,44584,邱迁,49584,黄桃
4585,保外就医,9585,名牌,14585,完玛,19585,悲喜交加,24585,有够,29585,海清,34585,真值,39585,药品,44585,邵丹,49585,黄桷
4586,保姆,9586,名犬,14586,完球,19586,悲壮,24586,有大,29586,海港,34586,真假,39586,药师,44586,邵伯,49586,黄梅
4587,保存,9587,名称,14587,完票,19587,悲悲,24587,有天,29587,海湾,34587,真傻,39587,药店,44587,邵佳一,49587,黄梅天
4588,保守,9588,名符其实,14588,完稿,19588,悲情,24588,有太多,29588,海滨,34588,真像,39588,药材,44588,邵嘉翔,49588,黄梅戏
4589,保安,9589,名篇,14589,完笑,19589,悲惨,24589,有失,29589,海滩,34589,真冷,39589,药水,44589,邵夷贝,49589,黄橙
4590,保定,9590,名胜,14590,完线,19590,悲惨世界,24590,有头有尾,29590,海潮,34590,真准,39590,药泪,44590,邵峰,49590,黄欢
4591,保密,9591,名胜区,14591,完结,19591,悲愤,24591,有奖,29591,海澜,34591,真出,39591,药片,44591,邵彬,49591,黄歆泉
4592,保山,9592,名菜,14592,完美,19592,悲摧,24592,有奶,29592,海灯,34592,真切,39592,药物,44592,邵文婷,49592,黄毛
4593,保山市,9593,名著,14593,完美主义,19593,悲欢离合,24593,有如,29593,海灵,34593,真别,39593,药用,44593,邵明波,49593,黄河
4594,保平安,9594,名表,14594,完肤,19594,悲泪,24594,有娃,29594,海燕,34594,真到,39594,药粉,44594,邵阳,49594,黄油
4595,保护,9595,名言,14595,完胜,19595,悲痛,24595,有学,29595,海特,34595,真功夫,39595,药膳,44595,邸琨,49595,黄泥
4596,保护伞,9596,名誉,14596,完蛋,19596,悲观,24596,有完没完,29596,海狮,34596,真受,39596,药都,44596,邹先生,49596,黄泪
4597,保护区,9597,名记,14597,完血,19597,悸动,24597,有害,29597,海王,34597,真受不了,39597,药酒,44597,邹凯,49597,黄泰元
4598,保护套,9598,名词,14598,完衰,19598,悼念,24598,有家,29598,海珠,34598,真叫,39598,荷仙菇,44598,邹小走,49598,黄洁
4599,保护法,9599,名贵,14599,完要,19599,情不自禁,24599,有容乃大,29599,海瓷,34599,真叫人,39599,荷兰,44599,邹市,49599,黄洋
4600,保护环境,9600,名车,14600,完课,19600,情为,24600,有帅,29600,海生,34600,真可怜,39600,荷兰人,44600,邹总,49600,黄浦
4601,保护费,9601,名酒,14601,完败,19601,情书,24601,有幸,29601,海疆,34601,真可耐,39601,荷兰豆,44601,邹晓舟,49601,黄浦江
4602,保持沉默,9602,名额,14602,完身,19602,情人,24602,有序,29602,海疯,34602,真名,39602,荷包,44602,邹洪,49602,黄浩俊
4603,保时捷,9603,名额有限,14603,完颜,19603,情人节,24603,有度,29603,海盈阁,34603,真向,39603,荷包蛋,44603,邹游,49603,黄海
4604,保暖,9604,后人,14604,宏亮,19604,情侣,24604,有座,29604,海盐,34604,真君子,39604,荷叶,44604,邹铭宸,49604,黄海波
4605,保有,9605,后代,14605,宏伟,19605,情况,24605,有形,29605,海监,34605,真命天子,39605,荷塘,44605,邹雯雯,49605,黄涛
4606,保民,9606,后会,14606,宏图大展,19606,情医,24606,有影,29606,海盗,34606,真哏,39606,荷尔蒙,44606,邻家,49606,黄渤
4607,保洁,9607,后会有期,14607,宏大,19607,情商,24607,有待,29607,海盗船,34607,真哒,39607,荷花,44607,邻居,49607,黄灯
4608,保温箱,9608,后写,14608,宏昆,19608,情圣,24608,有心,29608,海神,34608,真嘎,39608,荷荷,44608,邻居们,49608,黄灿灿
4609,保湿,9609,后劲,14609,宏村,19609,情妇,24609,有心人,29609,海科,34609,真坏,39609,荷衣,44609,邻居家,49609,黄炳良
4610,保留,9610,后勤,14610,宏爱,19610,情定,24610,有心无力,29610,海红,34610,真坑,39610,荷西,44610,邻座,49610,黄焖
4611,保罗,9611,后半夜,14611,宏福,19611,情尊,24611,有志,29611,海纳,34611,真夏,39611,荷语,44611,邻桌,49611,黄煌
4612,保证,9612,后半段,14612,宏观调控,19612,情形,24612,有志气,29612,海纳百川,34612,真多,39612,荷青,44612,邻里,49612,黄熙媛
4613,保证质量,9613,后半生,14613,宏达,19613,情忆,24613,有性,29613,海绵,34613,真多晕,39613,荷风,44613,郁可,49613,黄爱
4614,保质期,9614,后卫,14614,宗丽君,19614,情怀,24614,有恃无恐,29614,海网,34614,真够,39614,荷香,44614,郁崇幽,49614,黄牌
4615,保重,9615,后台,14615,宗介,19615,情急之下,24615,有恒心,29615,海耀,34615,真大,39615,荸荠,44615,郁曦轩,49615,黄牛
4616,保钓,9616,后后,14616,宗帅,19616,情意,24616,有情,29616,海胆,34616,真太,39616,荼靡,44616,郁郁,49616,黄玉
4617,保镖,9617,后备箱,14617,宗师,19617,情感,24617,有情人,29617,海航,34617,真奶,39617,莅临,44617,郁郁葱葱,49617,黄玺
4618,保险公司,9618,后天,14618,宗教,19618,情感故事,24618,有情人终,29618,海芋,34618,真好,39618,莅临指导,44618,郁金香,49618,黄玺赫
4619,保障,9619,后头,14619,宗旨,19619,情愫,24619,有情人终成眷属,29619,海苔,34619,真好玩,39619,莆田,44619,郁闷,49619,黄珂
4620,保驾护航,9620,后妈,14620,宗绪升,19620,情愿,24620,有情有义,29620,海葵,34620,真妮花,39620,莉利洪,44620,郁闷死,49620,黄珏
4621,保鲜,9621,后宫,14621,宗贵升,19621,情报,24621,有惊无险,29621,海蓝,34621,真实,39621,莉卷,44621,郊区,49621,黄琦君
4622,俞佶,9622,后山,14622,宗麟,19622,情报员,24622,有意,29622,海蓝宝,34622,真实写照,39622,莉莉,44622,郊外,49622,黄瓜
4623,俞心,9623,后座,14623,官人,19623,情报站,24623,有意思,29623,海藻,34623,真实性,39623,莉香,44623,郊游,49623,黄田
4624,俞文辉,9624,后怕,14624,官位,19624,情操,24624,有意者,29624,海虹,34624,真实情况,39624,莎利雅,44624,郊野,49624,黄盈
4625,俞晓群,9625,后悔,14625,官僚,19625,情敌,24625,有感,29625,海蛎,34625,真实有效,39625,莎士比亚,44625,郎世溟,49625,黄矛
4626,俞林,9626,后悔莫及,14626,官儿,19626,情景,24626,有感于,29626,海螺,34626,真容,39626,莎威,44626,郎中,49626,黄石
4627,俞灏明,9627,后排,14627,官兵,19627,情有独钟,24627,有感而发,29627,海螺沟,34627,真对不起,39627,莎小莎,44627,郎丹柯,49627,黄石公园
4628,俞白眉,9628,后援会,14628,官军,19628,情未了,24628,有愧,29628,海蟹,34628,真小,39628,莎拉,44628,郎君,49628,黄磊
4629,俞白眉别,9629,后援团,14629,官博,19629,情歌,24629,有戏,29629,海西,34629,真巧,39629,莎莎,44629,郎咸平,49629,黄立行
4630,俞社,9630,后方,14630,官博君,19630,情深,24630,有房,29630,海角,34630,真差,39630,莒中,44630,郎哩个,49630,黄章
4631,俞萍,9631,后期,14631,官博衰,19631,情爱,24631,有所不知,29631,海誓山盟,34631,真帅,39631,莜面,44631,郎园,49631,黄米
4632,俞靓,9632,后期制作,14632,官厅水库,19632,情结,24632,有所作为,29632,海警,34632,真幸福,39632,莞城,44632,郎心,49632,黄细花
4633,信不信,9633,后果,14633,官司,19633,情绪,24633,有所思,29633,海豚,34633,真开,39633,莞尔,44633,郎朗,49633,黄继光
4634,信仰,9634,后果自负,14634,官员,19634,情绪低落,24634,有持,29634,海豹,34634,真强,39634,莞尔一笑,44634,郎木寺,49634,黄继新
4635,信件,9635,后泪,14635,官商,19635,情绪化,24635,有效期,29635,海货,34635,真当,39635,莫不是,44635,郎眼,49635,黄绮珊
4636,信任,9636,后海,14636,官场,19636,情绪稳定,24636,有效率,29636,海贼,34636,真得,39636,莫卧尔,44636,郎磊,49636,黄维小清
4637,信儿,9637,后现代,14637,官媒,19637,情缘,24637,有效证件,29637,海贼王,34637,真心,39637,莫名,44637,郑中基,49637,黄绿
4638,信其,9638,后生,14638,官家,19638,情致,24638,有救,29638,海路,34638,真心实意,39638,莫名其妙,44638,郑义,49638,黄老
4639,信力,9639,后生可畏,14639,官府,19639,情节,24639,有数,29639,海辉,34639,真心真意,39639,莫大,44639,郑伟,49639,黄老湿
4640,信口开河,9640,后盾,14640,官府菜,19640,情衰,24640,有料,29640,海边,34640,真心话,39640,莫子,44640,郑克,49640,黄老邪
4641,信号,9641,后知后觉,14641,官微,19641,情诗,24641,有方,29641,海运,34641,真忙,39641,莫属,44641,郑克爽,49641,黄耕
4642,信号灯,9642,后继有人,14642,官微君,19642,情话,24642,有无,29642,海选,34642,真快,39642,莫干山,44642,郑军,49642,黄脚
4643,信奉,9643,后续,14643,官房,19643,情调,24643,有时候,29643,海里,34643,真怕,39643,莫急,44643,郑凯,49643,黄脸婆
4644,信封,9644,后背,14644,官拜,19644,情谊,24644,有明,29644,海量,34644,真急,39644,莫愁,44644,郑多燕,49644,黄色
4645,信徒,9645,后能,14645,官文硕,19645,情趣,24645,有朋,29645,海钓,34645,真性情,39645,莫慧兰,44645,郑大植,49645,黄花
4646,信心,9646,后脑勺,14646,官方,19646,情迷,24646,有朋自远方来,29646,海阔天空,34646,真悲,39646,莫扎特,44646,郑好,49646,黄花梨
4647,信念,9647,后腿,14647,官方消息,19647,惆怅,24647,有望,29647,海阳,34647,真情,39647,莫文蔚,44647,郑宇坤,49647,黄花菜
4648,信息,9648,后花园,14648,官方网,19648,惊人,24648,有朝一日,29648,海陆空,34648,真惨,39648,莫斯科,44648,郑宇坤嘻哈,49648,黄若菲
4649,信息中心,9649,后裔,14649,官方网站,19649,惊到,24649,有木,29649,海霞,34649,真想,39649,莫有,44649,郑宇晖,49649,黄茜
4650,信息化,9650,后视镜,14650,官服,19650,惊动,24650,有木有,29650,海青,34650,真成,39650,莫球,44650,郑家,49650,黄药师
4651,信息港,9651,后边,14651,官本位,19651,惊叫,24651,有本,29651,海面,34651,真成了,39651,莫离,44651,郑小磊,49651,黄蓉
4652,信息量,9652,后退,14652,官民,19652,惊叹,24652,有机,29652,海韵,34652,真挚,39652,莫艳琳,44652,郑州,49652,黄西
4653,信步,9653,后遗症,14653,官爷,19653,惊吓,24653,有机肥,29653,海风,34653,真挺,39653,莫莫,44653,郑州市,49653,黄西西
4654,信物,9654,后门,14654,官网,19654,惊呆,24654,有权,29654,海马,34654,真敢,39654,莫西,44654,郑忠阳,49654,黄觉
4655,信用,9655,后防,14655,官老爷,19655,惊呼,24655,有权有势,29655,海魂,34655,真无语,39655,莫要,44655,郑总,49655,黄记煌
4656,信用卡,9656,后防线,14656,官话,19656,惊喜,24656,有条,29656,海魂衫,34656,真早,39656,莫言,44656,郑恺,49656,黄豆
4657,信箱,9657,后院,14657,官逼民反,19657,惊天,24657,有来,29657,海鱼,34657,真时,39657,莫让,44657,郑成功,49657,黄豆豆
4658,信誉,9658,吐出来,14658,官邸,19658,惊天动地,24658,有板有眼,29658,海鲜,34658,真是假,39658,莫过于,44658,郑执,49658,黄豪祥
4659,信访,9659,吐口,14659,定下,19659,惊奇,24659,有查,29659,海鲜大餐,34659,真是太,39659,莫过于此,44659,郑敏,49659,黄贯中
4660,信赖,9660,吐司,14660,定个,19660,惊心,24660,有样,29660,海鸟,34660,真晕,39660,莫里,44660,郑文东,49660,黄超燕
4661,信达,9661,吐吐,14661,定为,19661,惊心动魄,24661,有梗席景,29661,海鸥,34661,真替,39661,莱佛士,44661,郑晓龙,49661,黄辣丁
4662,信阳,9662,吐槽,14662,定义,19662,惊恐,24662,有模有样,29662,海鹏,34662,真有,39662,莱卡,44662,郑晨,49662,黄连
4663,信马由缰,9663,吐痰,14663,定乾坤,19663,惊悚,24663,有次,29663,海鹏鹏,34663,真服了,39663,莱德,44663,郑智化,49663,黄酒
4664,信鸽,9664,吐舌头,14664,定于,19664,惊悚片,24664,有款,29664,海龙,34664,真材实料,39664,莱西,44664,郑杰,49664,黄金
4665,俨然,9665,吐血,14665,定价,19665,惊慌,24665,有此,29665,海龟,34665,真来,39665,莲华,44665,郑楠,49665,黄金周
4666,俩个,9666,吐鲁番,14666,定会,19666,惊涛,24666,有毒,29666,浸泡,34666,真枪,39666,莲叶,44666,郑欣淼,49666,黄金搭档
4667,修侃,9667,向上,14667,定位,19667,惊现,24667,有氧,29667,涂书网,34667,真格的,39667,莲子,44667,郑治,49667,黄金档
4668,修修,9668,向下,14668,定做,19668,惊着,24668,有水,29668,涂佳琪,34668,真棒,39668,莲芯儿,44668,郑泽峰,49668,黄金海岸
4669,修养,9669,向东,14669,定制,19669,惊艳,24669,有求必应,29669,涂孝丰,34669,真没想到,39669,莲花,44669,郑洁,49669,黄金甲
4670,修剪,9670,向前,14670,定力,19670,惊蛰,24670,有没有,29670,涂强,34670,真滴,39670,莲花山,44670,郑海平,49670,黄鑫
4671,修图,9671,向前走,14671,定向,19671,惊觉,24671,有法,29671,涂抹,34671,真火,39671,莲蓉,44671,郑渊洁,49671,黄铁良
4672,修士,9672,向北,14672,定型,19672,惊讶,24672,有泪,29672,涂松岩,34672,真烂,39672,莲蓬,44672,郑爽,49672,黄铮
4673,修复,9673,向南,14673,定妆,19673,惊醒,24673,有泪点,29673,涂涂,34673,真烦,39673,莲藕,44673,郑磊,49673,黄锐
4674,修好,9674,向往,14674,定居,19674,惊闻,24674,有海,29674,涂画,34674,真爱,39674,莲雾,44674,郑秀文,49674,黄锦波
4675,修帅,9675,向往已久,14675,定律,19675,惊险,24675,有滋有味,29675,涂鸦,34675,真爱泪,39675,莴笋,44675,郑穗,49675,黄陂
4676,修建,9676,向日葵,14676,定性,19676,惊雷,24676,有滴,29676,涂鸿钦,34676,真爱爱,39676,获利,44676,郑章伟,49676,黄震
4677,修得,9677,向来,14677,定时,19677,惊魂,24677,有点像,29677,涂黑,34677,真爽,39677,获取,44677,郑维,49677,黄靖源
4678,修心,9678,向西,14678,定期,19678,惊魂未定,24678,有点儿,29678,消亡,34678,真牛,39678,获奖,44678,郑聪,49678,黄静昆
4679,修成,9679,向阳,14679,定格,19679,惊鸿,24679,有点咸,29679,消停,34679,真特,39679,获奖者,44679,郑艳琼,49679,黄静薇
4680,修护,9680,向阳花,14680,定满,19680,惊鸿一瞥,24680,有点烦,29680,消化,34680,真狠,39680,获得最佳,44680,郑茜倩,49680,黄马褂
4681,修改,9681,向龙,14681,定点,19681,惋惜,24681,有点累,29681,消化吸收,34681,真理,39681,获得者,44681,郑虹,49681,黄骞仪
4682,修改版,9682,吓一跳,14682,定点医院,19682,惜缘,24682,有烟,29682,消夏,34682,真疼,39682,获悉,44682,郑贵辉,49682,黄鱼
4683,修林,9683,吓了一跳,14683,定焦,19683,惟一,24683,有理,29683,消失,34683,真瘦,39683,获救,44683,郑重,49683,黄鳝
4684,修正,9684,吓人,14684,定睛一看,19684,惟妙惟肖,24684,有生,29684,消息,34684,真的假,39684,获胜,44684,郑重声明,49684,黄鸡
4685,修炼,9685,吓住,14685,定福庄,19685,惠享,24685,有生之年,29685,消息报,34685,真皮,39685,获赠,44685,郑钧,49685,黄鸥
4686,修片,9686,吓傻,14686,定能,19686,惠子,24686,有生以来,29686,消息来源,34686,真相,39686,莹莹,44686,郝云,49686,黄鸭
4687,修理,9687,吓哭,14687,定论,19687,惠安,24687,有用,29687,消散,34687,真相大白,39687,莼菜,44687,郝付,49687,黄鸿升
4688,修理工,9688,吓唬,14688,定都,19688,惠州,24688,有用吗,29688,消暑,34688,真看,39688,菁制,44688,郝宇晖,49688,黄鹤
4689,修练,9689,吓唬人,14689,定金,19689,惠普,24689,有电,29689,消极,34689,真真,39689,菁英,44689,郝晓丽,49689,黄鹤楼
4690,修罗,9690,吓坏,14690,宛如,19690,惠民,24690,有病,29690,消毒,34690,真真假假,39690,菁菁,44690,郝楠童,49690,黄黄
4691,修行,9691,吓死,14691,宛若,19691,惠津子,24691,有瘾,29691,消毒液,34691,真真是,39691,菊儿,44691,郝洋,49691,黄黑
4692,修路,9692,吓死人,14692,宜人,19692,惠游网,24692,有益,29692,消消,34692,真神,39692,菊花,44692,郝洛,49692,黄鼠狼
4693,修身,9693,吓醒,14693,宜家,19693,惠特妮,24693,有益于,29693,消消气,34693,真穷,39693,菊花茶,44693,郝浩,49693,黄龙
4694,修身养性,9694,吕一,14694,宜宾,19694,惠肥蟹,24694,有益健康,29694,消灭,34694,真空,39694,菌子,44694,郝燕,49694,黎万强
4695,修车,9695,吕世双,14695,宜居,19695,惦念,24695,有目共睹,29695,消炎,34695,真空包装,39695,菌类,44695,郝立东,49695,黎冬
4696,修过,9696,吕丽萍,14696,宜昌,19696,惦记,24696,有眼力,29696,消瘦,34696,真系,39696,菌菇,44696,郝老板,49696,黎子
4697,修长,9697,吕依,14697,宜春,19697,惦记着,24697,有着落,29697,消磨,34697,真素,39697,菖蒲,44697,郝蕾,49697,黎巴嫩
4698,修雯,9698,吕依一,14698,宜良,19698,惨不忍睹,24698,有礼,29698,消耗,34698,真累,39698,菜价,44698,郝迪,49698,黎戈
4699,修饰,9699,吕劲,14699,宝中,19699,惨剧,24699,有神,29699,消肿,34699,真经,39699,菜农,44699,郝靖,49699,黎族
4700,俯卧撑,9700,吕小聚,14700,宝丰,19700,惨无人道,24700,有票,29700,消费,34700,真给,39700,菜刀,44700,郡主,49700,黎明
4701,俯瞰,9701,吕彦妮,14701,宝儿,19701,惨案,24701,有福,29701,消费税,34701,真给力,39701,菜包子,44701,部件,49701,黎明前
4702,俱乐部,9702,吕植,14702,宝典,19702,惨死,24702,有福兄,29702,消费者,34702,真美,39702,菜单,44702,部份,49702,黎架
4703,俱佳,9703,君不见,14703,宝军,19703,惨泪,24703,有福同享,29703,消逝,34703,真美爱,39703,菜叶,44703,部位,49703,黎津平
4704,俱全,9704,君临天下,14704,宝剑,19704,惨淡,24704,有福气,29704,消遣,34704,真能,39704,菜名,44704,部委,49704,黎筱婷子
4705,俳句,9705,君为,14705,宝华,19705,惨烈,24705,有种,29705,消防,34705,真能干,39705,菜品,44705,部戏,49705,黎花
4706,俺家,9706,君亭,14706,宝哥,19706,惨状,24706,有程,29706,消防员,34706,真萌,39706,菜园,44706,部手机,49706,黎薇
4707,倍儿,9707,君会,14707,宝地,19707,惨痛,24707,有空,29707,消防安全,34707,真行,39707,菜园子,44707,部署,49707,黎黎
4708,倍增,9708,君住,14708,宝塔,19708,惨绝人寰,24708,有米,29708,消防支队,34708,真衰,39708,菜地,44708,部落,49708,黏人
4709,倒下,9709,君儿,14709,宝妈,19709,惨遭,24709,有级,29709,消防车,34709,真要,39709,菜场,44709,部长,49709,黏在
4710,倒休,9710,君同,14710,宝妞,19710,惩治,24710,有线,29710,消防队,34710,真要命,39710,菜头,44710,部门,49710,黏性
4711,倒入,9711,君君,14711,宝妹,19711,惩罚,24711,有缘,29711,消除,34711,真言,39711,菜子,44711,部队,49711,黑丝
4712,倒卖,9712,君好,14712,宝姐姐,19712,惬意,24712,有缘人,29712,消食,34712,真让人,39712,菜小奕,44712,郫县,49712,黑乎乎
4713,倒地,9713,君子,14713,宝娜,19713,惭愧,24713,有缘分,29713,消食片,34713,真诚,39713,菜尾,44713,郭云,49713,黑云
4714,倒塌,9714,君安,14714,宝安,19714,惯例,24714,有罪,29714,涉事,34714,真话,39714,菜市场,44714,郭亚玲,49714,黑人
4715,倒头,9715,君彦,14715,宝宝,19715,惯性,24715,有聊,29715,涉及,34715,真该,39715,菜式,44715,郭京,49715,黑会
4716,倒底,9716,君想,14716,宝小欢,19716,想一想,24716,有肉,29716,涉嫌,34716,真说,39716,菜汤,44716,郭京飞,49716,黑作坊
4717,倒影,9717,君是,14717,宝山,19717,想不出,24717,有股,29717,涉案,34717,真谛,39717,菜泪,44717,郭亮,49717,黑匣子
4718,倒掉,9718,君来,14718,宝岛,19718,想不到,24718,有能,29718,涉水,34718,真豆,39718,菜牌,44718,郭仁宪,49718,黑发
4719,倒数,9719,君泪,14719,宝座,19719,想不开,24719,有脑,29719,涉足,34719,真象,39719,菜篮子,44719,郭仔,49719,黑吃黑
4720,倒时差,9720,君王,14720,宝弟,19720,想不起,24720,有花,29720,涉黑,34720,真货,39720,菜系,44720,郭伟,49720,黑名单
4721,倒水,9721,君说,14721,宝强,19721,想不起来,24721,有花开,29721,涌入,34721,真贵,39721,菜肴,44721,郭佳杰,49721,黑哥
4722,倒流,9722,吝啬,14722,宝有,19722,想不通,24722,有苦,29722,涌出,34722,真赞,39722,菜色,44722,郭健,49722,黑啤
4723,倒灌,9723,吞下去,14723,宝林,19723,想买个,24723,有范,29723,涌出来,34723,真赢,39723,菜花,44723,郭先生,49723,黑嘴
4724,倒立,9724,吞口水,14724,宝树,19724,想余翔,24724,有范儿,29724,涌动,34724,真身,39724,菜苔,44724,郭光东,49724,黑图
4725,倒胃口,9725,吞吞,14725,宝树爷,19725,想像,24725,有虫,29725,涌泉相报,34725,真过,39725,菜菜,44725,郭光硕,49725,黑土
4726,倒计时,9726,吞咽,14726,宝格丽,19726,想像中,24726,有蛮,29726,涌现,34726,真迹,39726,菜薹,44726,郭勇滨,49726,黑夜
4727,倒贴,9727,吟诗,14727,宝泪,19727,想像力,24727,有衡,29727,涓涓,34727,真逗,39727,菜要,44727,郭培,49727,黑天
4728,倒车,9728,吟风,14728,宝熙,19728,想养,24728,有衰,29728,涛哥,34728,真遗憾,39728,菜谱,44728,郭大,49728,黑天鹅
4729,倒退,9729,否定,14729,宝爹,19729,想到,24729,有要,29729,涛声,34729,真金,39729,菜量,44729,郭大侠,49729,黑头
4730,倒逼,9730,否极泰来,14730,宝物,19730,想加,24730,有见,29730,涛涛,34730,真长,39730,菜青虫,44730,郭大燕,49730,黑头发
4731,倒闭,9731,否认,14731,宝玉,19731,想回,24731,有识之士,29731,涟漪,34731,真难,39731,菜饭,44731,郭妍,49731,黑妞
4732,倒霉,9732,吧台,14732,宝玲,19732,想太多,24732,有试,29732,润唇膏,34732,真面目,39732,菜馆,44732,郭姐姐,49732,黑妹
4733,倒霉事,9733,吧唧,14733,宝珠,19733,想学,24733,有话,29733,润喉,34733,真饿,39733,菜鸟,44733,郭威,49733,黑子
4734,倒霉蛋,9734,吨位,14734,宝盒,19734,想定,24734,有误,29734,润水滋禾,34734,真香,39734,菠菜,44734,郭子,49734,黑客
4735,倔强,9735,吩咐,14735,宝盖,19735,想家,24735,有说有笑,29735,润泽,34735,真髓,39735,菠萝,44735,郭宝,49735,黑客技术
4736,候场,9736,含义,14736,宝石,19736,想家林志,24736,有货,29736,润润,34736,真高,39736,菠萝包,44736,郭富城,49736,黑屏
4737,候机,9737,含双早,14737,宝莱坞,19737,想家泪,24737,有趣,29737,润滑,34737,真高泪,39737,菠萝油,44737,郭小懒,49737,黑山
4738,候机楼,9738,含山,14738,宝藏,19738,想尽办法,24738,有车,29738,润滑油,34738,眩晕,39738,菠萝蜜,44738,郭小晓,49738,黑川子
4739,候着,9739,含恨,14739,宝贝,19739,想干什么,24739,有轨电车,29739,润燥,34739,眭枫,39739,菡子,44739,郭小晨,49739,黑巧
4740,候补,9740,含情脉脉,14740,宝贝儿,19740,想开,24740,有过,29740,润肤露,34740,眯眯眼,39740,菩提,44740,郭小沐穆杉伯,49740,黑帅
4741,候车,9741,含有,14741,宝贝儿子,19741,想当,24741,有近,29741,润肺,34741,眷侣,39741,菩提树,44741,郭小熠,49741,黑帮
4742,候选,9742,含泪,14742,宝贝女儿,19742,想当初,24742,有远见,29742,涨价,34742,眷念,39742,菩萨,44742,郭小苒,49742,黑幕
4743,候选人,9743,含税,14743,宝贝疙瘩,19743,想当年,24743,有道,29743,涨停,34743,眷恋,39743,菱形,44743,郭庆光,49743,黑底
4744,候鸟,9744,含笑,14744,宝贵,19744,想当然,24744,有道是,29744,涨停板,34744,眷顾,39744,菱角,44744,郭建波,49744,黑店
4745,倚天,9745,含糊,14745,宝贵意见,19745,想得,24745,有部,29745,涨到,34745,眸眸,39745,菱风,44745,郭强,49745,黑得
4746,借个,9746,含羞草,14746,宝马,19746,想得到,24746,有酒,29746,涨工资,34746,眺望,39746,菲儿,44746,郭德纲,49746,黑心
4747,借助,9747,含蓄,14747,宝马车,19747,想得美,24747,有钱,29747,涨幅,34747,眼下,39747,菲姐,44747,郭心,49747,黑怒
4748,借口,9748,含量,14748,宝鸡,19748,想必,24748,有钱人,29748,涨潮,34748,眼不见为净,39748,菲律宾,44748,郭志凯,49748,黑成
4749,借机,9749,听不懂,14749,实业,19749,想念,24749,有问必答,29749,涨薪,34749,眼中,39749,菲林,44749,郭志国,49749,黑手
4750,借来,9750,听不清,14750,实为,19750,想想,24750,有限,29750,涮羊肉,34750,眼保健操,39750,菲比,44750,郭恪,49750,黑手党
4751,借此机会,9751,听不见,14751,实乃,19751,想方设法,24751,有限公司,29751,液体,34751,眼儿,39751,菲特,44751,郭敬明,49751,黑打
4752,借用,9752,听个,14752,实习,19752,想来,24752,有雨,29752,涵养,34752,眼光,39752,菲菲,44752,郭文俊,49752,黑敏
4753,借着,9753,听云轩,14753,实习生,19753,想法,24753,有雾,29753,涵泪,34753,眼冒金星,39753,菲鱼,44753,郭昊伦,49753,黑暗
4754,借给,9754,听人,14754,实事,19754,想泪,24754,有面,29754,涵涵,34754,眼前,39754,萌主,44754,郭明,49754,黑木
4755,借花献佛,9755,听从,14755,实事求是,19755,想点,24755,有颗,29755,涵盖,34755,眼前一亮,39755,萌到,44755,郭明义,49755,黑松
4756,借鉴,9756,听众,14756,实体,19756,想瘦,24756,有风,29756,淀粉,34756,眼力,39756,萌化,44756,郭晏平,49756,黑板
4757,借钱,9757,听到,14757,实体店,19757,想着,24757,有食,29757,淄博,34757,眼圈,39757,萌咪子,44757,郭晓冬,49757,黑板报
4758,借问,9758,听力,14758,实况,19758,想秀,24758,有饭,29758,淅沥,34758,眼屎,39758,萌图,44758,郭晓松,49758,黑桃
4759,倡导,9759,听听,14759,实况足球,19759,想要,24759,有骨头,29759,淅淅沥沥,34759,眼巴巴,39759,萌好,44759,郭晓雪,49759,黑框
4760,倩倩,9760,听听看,14760,实况转播,19760,想见,24760,有鬼,29760,淋巴,34760,眼影,39760,萌妹,44760,郭晨,49760,黑森林
4761,倩女,9761,听得,14761,实则,19761,想订,24761,有鱼,29761,淋成,34761,眼晕,39761,萌娃,44761,郭晨冬,49761,黑椒
4762,倩女幽魂,9762,听得懂,14762,实力,19762,想象,24762,朋克,29762,淋浴,34762,眼望,39762,萌子,44762,郭晶,49762,黑武
4763,倩影,9763,听得见,14763,实力派,19763,想象力,24763,朋友,29763,淋漓,34763,眼泪,39763,萌宝,44763,郭月晨,49763,黑毛
4764,倪倪,9764,听懂,14764,实力雄厚,19764,想起,24764,朋友圈,29764,淋漓尽致,34764,眼泪汪汪,39764,萌宠,44764,郭松民,49764,黑泪
4765,倪匡,9765,听来,14765,实名,19765,想过,24765,朋友家,29765,淋着,34765,眼熟,39765,萌得,44765,郭柯,49765,黑洞
4766,倪妮,9766,听歌,14766,实名制,19766,想通,24766,朋朋,29766,淋雨,34766,眼猛,39766,萌晕,44766,郭梦,49766,黑活
4767,倪正东,9767,听泪,14767,实在,19767,想飞,24767,服不服,29767,淌水,34767,眼王,39767,萌杰,44767,郭洪钧,49767,黑涩
4768,债务,9768,听涛,14768,实在是高,19768,惶恐,24768,服了,29768,淑女,34768,眼珠,39768,萌死,44768,郭海,49768,黑漆漆
4769,值不值,9769,听的歌,14769,实地,19769,惹不起,24769,服从,29769,淑德,34769,眼珠子,39769,萌点,44769,郭涛,49769,黑灯瞎火
4770,值得,9770,听相声,14770,实地考察,19770,惹人,24770,服务,29770,淑敏,34770,眼球,39770,萌照,44770,郭濮源,49770,黑点
4771,值得一提的是,9771,听筒,14771,实实在在,19771,惹人爱,24771,服务业,29771,淘到,34771,眼界,39771,萌爆,44771,郭炜,49771,黑熊
4772,值得一看,9772,听者,14772,实属,19772,惹味,24772,服务中心,29772,淘宝,34772,眼疾手快,39772,萌爱,44772,郭照,49772,黑犬
4773,值得反思,9773,听见,14773,实归,19773,惹麻烦,24773,服务区,29773,淘宝网,34773,眼皮,39773,萌物,44773,郭熙妍,49773,黑狗
4774,值得尊敬,9774,听觉,14774,实录,19774,愈加,24774,服务台,29774,淘得,34774,眼看,39774,萌狗,44774,郭燕妮,49774,黑猪
4775,值得尊重,9775,听讲,14775,实心,19775,愈发,24775,服务员,29775,淘来,34775,眼眶,39775,萌生,44775,郭燕娃,49775,黑猫
4776,值得称赞,9776,听话,14776,实惠,19776,愈来愈,24776,服务器,29776,淘气,34776,眼眼,39776,萌系,44776,郭美美,49776,黑玛亚
4777,值得纪念,9777,听说,14777,实战,19777,愉快,24777,服务导报,29777,淘汰,34777,眼睁睁,39777,萌翻,44777,郭老,49777,黑珍珠
4778,值机,9778,听课,14778,实拍,19778,愉悦,24778,服务平台,29778,淘淘,34778,眼睛,39778,萌芽,44778,郭蔷,49778,黑白
4779,值班,9779,听过,14779,实操,19779,意中人,24779,服务态度,29779,淘米,34779,眼瞅,39779,萌萌,44779,郭蕊,49779,黑白两道
4780,值钱,9780,听错,14780,实施,19780,意义,24780,服务生,29780,淘米水,34780,眼神,39780,萌萌萌,44780,郭薇,49780,黑皮
4781,倾倒,9781,听闻,14781,实时,19781,意向,24781,服务站,29781,淘金,34781,眼神儿,39781,萍水,44781,郭蝈,49781,黑眼
4782,倾力,9782,听雨,14782,实景,19782,意味,24782,服务网,29782,淡云,34782,眼福,39782,萍水相逢,44782,郭说,49782,黑眼圈
4783,倾向,9783,听音,14783,实景拍摄,19783,意味着,24783,服务行业,29783,淡出,34783,眼科,39783,萍萍,44783,郭郭,49783,黑眼睛
4784,倾听,9784,听风,14784,实物,19784,意图,24784,服务质量,29784,淡化,34784,眼红,39784,萎缩,44784,郭采洁,49784,黑石礁
4785,倾城,9785,吭哧,14785,实物图,19785,意境,24785,服务费,29785,淡季,34785,眼线,39785,萎靡,44785,郭金霞,49785,黑社会
4786,倾家荡产,9786,启东,14786,实用,19786,意外,24786,服务队,29786,淡定,34786,眼罩,39786,萝卜,44786,郭靖,49786,黑竹
4787,倾心,9787,启动,14787,实用性,19787,意大利,24787,服就露,29787,淡忘,34787,眼膜,39787,萝卜丝,44787,郭静,49787,黑米
4788,倾情,9788,启发,14788,实用手册,19788,意大利人,24788,服毒,29788,淡斑,34788,眼花,39788,萝卜干,44788,郭颖,49788,黑糖
4789,倾斜,9789,启明,14789,实至名归,19789,意式,24789,服气,29789,淡月,34789,眼花缭乱,39789,萝卜腿,44789,郭颖谦,49789,黑糯米
4790,倾盆大雨,9790,启用,14790,实行,19790,意志,24790,服用,29790,淡水,34790,眼药,39790,萝莉,44790,郯城,49790,黑红
4791,倾诉,9791,启示,14791,实诚,19791,意志力,24791,服药,29791,淡泊,34791,眼药水,39791,萤火虫,44791,郴州,49791,黑线
4792,假作,9792,启示录,14792,实话,19792,意念,24792,服装,29792,淡泊明志,34792,眼袋,39792,营业,44792,郴州市,49792,黑羊
4793,假冒,9793,启程,14793,实话实说,19793,意想不到,24793,服饰,29793,淡淡,34793,眼见,39793,营业厅,44793,都乐,49793,黑胖
4794,假发,9794,启聪,14794,实质,19794,意愿,24794,朔月,29794,淡淡地,34794,眼见为实,39794,营业时间,44794,都匀,49794,黑胡椒
4795,假唱,9795,启航,14795,实质性,19795,意料,24795,朗园,29795,淡淡的,34795,眼角,39795,营业部,44795,都城,49795,黑脸
4796,假小子,9796,启蒙,14796,实践,19796,意料之外,24796,朗姆酒,29796,淡然,34796,眼角膜,39796,营业额,44796,都市,49796,黑色
4797,假币,9797,启贺,14797,实践证明,19797,意气风发,24797,朗廷,29797,淡盐水,34797,眼部,39797,营养,44797,都市人,49797,黑色幽默
4798,假想,9798,启迪,14798,实际上,19798,意淫,24798,朗朗,29798,淡紫,34798,眼都,39798,营养师,44798,都市快报,49798,黑芝麻
4799,假扮,9799,启韬,14799,实际行动,19799,意犹未尽,24799,朗朗上口,29799,淡紫色,34799,眼里,39799,营养配餐,44799,都市报,49799,黑花
4800,假新闻,9800,吱吱,14800,实验,19800,意粉,24800,朗润,29800,淡蓝,34800,眼镜,39800,营养餐,44800,都市生活,49800,黑茶
4801,假日,9801,吴伟,14801,实验室,19801,意见,24801,朗者,29801,淡蓝色,34801,眼镜框,39801,营地,44801,都度,49801,黑莓
4802,假日办,9802,吴佩,14802,实验站,19802,意见反馈,24802,朗诵,29802,淡雅,34802,眼镜盒,39802,营建,44802,都悔青,49802,黑蚂蚁
4803,假日酒店,9803,吴佩慈,14803,宠儿,19803,意识,24803,朗读,29803,淤泥,34803,眼霜,39803,营收,44803,都昌,49803,黑蝶
4804,假期,9804,吴健,14804,宠爱,19804,意识形态,24804,朗豪,29804,淤青,34804,眼馋,39804,营救,44804,都江堰,49804,黑蝶林岚
4805,假泪,9805,吴先生,14805,宠物,19805,意识流,24805,望京,29805,淫乱,34805,着凉,39805,营运,44805,都行,49805,黑衣
4806,假消息,9806,吴克,14806,宠物中心,19806,意面,24806,望去,29806,淫僧,34806,着力,39806,营造,44806,都还没,49806,黑衣人
4807,假牙,9807,吴克清,14807,宠物医院,19807,愚乐,24807,望天,29807,淫多,34807,着劲儿,39807,营销,44807,鄂尔多斯,49807,黑衰
4808,假睫毛,9808,吴其伦,14808,宠物店,19808,愚人,24808,望尘莫及,29808,淫威,34808,着实,39808,营销中心,44808,鄙视,49808,黑衰衰
4809,假票,9809,吴军,14809,宠物狗,19809,愚人节,24809,望断,29809,淫才,34809,着急,39809,营销策划,44809,鄢烈山,49809,黑豆
4810,假装,9810,吴冰,14810,宠着,19810,愚公,24810,望明月,29810,淫秽,34810,着想,39810,萦绕,44810,鄢蔓,49810,黑车
4811,假设,9811,吴刚,14811,审判,19811,愚公移山,24811,望月,29811,淫者,34811,着手,39811,萧伯纳,44811,鄢雨,49811,黑道
4812,假话,9812,吴勇,14812,审批,19812,愚夫,24812,望梅止渴,29812,淫荡,34812,着数,39812,萧含,44812,鄱阳,49812,黑道风云
4813,假象,9813,吴吉明,14813,审查,19813,愚孝,24813,望海,29813,淮侯,34813,着火,39813,萧寒,44813,鄱阳湖,49813,黑金
4814,假货,9814,吴向,14814,审核,19814,愚巷,24814,望眼欲穿,29814,淮南,34814,着眼,39814,萧山,44814,酋长,49814,黑金刚
4815,假酒,9815,吴君如,14815,审片,19815,愚弄,24815,望穿,29815,淮安,34815,着落,39815,萧敬腾,44815,配上,49815,黑锅
4816,假钞,9816,吴哥,14816,审稿,19816,愚昧,24816,望而却步,29816,淮山,34816,着装,39816,萧普贤,44816,配不上,49816,黑键
4817,假面,9817,吴哥窟,14817,审美,19817,愚痴,24817,望花,29817,淮扬,34817,着迷,39817,萧条,44817,配个,49817,黑马
4818,偌大,9818,吴国,14818,审美疲劳,19818,愚蠢,24818,望见,29818,淮扬菜,34818,着重,39818,萧然,44818,配乐,49818,黑鱼
4819,偏低,9819,吴坤,14819,审美观,19819,感人,24819,望远镜,29819,淮河,34819,着陆,39819,萧瑟,44819,配以,49819,黑麦
4820,偏僻,9820,吴大鹏,14820,审视,19820,感人至深,24820,朝九晚五,29820,淮海,34820,睁不开,39820,萧育,44820,配件,49820,黑黑
4821,偏头痛,9821,吴奇隆,14821,审计,19821,感伤,24821,朝代,29821,淮海中路,34821,睁大眼睛,39821,萧育文,44821,配发,49821,黑黑的
4822,偏好,9822,吴威,14822,审讯,19822,感光度,24822,朝华,29822,淮海路,34822,睁开,39822,萧萧,44822,配合,49822,黑龙江
4823,偏差,9823,吴娟,14823,客串,19823,感兴趣,24823,朝南,29823,深井,34823,睁开眼,39823,萨克斯,44823,配合默契,49823,黑龙江省
4824,偏心,9824,吴子,14824,客丹,19824,感冒,24824,朝向,29824,深信,34824,睁开眼睛,39824,萨其马,44824,配图,49824,黑龙潭
4825,偏执,9825,吴尊,14825,客人,19825,感冒药,24825,朝圣,29825,深信不疑,34825,睁眼,39825,萨博,44825,配备,49825,黔东南
4826,偏执狂,9826,吴尊家,14826,客会,19826,感到,24826,朝外,29826,深入人心,34826,睡一觉,39826,萨哈,44826,配套,49826,黔景
4827,偏方,9827,吴小楠,14827,客厅,19827,感动,24827,朝廷,29827,深入浅出,34827,睡上,39827,萨尔,44827,配好,49827,黔西南
4828,偏激,9828,吴小洁,14828,客圈,19828,感动不已,24828,朝思暮想,29828,深入研究,34828,睡不到,39828,萨拉,44828,配对,49828,默不作声
4829,偏爱,9829,吴山,14829,客场,19829,感受,24829,朝拜,29829,深冬,34829,睡不着,39829,萨摩,44829,配当,49829,默哀
4830,偏甜,9830,吴岩,14830,客官,19830,感受一下,24830,朝旭,29830,深切,34830,睡不醒,39830,萨摩耶,44830,配得,49830,默契
4831,偏离,9831,吴川,14831,客家,19831,感叹,24831,朝晖,29831,深刻,34831,睡个,39831,萨赫,44831,配搭,49831,默客
4832,偏要,9832,吴彦祖,14832,客家人,19832,感同身受,24832,朝暮,29832,深刻印象,34832,睡会,39832,落下,44832,配文,49832,默念
4833,偏见,9833,吴必虎,14833,客家菜,19833,感官,24833,朝朝,29833,深厚,34833,睡到,39833,落人,44833,配料,49833,默沫
4834,偏远,9834,吴志,14834,客居,19834,感念,24834,朝歌,29834,深双,34834,睡前,39834,落伍,44834,配方,49834,默片
4835,偏逢,9835,吴志伟,14835,客座,19835,感怀,24835,朝气,29835,深受,34835,睡午觉,39835,落到,44835,配有,49835,默笙
4836,偏锋,9836,吴志强,14836,客户,19836,感性,24836,朝气蓬勃,29836,深受其害,34836,睡去,39836,落叶,44836,配烤,49836,默认
4837,偕老,9837,吴志祥,14837,客户服务,19837,感恩,24837,朝煌,29837,深呼吸,34837,睡员,39837,落后,44837,配眼镜,49837,默许
4838,做下,9838,吴敏,14838,客户端,19838,感恩节,24838,朝阳,29838,深圳,34838,睡多,39838,落地,44838,配着,49838,默默
4839,做不了,9839,吴斌,14839,客户经理,19839,感悟,24839,朝阳区,29839,深圳市,34839,睡大觉,39839,落地窗,44839,配置,49839,默默无闻
4840,做东,9840,吴昕,14840,客房,19840,感情,24840,朝阳医院,29840,深圳机场,34840,睡好,39840,落实,44840,配色,49840,黛斯
4841,做个,9841,吴晓波,14841,客房部,19841,感想,24841,朝阳路,29841,深埋,34841,睡姿,39841,落寒霄,44841,配菜,49841,黛眉兰馨
4842,做主,9842,吴曼临,14842,客有,19842,感慨,24842,朝阳门,29842,深处,34842,睡得,39842,落寞,44842,配角,49842,黝黑
4843,做书,9843,吴树生,14843,客服,19843,感慨万千,24843,朝霞,29843,深夜,34843,睡得正香,39843,落尘,44843,配诗,49843,黟县
4844,做事,9844,吴楠,14844,客机,19844,感染,24844,朝鲜,29844,深夜里,34844,睡意,39844,落尽,44844,配送,49844,黯淡
4845,做些,9845,吴永俊,14845,客栈,19845,感染力,24845,期中考试,29845,深奥,34845,睡懒觉,39845,落山,44845,配酒,49845,黯然
4846,做人,9846,吴永强,14846,客气,19846,感泪,24846,期刊,29846,深宫,34846,睡梦中,39846,落差,44846,配音,49846,黯然失色
4847,做件,9847,吴江,14847,客流,19847,感激,24847,期待,29847,深小蓝,34847,睡泪,39847,落幕,44847,配餐,49847,黯然神伤
4848,做何,9848,吴法天,14848,客源,19848,感激不尽,24848,期待已久,29848,深层,34848,睡点,39848,落户,44848,配饰,49848,黯然销魂
4849,做作,9849,吴海,14849,客满,19849,感激涕零,24849,期是,29849,深层次,34849,睡相,39849,落日,44849,酒不醉,49849,鼎力
4850,做作业,9850,吴玉娟,14850,客舱,19850,感爱,24850,期望,29850,深山,34850,睡眠,39850,落枕,44850,酒业,49850,鼎力支持
4851,做做,9851,吴琼,14851,客行,19851,感知,24851,期望值,29851,深山老林,34851,睡眠不足,39851,落水,44851,酒仙,49851,鼎好
4852,做出,9852,吴秀波,14852,客街,19852,感脚,24852,期期,29852,深巷,34852,睡着,39852,落汤鸡,44852,酒仙桥,49852,鼎泰丰
4853,做好,9853,吴稼祥,14853,客观,19853,感衰,24853,期末,29853,深广,34853,睡睡,39853,落泪,44853,酒会,49853,鼎鼎
4854,做好事,9854,吴绍庆,14854,客车,19854,感觉,24854,期末考试,29854,深度,34854,睡睡觉,39854,落空,44854,酒体,49854,鼓书
4855,做客,9855,吴苏媚,14855,客运,19855,感角,24855,期权,29855,深得,34855,睡神,39855,落脚,44855,酒儿,49855,鼓动
4856,做工,9856,吴莫愁,14856,客运站,19856,感触,24856,期盼,29856,深思,34856,睡美人,39856,落花,44856,酒力,49856,鼓励
4857,做广告,9857,吴薇,14857,宣亚,19857,感言,24857,期许,29857,深恶痛绝,34857,睡莲,39857,落花流水,44857,酒单,49857,鼓劲
4858,做强,9858,吴虹飞,14858,宣传,19858,感谢,24858,期货,29858,深情,34858,睡衣,39858,落荒而逃,44858,酒厂,49858,鼓包
4859,做得好,9859,吴赛,14859,宣传册,19859,感谢上帝,24859,期间,29859,深情款款,34859,睡衰,39859,落落,44859,酒友,49859,鼓手
4860,做戏,9860,吴越,14860,宣传单,19860,感谢您,24860,期限,29860,深想,34860,睡袋,39860,落选,44860,酒后,49860,鼓捣
4861,做成,9861,吴迪,14861,宣传片,19861,愣头青,24861,朦胧,29861,深意,34861,睡裤,39861,落雨,44861,酒吧,49861,鼓掌
4862,做手术,9862,吴鑫,14862,宣传画,19862,愤怒,24862,木乃伊,29862,深感,34862,睡觉,39862,落雪,44862,酒味,49862,鼓掌欢迎
4863,做梦,9863,吴铭,14863,宣传语,19863,愤恨,24863,木事,29863,深明,34863,睡觉时,39863,落魄,44863,酒壶,49863,鼓楼
4864,做次,9864,吴镇宇,14864,宣传部,19864,愤愤不平,24864,木人,29864,深更半夜,34864,睡觉时间,39864,著作,44864,酒好,49864,鼓浪屿
4865,做法,9865,吴队,14865,宣判,19865,愤慨,24865,木偶,29865,深有体会,34865,睡觉觉,39865,著名,44865,酒姐,49865,鼓石堂
4866,做滴,9866,吴青,14866,宣南,19866,愤懑,24866,木兆木兆,29866,深有同感,34866,睡过,39866,著名景点,44866,酒家,49866,鼓舞
4867,做点,9867,吴默,14867,宣告,19867,愤青,24867,木兰,29867,深有感触,34867,睡过去,39867,著称,44867,酒局,49867,鼓起勇气
4868,做爱,9868,吵吵,14868,宣宣,19868,愧对,24868,木制,29868,深水,34868,睡醒,39868,葛优,44868,酒席,49868,鼓鼓的
4869,做生意,9869,吵架,14869,宣德,19869,愧疚,24869,木匠,29869,深沉,34869,睡饱,39869,葛兆恩宝弟,44869,酒庄,49869,鼠标
4870,做菜,9870,吵起来,14870,宣战,19870,愿望,24870,木南,29870,深浅,34870,督促,39870,葛杉,44870,酒店业,49870,鼠标垫
4871,做起,9871,吵醒,14871,宣扬,19871,愿爱佑,24871,木叶,29871,深海,34871,督察,39871,葛格,44871,酒店客房,49871,鼹鼠
4872,做过,9872,吵闹,14872,宣武,19872,愿赌服输,24872,木吉他,29872,深海蓝,34872,督导,39872,葛磊,44872,酒廊,49872,鼻塞
4873,做错,9873,吸取,14873,宣武区,19873,慈善,24873,木地板,29873,深海鱼,34873,睫毛,39873,葛芳,44873,酒徒,49873,鼻头
4874,做错事,9874,吸吸,14874,宣武门,19874,慈善事业,24874,木夕,29874,深深,34874,睫毛膏,39874,葡萄,44874,酒来,49874,鼻子
4875,做题,9875,吸尘器,14875,宣毛,19875,慈悲,24875,木大,29875,深深地,34875,睾丸,39875,葡萄园,44875,酒杯,49875,鼻孔
4876,做饭,9876,吸引,14876,宣泄,19876,慈溪,24876,木头,29876,深深感动,34876,睿智,39876,葡萄干,44876,酒标,49876,鼻尖
4877,做鬼,9877,吸引力,14877,宣称,19877,慈爱,24877,木头人,29877,深渊,34877,瞄上,39877,葡萄架,44877,酒桌,49877,鼻屎
4878,做鬼脸,9878,吸收,14878,宣纸,19878,慈父,24878,木子,29878,深港,34878,瞄准,39878,葡萄汁,44878,酒桌上,49878,鼻息
4879,停下,9879,吸毒,14879,宣言,19879,慈祥,24879,木子美,29879,深潜,34879,瞄星,39879,葡萄牙,44879,酒桶,49879,鼻梁
4880,停下来,9880,吸溜,14880,宣誓,19880,慈禧,24880,木尔,29880,深爱,34880,瞅见,39880,葡萄牙人,44880,酒楼,49880,鼻涕
4881,停不下来,9881,吸烟,14881,宣非,19881,慌乱,24881,木屋,29881,深玩,34881,瞌睡,39881,葡萄糖,44881,酒水,49881,鼻炎
4882,停不住,9882,吸烟者,14882,室内,19882,慌张,24882,木斯塘,29882,深知,34882,瞌睡虫,39882,葡萄酒,44882,酒液,49882,鼻祖
4883,停业,9883,吸盘,14883,室内乐,19883,慎入,24883,木易,29883,深秋,34883,瞎了眼,39883,葡语,44883,酒王,49883,鼻腔
4884,停产,9884,吸着,14884,室友,19884,慎点,24884,木星,29884,深紫,34884,瞎子,39884,董事,44884,酒瓶,49884,鼻血
4885,停停,9885,吸睛,14885,室外,19885,慎用,24885,木是,29885,深航,34885,瞎扯,39885,董事会,44885,酒瓶子,49885,鼻音
4886,停工,9886,吸管,14886,室温,19886,慎重,24886,木景,29886,深色,34886,瞎折腾,39886,董事长,44886,酒神,49886,鼾声
4887,停播,9887,吸纳,14887,宦官,19887,慎重考虑,24887,木有,29887,深蓝,34887,瞎掰,39887,董先生,44887,酒窖,49887,鼾声如雷
4888,停放,9888,吸血鬼,14888,宪兵,19888,慕容,24888,木有票,29888,深蓝色,34888,瞎搞,39888,董克,44888,酒窝,49888,齐云山
4889,停机,9889,吸走,14889,宪政,19889,慕容雪,24889,木木,29889,深藏,34889,瞎操心,39889,董克平,44889,酒精,49889,齐全
4890,停机坪,9890,吹出来,14890,宪法,19890,慕尼黑,24890,木杉,29890,深藏不露,34890,瞎猜,39890,董卿,44890,酒精度,49890,齐刚
4891,停歇,9891,吹干,14891,宪章,19891,慕岩,24891,木村,29891,深表,34891,瞎琢磨,39891,董啸,44891,酒红,49891,齐刷刷
4892,停止,9892,吹得,14892,宫中,19892,慕慕,24892,木来,29892,深表同情,34892,瞎眼,39892,董大,44892,酒缸,49892,齐勇
4893,停止使用,9893,吹成,14893,宫主,19893,慕斯,24893,木板,29893,深表歉意,34893,瞎话,39893,董存存,44893,酒罐,49893,齐唱
4894,停水,9894,吹捧,14894,宫保,19894,慕春彦,24894,木桌,29894,深表遗憾,34894,瞎说,39894,董存瑞,44894,酒肉,49894,齐声
4895,停泊,9895,吹牛,14895,宫保鸡,19895,慕睿衡,24895,木桶,29895,深谙,34895,瞎逛,39895,董学刚,44895,酒肉朋友,49895,齐天
4896,停滞,9896,吹箫,14896,宫元书,19896,慢些,24896,木棉,29896,深远,34896,瞎闹,39896,董小栗,44896,酒色,49896,齐天大圣
4897,停满,9897,吹风,14897,宫城,19897,慢半拍,24897,木棉花,29897,深邃,34897,瞑目,39897,董崇飞,44897,酒足饭饱,49897,齐宇
4898,停电,9898,吹风机,14898,宫女,19898,慢吞吞,24898,木槿,29898,深重,34898,瞧一瞧,39898,董彬,44898,酒都,49898,齐小七
4899,停留,9899,吻别,14899,宫崎骏,19899,慢开,24899,木樨地,29899,深闺,34899,瞧不起,39899,董成鹏,44899,酒酒,49899,齐心协力
4900,停职,9900,吻合,14900,宫廷,19900,慢性,24900,木法,29900,深陷,34900,瞧瞧,39900,董文,44900,酒酿,49900,齐放
4901,停药,9901,吻雯,14901,宫斗,19901,慢悠悠,24901,木炭,29901,深黑色,34901,瞧见,39901,董明,44901,酒醉,49901,齐活
4902,停课,9902,吼吼,14902,宫殿,19902,慢慢,24902,木琴,29902,淳子,34902,瞩目,39902,董曦阳,44902,酒醒,49902,齐秦
4903,停车,9903,吼声,14903,宫灵灵,19903,慢慢来,24903,木瓜,29903,淳宝,34903,瞪眼,39903,董汤,44903,酒量,49903,齐聚
4904,停车位,9904,吾爱,14904,宫爆,19904,慢死,24904,木盆,29904,淳朴,34904,瞬息万变,39904,董汤明,44904,酒钱,49904,齐聚一堂
4905,停车场,9905,吾辈,14905,宫里,19905,慢游,24905,木石,29905,混不下去,34905,瞬时,39905,董洁,44905,酒隐,49905,齐肩
4906,停车费,9906,呀呀,14906,宫锁,19906,慢点,24906,木籽,29906,混乱,34906,瞬间,39906,董瑾,44906,酒馆,49906,齐迹
4907,停运,9907,呆会,14907,宰客,19907,慢热,24907,木耳,29907,混儿,34907,瞻仰,39907,董璇,44907,酒香,49907,齐飞
4908,停靠,9908,呆呆,14908,宰杀,19908,慢行,24908,木花,29908,混合,34908,瞿广慈,39908,董继闪,44908,酒驾,49908,齐鲁
4909,停顿,9909,呆头,14909,宰相,19909,慢走,24909,木见,29909,混合体,34909,瞿颖,39909,董良杰,44909,酒鬼,49909,齐鲁大地
4910,停驻,9910,呆子,14910,害人,19910,慢跑,24910,木讷,29910,混在,34910,矍铄,39910,董芳,44910,酗酒,49910,齐鸣
4911,健一,9911,呆滞,14911,害人不浅,19911,慢车,24911,木质,29911,混子,34911,矗立,39911,董芳汇,44911,酝酿,49911,齐齐
4912,健健,9912,呆萌,14912,害人害己,19912,慢镜头,24912,木钱,29912,混帐,34912,矛盾,39912,董董,44912,酣畅淋漓,49912,齐齐哈尔
4913,健健康康,9913,呈献,14913,害得,19913,慧仔,24913,木门,29913,混搭风,34913,矛盾体,39913,董藩,44913,酣睡,49913,齿科
4914,健全,9914,呈现,14914,害怕,19914,慧初,24914,木雁,29914,混日子,34914,矛苔,39914,董路,44914,酥油茶,49914,龌龊
4915,健力宝,9915,呈现出,14915,害死,19915,慧小,24915,木雕,29915,混沌,34915,矜持,39915,董辉,44915,酥皮,49915,龙之梦
4916,健哥,9916,呈祥,14916,害羞,19916,慧慧,24916,木雨,29916,混淆,34916,知不知道,39916,葫芦,44916,酥胸,49916,龙云飞
4917,健在,9917,呈贡,14917,害群之马,19917,慧眼,24917,木马,29917,混混,34917,知乎,39917,葫芦娃,44917,酥脆,49917,龙井
4918,健将,9918,告一段落,14918,害虫,19918,慰劳,24918,木鱼,29918,混混沌沌,34918,知会,39918,葬礼,44918,酥软,49918,龙井茶
4919,健康,9919,告之,14919,宴会,19919,慰籍,24919,未了,29919,混熟,34919,知友,39919,葬送,44919,酥饼,49919,龙儿
4920,健康成长,9920,告别,14920,宴会厅,19920,慰藉,24920,未予,29920,混球,34920,知名,39920,葱姜,44920,酬劳,49920,龙凤
4921,健康长寿,9921,告急,14921,宴席,19921,慰问,24921,未免,29921,混着,34921,知名品牌,39921,葱油,44921,酬宾,49921,龙凤胎
4922,健弘,9922,告慰,14922,宴请,19922,慵懒,24922,未免太,29922,混蛋,34922,知名度,39922,葱油饼,44922,酬谢,49922,龙卷风
4923,健忘,9923,告状,14923,宵夜,19923,慷慨,24923,未到,29923,混血,34923,知否,39923,葱白,44923,酱园,49923,龙吟
4924,健步如飞,9924,告白,14924,家一,19924,憋不住,24924,未卜先知,29924,混账,34924,知味,39924,葱绿,44924,酱子,49924,龙哥
4925,健美,9925,告知,14925,家丑,19925,憋住,24925,未及,29925,混过,34925,知多少,39925,葱花,44925,酱家,49925,龙啸
4926,健胃,9926,告终,14926,家业,19926,憋屈,24926,未名湖,29926,混进,34926,知己,39926,葱葱,44926,酱料,49926,龙嘉丽
4927,健脾,9927,告诉,14927,家中,19927,憋死,24927,未央,29927,混进来,34927,知心,39927,葵小萱,44927,酱汁,49927,龙城
4928,健走,9928,告诉您,14928,家乐,19928,憋气,24928,未娶,29928,混迹,34928,知性,39928,葵花,44928,酱求,49928,龙头
4929,健身,9929,告诫,14929,家乐福,19929,憋着,24929,未婚,29929,混音,34929,知性美,39929,葵花宝典,44929,酱油,49929,龙套
4930,健身卡,9930,呐喊,14930,家乡,19930,憋闷,24930,未嫁,29930,混饭吃,34930,知情,39930,蒋丰,44930,酱泪,49930,龙妈
4931,健身房,9931,呐太,14931,家乡人,19931,憎恨,24931,未完待续,29931,淹死,34931,知情者,39931,蒋介石,44931,酱牛肉,49931,龙婧
4932,健身运动,9932,呐晕,14932,家乡话,19932,憎恶,24932,未尽,29932,淹水,34932,知我者,39932,蒋勇,44932,酱用,49932,龙宝
4933,偶买,9933,呐泪,14933,家买,19933,憔悴,24933,未归,29933,淹没,34933,知日,39933,蒋子,44933,酱紫,49933,龙山
4934,偶们,9934,呓语,14934,家事,19934,憧憬,24934,未必,29934,添丁,34934,知春路,39934,蒋宗羽,44934,酱肉,49934,龙山寺
4935,偶像,9935,呕吐,14935,家产,19935,憨厚,24935,未愈,29935,添个,34935,知是,39935,蒋峻,44935,酱菜,49935,龙岗
4936,偶像剧,9936,呕心沥血,14936,家人,19936,憨子,24936,未成年,29936,添乱,34936,知晓,39936,蒋方舟,44936,酱酱,49936,龙岩
4937,偶在,9937,员外,14937,家们,19937,憨笑,24937,未成年人,29937,添加,34937,知根知底,39937,蒋毅,44937,酱香,49937,龙川
4938,偶得,9938,员工,14938,家伙,19938,憨豆,24938,未找到,29938,添加剂,34938,知爸,39938,蒋海良,44938,酱鸭,49938,龙年
4939,偶想,9939,呛水,14939,家住,19939,懂不懂,24939,未敢,29939,添堵,34939,知行合一,39939,蒋涛,44939,酵母,49939,龙年大吉
4940,偶是,9940,呜呜,14940,家俱,19940,懂事,24940,未散,29940,添添,34940,知觉,39940,蒋玲,44940,酵素,49940,龙应台
4941,偶木有,9941,呢喃,14941,家具,19941,懂吗,24941,未曾,29941,添点,34941,知识,39941,蒋瞰,44941,酷似,49941,龙抬头
4942,偶来,9942,周一,14942,家养,19942,懂得,24942,未有,29942,添砖加瓦,34942,知识产权,39942,蒋轶臻,44942,酷刑,49942,龙族
4943,偶泪,9943,周三,14943,家务,19943,懂泪,24943,未来,29943,添置,34943,知识分子,39943,蒋锡培,44943,酷前,49943,龙江
4944,偶滴,9944,周二,14944,家化,19944,懂滴,24944,未果,29944,添衣,34944,知识库,39944,蒋韵,44944,酷剧,49944,龙河
4945,偶然,9945,周云蓬,14945,家南,19945,懂点,24945,未满,29945,添醋,34945,知识点,39945,蒋鹏,44945,酷卡,49945,龙泽
4946,偶然间,9946,周五,14946,家去,19946,懂行,24946,未眠,29946,添麻烦,34946,知足,39946,蒙古,44946,酷卡酷,49946,龙洋
4947,偶爱,9947,周京平,14947,家后,19947,懂雨桐,24947,未知,29947,清一色,34947,知足常乐,39947,蒙古人,44947,酷去,49947,龙湖
4948,偶系,9948,周亮,14948,家向,19948,懊恼,24948,未经,29948,清丽,34948,知足者,39948,蒙哥,44948,酷周,49948,龙滩
4949,偶素,9949,周人,14949,家园,19949,懒人,24949,未能,29949,清代,34949,知错,39949,蒙圈,44949,酷坏,49949,龙潭湖
4950,偶要,9950,周代,14950,家境,19950,懒得,24950,未能如愿,29950,清元,34950,知阁,39950,蒙太奇,44950,酷太,49950,龙灿
4951,偶记,9951,周兆军,14951,家太,19951,懒惰,24951,未获,29951,清净,34951,知青,39951,蒙娜丽莎,44951,酷好,49951,龙熙
4952,偶遇,9952,周全,14952,家奴,19952,懒懒,24952,未获奖,29952,清凉,34952,知音,39952,蒙山,44952,酷宝,49952,龙爷
4953,偷东西,9953,周公,14953,家宅,19953,懒散,24953,未见,29953,清华,34953,矫情,39953,蒙牛,44953,酷客,49953,龙猪
4954,偷乐,9954,周公子,14954,家宴,19954,懒洋洋,24954,未解,29954,清华大学,34954,矫正,39954,蒙特利尔,44954,酷小,49954,龙猫
4955,偷偷,9955,周六,14955,家家,19955,懒猪,24955,未读,29955,清华大学出版社,34955,短信,39955,蒙男,44955,酷帅,49955,龙王
4956,偷偷摸摸,9956,周六日,14956,家小,19956,懒猫,24956,未遂,29956,清单,34956,短发,39956,蒙眼,44956,酷库,49956,龙的传人
4957,偷吃,9957,周军,14957,家居,19957,懒羊羊,24957,未闻,29957,清唱,34957,短命,39957,蒙着,44957,酷张,49957,龙眼
4958,偷工减料,9958,周凯,14958,家居设计,19958,懒腰,24958,未雨绸缪,29958,清嘉,34958,短文,39958,蒙羞,44958,酷晕,49958,龙脊
4959,偷心,9959,周凯莉,14959,家属,19959,懒虫,24959,未食,29959,清城,34959,短时,39959,蒙自,44959,酷暑,49959,龙腾
4960,偷情,9960,周刊,14960,家常,19960,懒觉,24960,末世,29960,清妃,34960,短时间,39960,蒙蒙,44960,酷有福,49960,龙舟
4961,偷懒,9961,周到,14961,家常便饭,19961,懒马,24961,末了,29961,清官,34961,短暂,39961,蒙蒙亮,44961,酷毙,49961,龙舟赛
4962,偷拍,9962,周华健,14962,家常菜,19962,懒鬼,24962,末代,29962,清平,34962,短期,39962,蒙蔽,44962,酷毙了,49962,龙船
4963,偷摸,9963,周口,14963,家庄,19963,懦夫,24963,末子,29963,清幽,34963,短期内,39963,蒙语,44963,酷泪,49963,龙虎山
4964,偷梁换柱,9964,周周,14964,家店,19964,懦弱,24964,末小末,29964,清影,34964,短毛,39964,蒙面,44964,酷派,49964,龙虎榜
4965,偷泪,9965,周四,14965,家庭,19965,懵懂,24965,末尾,29965,清徐,34965,短炮,39965,蒙餐,44965,酷游,49965,龙虾
4966,偷渡,9966,周国屏,14966,家庭主妇,19966,懿品,24966,末年,29966,清心,34966,短片,39966,蒙骗,44966,酷炫,49966,龙虾肉
4967,偷盗,9967,周夏,14967,家庭医生,19967,戈友,24967,末日,29967,清扬,34967,短短,39967,蒜头,44967,酷爱,49967,龙行
4968,偷看,9968,周大福,14968,家庭幸福,19968,戈壁,24968,末日审判,29968,清新,34968,短短的,39968,蒜泥,44968,酷狗,49968,龙袍
4969,偷着乐,9969,周天,14969,家庭影院,19969,戈多,24969,末日来临,29969,清新自然,34969,短篇,39969,蒜片,44969,酷王,49969,龙视
4970,偷窃,9970,周子,14970,家庭成员,19970,戈尔,24970,末班车,29970,清早,34970,短腿,39970,蒜瓣,44970,酷网,49970,龙辉
4971,偷窥,9971,周家,14971,家庭教育,19971,戏份,24971,本为,29971,清明,34971,短袖,39971,蒜苗,44971,酷衰,49971,龙道
4972,偷笑,9972,周小四,14972,家庭旅馆,19972,戏剧,24972,本书,29972,清明上河图,34972,短裙,39972,蒜蓉,44972,酷要,49972,龙门
4973,偷蜜,9973,周小四吾酷,14973,家庭暴力,19973,戏剧节,24973,本事,29973,清明节,34973,短裤,39973,蒲克,44973,酷讯,49973,龙阳路
4974,偷袭,9974,周小尖,14974,家庭聚会,19974,戏坊,24974,本儿,29974,清晨,34974,短路,39974,蒲公英,44974,酷赞,49974,龙韵
4975,偷走,9975,周岁,14975,家开,19975,戏子,24975,本分,29975,清晰,34975,短途,39975,蒲正波,44975,酷超,49975,龙飞
4976,偷车,9976,周年,14976,家当,19976,戏弄,24976,本初子午线,29976,清朝,34976,短靴,39976,蒲甘,44976,酷车,49976,龙马
4977,偿命,9977,周庄,14977,家政,19977,戏曲,24977,本剧,29977,清水,34977,矮人,39977,蒸发,44977,酷迪,49977,龙马精神
4978,傀儡,9978,周思超,14978,家教,19978,戏水,24978,本博,29978,清江,34978,矮子,39978,蒸汽,44978,酷酷,49978,龙龙
4979,傅宇权,9979,周总,14979,家族,19979,戏称,24979,本名,29979,清汤,34979,矮子乐,39979,蒸汽机,44979,酷龙,49979,龙龙龙
4980,傅昶瑞,9980,周总理,14980,家有,19980,成不了,24980,本周,29980,清河,34980,矮油,39980,蒸煮,44980,酸味,49980,龚一洋
4981,傅晶,9981,周恩来,14981,家村,19981,成个,24981,本命,29981,清泉,34981,矮矮,39981,蒸熟,44981,酸奶,49981,龚也长
4982,傅玉辉,9982,周报,14982,家来,19982,成书,24982,本命年,29982,清泉石,34982,矮马,39982,蒸着,44982,酸度,49982,龚伟杰
4983,傅盛,9983,周敏,14983,家母,19983,成交,24983,本国,29983,清波,34983,石下,39983,蒸笼,44983,酸梅,49983,龚哥
4984,傅继英,9984,周斌,14984,家泪,19984,成人,24984,本土,29984,清泪,34984,石丰,39984,蒸蒸日上,44984,酸梅汤,49984,龚善斌
4985,傅英庆,9985,周旋,14985,家滴,19985,成仁,24985,本地人,29985,清洁,34985,石侯,39985,蒸蛋,44985,酸楚,49985,龚宁
4986,傍晚,9986,周日,14986,家猫,19986,成仙,24986,本地化,29986,清洁工,34986,石刻,39986,蒸饺,44986,酸泪,49986,龚文祥
4987,储备,9987,周星,14987,家用,19987,成份,24987,本场,29987,清洗,34987,石化,39987,蒸鱼,44987,酸溜溜,49987,龚明娟
4988,储存,9988,周星星,14988,家电,19988,成像,24988,本子,29988,清流,34988,石嘴山,39988,蓄势待发,44988,酸甜,49988,龚晓明
4989,催人泪下,9989,周星驰,14989,家禽,19989,成全,24989,本季,29989,清淡,34989,石园,39989,蓄意,44989,酸甜苦辣,49989,龚晓跃
4990,催人老,9990,周春芽,14990,家装,19990,成分,24990,本宫,29990,清清,34990,石城,39990,蓄水,44990,酸疼,49990,龚浩川
4991,催促,9991,周晓英淼淼,14991,家里,19991,成功,24991,本家,29991,清清爽爽,34991,石头,39991,蓄须,44991,酸痛,49991,龚虹嘉
4992,催地,9992,周期,14992,家里人,19992,成功人士,24992,本尊,29992,清清的,34992,石头砸,39992,蓉蓉,44992,酸笋,49992,龚颖
4993,催泪,9993,周期表,14993,家长,19993,成功率,24993,本尼,29993,清源,34993,石嫣,39993,蓓尔,44993,酸菜,49993,龟儿
4994,催泪弹,9994,周末,14994,家长会,19994,成南,24994,本届,29994,清源山,34994,石家,39994,蓓蕾,44994,酸菜鱼,49994,龟儿子
4995,催生,9995,周末好,14995,家门,19995,成双成对,24995,本山,29995,清溪,34995,石家庄,39995,蓝伍,44995,酸辣,49995,龟兹
4996,催眠,9996,周杰,14996,家门口,19996,成名,24996,本市,29996,清滢滢,34996,石小杰,39996,蓝伟光,44996,酸辣汤,49996,龟缩
4997,催衰,9997,周杰伦,14997,家驹,19997,成员,24997,本帖,29997,清澈,34997,石小满,39997,蓝光,44997,酸辣粉,49997,龟苓膏
4998,傲娇,9998,周泽,14998,容不下,19998,成品,24998,本帮,29998,清澈见底,34998,石山,39998,蓝凤凰,44998,酸酸,49998,龟速
4999,傲慢,9999,周洽,14999,容器,19999,成团,24999,本帮菜,29999,清炒,34999,石川,39999,蓝天,44999,酸酸甜甜,49999,龟龟
